Copyright 1986-2022 Xilinx, Inc. All Rights Reserved. Copyright 2022-2023 Advanced Micro Devices, Inc. All Rights Reserved.
--------------------------------------------------------------------------------------------------------------------------------------------------
| Tool Version      : Vivado v.2023.2 (win64) Build 4029153 Fri Oct 13 20:14:34 MDT 2023
| Date              : Sat Sep 12 00:18:02 2026
| Host              : dkeL running 64-bit major release  (build 9200)
| Command           : report_timing_summary -file ./design_evidence/timing_summary.rpt
| Design            : v3_release_wrapper
| Device            : xczu7ev-ffvc1156
| Speed File        : -2  PRODUCTION 1.30 05-15-2022
| Design State      : Routed
| Temperature Grade : E
--------------------------------------------------------------------------------------------------------------------------------------------------

Timing Summary Report

------------------------------------------------------------------------------------------------
| Timer Settings
| --------------
------------------------------------------------------------------------------------------------

  Enable Multi Corner Analysis               :  Yes
  Enable Pessimism Removal                   :  Yes
  Pessimism Removal Resolution               :  Nearest Common Node
  Enable Input Delay Default Clock           :  No
  Enable Preset / Clear Arcs                 :  No
  Disable Flight Delays                      :  No
  Ignore I/O Paths                           :  No
  Timing Early Launch at Borrowing Latches   :  No
  Borrow Time for Max Delay Exceptions       :  Yes
  Merge Timing Exceptions                    :  Yes
  Inter-SLR Compensation                     :  Conservative

  Corner  Analyze    Analyze
  Name    Max Paths  Min Paths
  ------  ---------  ---------
  Slow    Yes        Yes
  Fast    Yes        Yes


------------------------------------------------------------------------------------------------
| Report Methodology
| ------------------
------------------------------------------------------------------------------------------------

Rule     Severity  Description                                             Violations
-------  --------  ------------------------------------------------------  ----------
LUTAR-1  Warning   LUT drives async reset alert                            7
XDCC-7   Warning   Scoped Clock constraint overwritten on the same source  1
XDCH-2   Warning   Same min and max delay values on IO port                2
CLKC-56  Advisory  MMCME4 with global clock driver has no LOC              1

Note: This report is based on the most recent report_methodology run and may not be up-to-date. Run report_methodology on the current design for the latest report.



check_timing report

Table of Contents
-----------------
1. checking no_clock (0)
2. checking constant_clock (0)
3. checking pulse_width_clock (0)
4. checking unconstrained_internal_endpoints (0)
5. checking no_input_delay (0)
6. checking no_output_delay (0)
7. checking multiple_clock (0)
8. checking generated_clocks (0)
9. checking loops (0)
10. checking partial_input_delay (0)
11. checking partial_output_delay (0)
12. checking latch_loops (0)

1. checking no_clock (0)
------------------------
 There are 0 register/latch pins with no clock.


2. checking constant_clock (0)
------------------------------
 There are 0 register/latch pins with constant_clock.


3. checking pulse_width_clock (0)
---------------------------------
 There are 0 register/latch pins which need pulse_width check


4. checking unconstrained_internal_endpoints (0)
------------------------------------------------
 There are 0 pins that are not constrained for maximum delay.

 There are 0 pins that are not constrained for maximum delay due to constant clock.


5. checking no_input_delay (0)
------------------------------
 There are 0 input ports with no input delay specified.

 There are 0 input ports with no input delay but user has a false path constraint.


6. checking no_output_delay (0)
-------------------------------
 There are 0 ports with no output delay specified.

 There are 0 ports with no output delay but user has a false path constraint

 There are 0 ports with no output delay but with a timing clock defined on it or propagating through it


7. checking multiple_clock (0)
------------------------------
 There are 0 register/latch pins with multiple clocks.


8. checking generated_clocks (0)
--------------------------------
 There are 0 generated clocks that are not connected to a clock source.


9. checking loops (0)
---------------------
 There are 0 combinational loops in the design.


10. checking partial_input_delay (0)
------------------------------------
 There are 0 input ports with partial input delay specified.


11. checking partial_output_delay (0)
-------------------------------------
 There are 0 ports with partial output delay specified.


12. checking latch_loops (0)
----------------------------
 There are 0 combinational latch loops in the design through latch input



------------------------------------------------------------------------------------------------
| Design Timing Summary
| ---------------------
------------------------------------------------------------------------------------------------

    WNS(ns)      TNS(ns)  TNS Failing Endpoints  TNS Total Endpoints      WHS(ns)      THS(ns)  THS Failing Endpoints  THS Total Endpoints     WPWS(ns)     TPWS(ns)  TPWS Failing Endpoints  TPWS Total Endpoints
    -------      -------  ---------------------  -------------------      -------      -------  ---------------------  -------------------     --------     --------  ----------------------  --------------------
      0.003        0.000                      0               117805        0.010        0.000                      0               117771        0.384        0.000                       0                 53532


All user specified timing constraints are met.


------------------------------------------------------------------------------------------------
| Clock Summary
| -------------
------------------------------------------------------------------------------------------------

Clock                                                                                                Waveform(ns)           Period(ns)      Frequency(MHz)
-----                                                                                                ------------           ----------      --------------
clk_pl_0                                                                                             {0.000 5.000}          10.000          100.000
  data_clk_v3_release_clk_wiz_0_0                                                                    {0.000 2.000}          4.000           250.000
dbg_hub/inst/BSCANID.u_xsdbm_id/SWITCH_N_EXT_BSCAN.bscan_inst/SERIES7_BSCAN.bscan_inst/INTERNAL_TCK  {0.000 25.000}         50.000          20.000
sfp_mgt_refclk                                                                                       {0.000 3.200}          6.400           156.250
  qpll0outclk_out[0]                                                                                 {0.000 0.097}          0.194           5156.250
    gtwiz_userclk_rx_srcclk_out[0]                                                                   {0.000 1.552}          3.103           322.266
      clk                                                                                            {0.000 3.103}          6.206           161.133
    gtwiz_userclk_rx_srcclk_out[0]_1                                                                 {0.000 1.552}          3.103           322.266
      gt.gt_inst_n_6                                                                                 {0.000 3.103}          6.206           161.133
    gtwiz_userclk_tx_srcclk_out[0]                                                                   {0.000 1.552}          3.103           322.266
      gt.gt_inst_n_5                                                                                 {0.000 3.103}          6.206           161.133
    gtwiz_userclk_tx_srcclk_out[0]_1                                                                 {0.000 1.552}          3.103           322.266
      gt.gt_inst_n_5_1                                                                               {0.000 3.103}          6.206           161.133
    rxoutclkpcs_out[0]                                                                               {0.000 1.552}          3.103           322.266
    rxoutclkpcs_out[0]_1                                                                             {0.000 1.552}          3.103           322.266
  qpll0outrefclk_out[0]                                                                              {0.000 3.200}          6.400           156.250
  qpll1outclk_out[0]                                                                                 {0.000 0.097}          0.194           5156.250
  qpll1outrefclk_out[0]                                                                              {0.000 3.200}          6.400           156.250
taxi_ctrl_refclk                                                                                     {0.000 4.000}          8.000           125.000
  clk_out1_v3_release_taxi_ctrl_clk_wiz_0_0_1                                                        {0.000 4.000}          8.000           125.000


------------------------------------------------------------------------------------------------
| Intra Clock Table
| -----------------
------------------------------------------------------------------------------------------------

Clock                                                                                                    WNS(ns)      TNS(ns)  TNS Failing Endpoints  TNS Total Endpoints      WHS(ns)      THS(ns)  THS Failing Endpoints  THS Total Endpoints     WPWS(ns)     TPWS(ns)  TPWS Failing Endpoints  TPWS Total Endpoints
-----                                                                                                    -------      -------  ---------------------  -------------------      -------      -------  ---------------------  -------------------     --------     --------  ----------------------  --------------------
clk_pl_0                                                                                                                                                                                                                                               2.000        0.000                       0                     1
  data_clk_v3_release_clk_wiz_0_0                                                                          0.003        0.000                      0               102171        0.010        0.000                      0               102171        0.500        0.000                       0                 46075
dbg_hub/inst/BSCANID.u_xsdbm_id/SWITCH_N_EXT_BSCAN.bscan_inst/SERIES7_BSCAN.bscan_inst/INTERNAL_TCK       13.383        0.000                      0                  992        0.014        0.000                      0                  992       24.468        0.000                       0                   479
sfp_mgt_refclk                                                                                             6.017        0.000                      0                    3        0.071        0.000                      0                    3        2.925        0.000                       0                     5
    gtwiz_userclk_rx_srcclk_out[0]                                                                                                                                                                                                                     0.384        0.000                       0                     3
      clk                                                                                                  0.376        0.000                      0                12317        0.011        0.000                      0                12317        0.520        0.000                       0                  5629
    gtwiz_userclk_rx_srcclk_out[0]_1                                                                                                                                                                                                                   0.494        0.000                       0                     3
      gt.gt_inst_n_6                                                                                       4.015        0.000                      0                  517        0.028        0.000                      0                  517        0.639        0.000                       0                   338
    gtwiz_userclk_tx_srcclk_out[0]                                                                                                                                                                                                                     0.385        0.000                       0                     3
      gt.gt_inst_n_5                                                                                       4.257        0.000                      0                  612        0.012        0.000                      0                  612        0.634        0.000                       0                   380
    gtwiz_userclk_tx_srcclk_out[0]_1                                                                                                                                                                                                                   0.470        0.000                       0                     3
      gt.gt_inst_n_5_1                                                                                     4.162        0.000                      0                  612        0.020        0.000                      0                  612        0.656        0.000                       0                   380
    rxoutclkpcs_out[0]                                                                                     2.231        0.000                      0                   34        0.034        0.000                      0                   34        1.277        0.000                       0                    15
    rxoutclkpcs_out[0]_1                                                                                   2.185        0.000                      0                   34        0.018        0.000                      0                   34        1.277        0.000                       0                    15
taxi_ctrl_refclk                                                                                                                                                                                                                                       1.600        0.000                       0                     1
  clk_out1_v3_release_taxi_ctrl_clk_wiz_0_0_1                                                              6.294        0.000                      0                  272        0.037        0.000                      0                  272        2.200        0.000                       0                   202


------------------------------------------------------------------------------------------------
| Inter Clock Table
| -----------------
------------------------------------------------------------------------------------------------

From Clock                                                                                           To Clock                                                                                                 WNS(ns)      TNS(ns)  TNS Failing Endpoints  TNS Total Endpoints      WHS(ns)      THS(ns)  THS Failing Endpoints  THS Total Endpoints
----------                                                                                           --------                                                                                                 -------      -------  ---------------------  -------------------      -------      -------  ---------------------  -------------------
clk                                                                                                  data_clk_v3_release_clk_wiz_0_0                                                                            5.163        0.000                      0                  226
clk                                                                                                  dbg_hub/inst/BSCANID.u_xsdbm_id/SWITCH_N_EXT_BSCAN.bscan_inst/SERIES7_BSCAN.bscan_inst/INTERNAL_TCK        5.684        0.000                      0                    8
data_clk_v3_release_clk_wiz_0_0                                                                      clk                                                                                                        2.511        0.000                      0                   82
dbg_hub/inst/BSCANID.u_xsdbm_id/SWITCH_N_EXT_BSCAN.bscan_inst/SERIES7_BSCAN.bscan_inst/INTERNAL_TCK  clk                                                                                                       49.341        0.000                      0                    8


------------------------------------------------------------------------------------------------
| Other Path Groups Table
| -----------------------
------------------------------------------------------------------------------------------------

Path Group                                                                                           From Clock                                                                                           To Clock                                                                                                 WNS(ns)      TNS(ns)  TNS Failing Endpoints  TNS Total Endpoints      WHS(ns)      THS(ns)  THS Failing Endpoints  THS Total Endpoints
----------                                                                                           ----------                                                                                           --------                                                                                                 -------      -------  ---------------------  -------------------      -------      -------  ---------------------  -------------------
**async_default**                                                                                    clk                                                                                                  clk                                                                                                        4.903        0.000                      0                  106        0.078        0.000                      0                  106
**async_default**                                                                                    dbg_hub/inst/BSCANID.u_xsdbm_id/SWITCH_N_EXT_BSCAN.bscan_inst/SERIES7_BSCAN.bscan_inst/INTERNAL_TCK  dbg_hub/inst/BSCANID.u_xsdbm_id/SWITCH_N_EXT_BSCAN.bscan_inst/SERIES7_BSCAN.bscan_inst/INTERNAL_TCK       46.909        0.000                      0                  100        0.110        0.000                      0                  100
**async_default**                                                                                    gt.gt_inst_n_6                                                                                       gt.gt_inst_n_6                                                                                             5.689        0.000                      0                    1        0.112        0.000                      0                    1


------------------------------------------------------------------------------------------------
| Timing Details
| --------------
------------------------------------------------------------------------------------------------


---------------------------------------------------------------------------------------------------
From Clock:  clk_pl_0
  To Clock:  clk_pl_0

Setup :           NA  Failing Endpoints,  Worst Slack           NA  ,  Total Violation           NA
Hold  :           NA  Failing Endpoints,  Worst Slack           NA  ,  Total Violation           NA
PW    :            0  Failing Endpoints,  Worst Slack        2.000ns,  Total Violation        0.000ns
---------------------------------------------------------------------------------------------------


Pulse Width Checks
--------------------------------------------------------------------------------------
Clock Name:         clk_pl_0
Waveform(ns):       { 0.000 5.000 }
Period(ns):         10.000
Sources:            { v3_release_i/zynq_ultra_ps_e_0/inst/PS8_i/PLCLK[0] }

Check Type        Corner  Lib Pin            Reference Pin  Required(ns)  Actual(ns)  Slack(ns)  Location   Pin
Min Period        n/a     MMCME4_ADV/CLKIN1  n/a            1.071         10.000      8.929      MMCM_X1Y0  v3_release_i/clk_wiz_0/inst/mmcme4_adv_inst/CLKIN1
Max Period        n/a     MMCME4_ADV/CLKIN1  n/a            100.000       10.000      90.000     MMCM_X1Y0  v3_release_i/clk_wiz_0/inst/mmcme4_adv_inst/CLKIN1
Low Pulse Width   Slow    MMCME4_ADV/CLKIN1  n/a            3.000         5.000       2.000      MMCM_X1Y0  v3_release_i/clk_wiz_0/inst/mmcme4_adv_inst/CLKIN1
High Pulse Width  Slow    MMCME4_ADV/CLKIN1  n/a            3.000         5.000       2.000      MMCM_X1Y0  v3_release_i/clk_wiz_0/inst/mmcme4_adv_inst/CLKIN1



---------------------------------------------------------------------------------------------------
From Clock:  data_clk_v3_release_clk_wiz_0_0
  To Clock:  data_clk_v3_release_clk_wiz_0_0

Setup :            0  Failing Endpoints,  Worst Slack        0.003ns,  Total Violation        0.000ns
Hold  :            0  Failing Endpoints,  Worst Slack        0.010ns,  Total Violation        0.000ns
PW    :            0  Failing Endpoints,  Worst Slack        0.500ns,  Total Violation        0.000ns
---------------------------------------------------------------------------------------------------


Max Delay Paths
--------------------------------------------------------------------------------------
Slack (MET) :             0.003ns  (required time - arrival time)
  Source:                 v3_release_i/order_book_top_0/inst/ob_stock0/shadow_bid_chunks/bram_reg/CLKARDCLK
                            (rising edge-triggered cell RAMB36E2 clocked by data_clk_v3_release_clk_wiz_0_0  {rise@0.000ns fall@2.000ns period=4.000ns})
  Destination:            v3_release_i/order_book_top_0/inst/ob_stock0/bid_price_book/uram_reg_uram_3/ADDR_A[1]
                            (rising edge-triggered cell URAM288 clocked by data_clk_v3_release_clk_wiz_0_0  {rise@0.000ns fall@2.000ns period=4.000ns})
  Path Group:             data_clk_v3_release_clk_wiz_0_0
  Path Type:              Setup (Max at Slow Process Corner)
  Requirement:            4.000ns  (data_clk_v3_release_clk_wiz_0_0 rise@4.000ns - data_clk_v3_release_clk_wiz_0_0 rise@0.000ns)
  Data Path Delay:        3.103ns  (logic 1.279ns (41.220%)  route 1.824ns (58.780%))
  Logic Levels:           5  (LUT5=1 LUT6=4)
  Clock Path Skew:        -0.319ns (DCD - SCD + CPR)
    Destination Clock Delay (DCD):    5.023ns = ( 9.023 - 4.000 )
    Source Clock Delay      (SCD):    4.976ns
    Clock Pessimism Removal (CPR):    -0.366ns
  Clock Uncertainty:      0.061ns  ((TSJ^2 + DJ^2)^1/2) / 2 + PE
    Total System Jitter     (TSJ):    0.071ns
    Discrete Jitter          (DJ):    0.098ns
    Phase Error              (PE):    0.000ns
  Clock Net Delay (Source):      2.632ns (routing 1.192ns, distribution 1.440ns)
  Clock Net Delay (Destination): 2.202ns (routing 1.085ns, distribution 1.117ns)

    Location             Delay type                Incr(ns)  Path(ns)    Netlist Resource(s)
  -------------------------------------------------------------------    -------------------
                         (clock data_clk_v3_release_clk_wiz_0_0 rise edge)
                                                      0.000     0.000 r
    PS8_X0Y0             PS8                          0.000     0.000 r  v3_release_i/zynq_ultra_ps_e_0/inst/PS8_i/PLCLK[0]
                         net (fo=1, routed)           0.180     0.180    v3_release_i/zynq_ultra_ps_e_0/inst/pl_clk_unbuffered[0]
    BUFG_PS_X0Y72        BUFG_PS (Prop_BUFG_PS_I_O)
                                                      0.028     0.208 r  v3_release_i/zynq_ultra_ps_e_0/inst/buffer_pl_clk_0.PL_CLK_0_BUFG/O
                         net (fo=1, routed)           1.990     2.198    v3_release_i/clk_wiz_0/inst/clk_in1
    MMCM_X1Y0            MMCME4_ADV (Prop_MMCM_CLKIN1_CLKOUT0)
                                                     -0.127     2.071 r  v3_release_i/clk_wiz_0/inst/mmcme4_adv_inst/CLKOUT0
                         net (fo=1, routed)           0.245     2.316    v3_release_i/clk_wiz_0/inst/data_clk_v3_release_clk_wiz_0_0
    BUFGCE_X1Y5          BUFGCE (Prop_BUFCE_BUFGCE_I_O)
                                                      0.028     2.344 r  v3_release_i/clk_wiz_0/inst/clkout1_buf/O
    X1Y3 (CLOCK_ROOT)    net (fo=46073, routed)       2.632     4.976    v3_release_i/order_book_top_0/inst/ob_stock0/shadow_bid_chunks/clk
    RAMB36_X2Y36         RAMB36E2                                     r  v3_release_i/order_book_top_0/inst/ob_stock0/shadow_bid_chunks/bram_reg/CLKARDCLK
  -------------------------------------------------------------------    -------------------
    RAMB36_X2Y36         RAMB36E2 (Prop_RAMB36E2_RAMB36_CLKARDCLK_DOUTADOUT[26])
                                                      0.840     5.816 r  v3_release_i/order_book_top_0/inst/ob_stock0/shadow_bid_chunks/bram_reg/DOUTADOUT[26]
                         net (fo=6, routed)           0.391     6.207    v3_release_i/order_book_top_0/inst/ob_stock0/shadow_bid_chunks/current_bid_chunk[26]
    SLICE_X69Y184        LUT5 (Prop_B6LUT_SLICEL_I0_O)
                                                      0.051     6.258 f  v3_release_i/order_book_top_0/inst/ob_stock0/shadow_bid_chunks/uram_reg_uram_0_i_116/O
                         net (fo=1, routed)           0.191     6.449    v3_release_i/order_book_top_0/inst/ob_stock0/shadow_bid_chunks/uram_reg_uram_0_i_116_n_0
    SLICE_X70Y185        LUT6 (Prop_F6LUT_SLICEM_I0_O)
                                                      0.123     6.572 r  v3_release_i/order_book_top_0/inst/ob_stock0/shadow_bid_chunks/uram_reg_uram_0_i_109/O
                         net (fo=1, routed)           0.100     6.672    v3_release_i/order_book_top_0/inst/ob_stock0/shadow_bid_chunks/uram_reg_uram_0_i_109_n_0
    SLICE_X70Y187        LUT6 (Prop_A6LUT_SLICEM_I5_O)
                                                      0.125     6.797 r  v3_release_i/order_book_top_0/inst/ob_stock0/shadow_bid_chunks/uram_reg_uram_0_i_95/O
                         net (fo=3, routed)           0.150     6.947    v3_release_i/order_book_top_0/inst/ob_stock0/shadow_bid_chunks/bram_reg_1
    SLICE_X69Y186        LUT6 (Prop_B6LUT_SLICEL_I5_O)
                                                      0.090     7.037 r  v3_release_i/order_book_top_0/inst/ob_stock0/shadow_bid_chunks/uram_reg_uram_0_i_71/O
                         net (fo=2, routed)           0.543     7.580    v3_release_i/order_book_top_0/inst/ob_stock0/shadow_bid_chunks/uram_reg_uram_0_i_71_n_0
    SLICE_X65Y185        LUT6 (Prop_D6LUT_SLICEL_I1_O)
                                                      0.050     7.630 r  v3_release_i/order_book_top_0/inst/ob_stock0/shadow_bid_chunks/uram_reg_uram_0_i_13/O
                         net (fo=4, routed)           0.449     8.079    v3_release_i/order_book_top_0/inst/ob_stock0/bid_price_book/ADDR_A[1]
    URAM288_X0Y47        URAM288                                      r  v3_release_i/order_book_top_0/inst/ob_stock0/bid_price_book/uram_reg_uram_3/ADDR_A[1]
  -------------------------------------------------------------------    -------------------

                         (clock data_clk_v3_release_clk_wiz_0_0 rise edge)
                                                      4.000     4.000 r
    PS8_X0Y0             PS8                          0.000     4.000 r  v3_release_i/zynq_ultra_ps_e_0/inst/PS8_i/PLCLK[0]
                         net (fo=1, routed)           0.143     4.143    v3_release_i/zynq_ultra_ps_e_0/inst/pl_clk_unbuffered[0]
    BUFG_PS_X0Y72        BUFG_PS (Prop_BUFG_PS_I_O)
                                                      0.025     4.168 r  v3_release_i/zynq_ultra_ps_e_0/inst/buffer_pl_clk_0.PL_CLK_0_BUFG/O
                         net (fo=1, routed)           1.783     5.951    v3_release_i/clk_wiz_0/inst/clk_in1
    MMCM_X1Y0            MMCME4_ADV (Prop_MMCM_CLKIN1_CLKOUT0)
                                                      0.630     6.581 r  v3_release_i/clk_wiz_0/inst/mmcme4_adv_inst/CLKOUT0
                         net (fo=1, routed)           0.216     6.797    v3_release_i/clk_wiz_0/inst/data_clk_v3_release_clk_wiz_0_0
    BUFGCE_X1Y5          BUFGCE (Prop_BUFCE_BUFGCE_I_O)
                                                      0.024     6.821 r  v3_release_i/clk_wiz_0/inst/clkout1_buf/O
    X1Y3 (CLOCK_ROOT)    net (fo=46073, routed)       2.202     9.023    v3_release_i/order_book_top_0/inst/ob_stock0/bid_price_book/clk
    URAM288_X0Y47        URAM288                                      r  v3_release_i/order_book_top_0/inst/ob_stock0/bid_price_book/uram_reg_uram_3/CLK
                         clock pessimism             -0.366     8.657
                         clock uncertainty           -0.061     8.596
    URAM288_X0Y47        URAM288 (Setup_URAM_288K_INST_URAM288_CLK_ADDR_A[1])
                                                     -0.515     8.081    v3_release_i/order_book_top_0/inst/ob_stock0/bid_price_book/uram_reg_uram_3
  -------------------------------------------------------------------
                         required time                          8.081
                         arrival time                          -8.079
  -------------------------------------------------------------------
                         slack                                  0.003





Min Delay Paths
--------------------------------------------------------------------------------------
Slack (MET) :             0.010ns  (arrival time - required time)
  Source:                 v3_release_i/axi_gpio_price1/U0/gpio_core_1/Not_Dual.gpio_Data_Out_reg[18]/C
                            (rising edge-triggered cell FDRE clocked by data_clk_v3_release_clk_wiz_0_0  {rise@0.000ns fall@2.000ns period=4.000ns})
  Destination:            v3_release_i/axi_gpio_price1/U0/gpio_core_1/Not_Dual.ALLOUT_ND.READ_REG_GEN[18].reg1_reg[18]/D
                            (rising edge-triggered cell FDRE clocked by data_clk_v3_release_clk_wiz_0_0  {rise@0.000ns fall@2.000ns period=4.000ns})
  Path Group:             data_clk_v3_release_clk_wiz_0_0
  Path Type:              Hold (Min at Slow Process Corner)
  Requirement:            0.000ns  (data_clk_v3_release_clk_wiz_0_0 rise@0.000ns - data_clk_v3_release_clk_wiz_0_0 rise@0.000ns)
  Data Path Delay:        0.169ns  (logic 0.061ns (36.009%)  route 0.108ns (63.991%))
  Logic Levels:           0
  Clock Path Skew:        0.097ns (DCD - SCD - CPR)
    Destination Clock Delay (DCD):    4.797ns
    Source Clock Delay      (SCD):    5.005ns
    Clock Pessimism Removal (CPR):    -0.305ns
  Clock Net Delay (Source):      2.184ns (routing 1.085ns, distribution 1.099ns)
  Clock Net Delay (Destination): 2.453ns (routing 1.192ns, distribution 1.261ns)

    Location             Delay type                Incr(ns)  Path(ns)    Netlist Resource(s)
  -------------------------------------------------------------------    -------------------
                         (clock data_clk_v3_release_clk_wiz_0_0 rise edge)
                                                      0.000     0.000 r
    PS8_X0Y0             PS8                          0.000     0.000 r  v3_release_i/zynq_ultra_ps_e_0/inst/PS8_i/PLCLK[0]
                         net (fo=1, routed)           0.143     0.143    v3_release_i/zynq_ultra_ps_e_0/inst/pl_clk_unbuffered[0]
    BUFG_PS_X0Y72        BUFG_PS (Prop_BUFG_PS_I_O)
                                                      0.025     0.168 r  v3_release_i/zynq_ultra_ps_e_0/inst/buffer_pl_clk_0.PL_CLK_0_BUFG/O
                         net (fo=1, routed)           1.783     1.951    v3_release_i/clk_wiz_0/inst/clk_in1
    MMCM_X1Y0            MMCME4_ADV (Prop_MMCM_CLKIN1_CLKOUT0)
                                                      0.630     2.581 r  v3_release_i/clk_wiz_0/inst/mmcme4_adv_inst/CLKOUT0
                         net (fo=1, routed)           0.216     2.797    v3_release_i/clk_wiz_0/inst/data_clk_v3_release_clk_wiz_0_0
    BUFGCE_X1Y5          BUFGCE (Prop_BUFCE_BUFGCE_I_O)
                                                      0.024     2.821 r  v3_release_i/clk_wiz_0/inst/clkout1_buf/O
    X1Y3 (CLOCK_ROOT)    net (fo=46073, routed)       2.184     5.005    v3_release_i/axi_gpio_price1/U0/gpio_core_1/s_axi_aclk
    SLICE_X59Y245        FDRE                                         r  v3_release_i/axi_gpio_price1/U0/gpio_core_1/Not_Dual.gpio_Data_Out_reg[18]/C
  -------------------------------------------------------------------    -------------------
    SLICE_X59Y245        FDRE (Prop_DFF2_SLICEL_C_Q)
                                                      0.061     5.066 r  v3_release_i/axi_gpio_price1/U0/gpio_core_1/Not_Dual.gpio_Data_Out_reg[18]/Q
                         net (fo=3, routed)           0.108     5.174    v3_release_i/axi_gpio_price1/U0/gpio_core_1/gpio_io_o[13]
    SLICE_X58Y244        FDRE                                         r  v3_release_i/axi_gpio_price1/U0/gpio_core_1/Not_Dual.ALLOUT_ND.READ_REG_GEN[18].reg1_reg[18]/D
  -------------------------------------------------------------------    -------------------

                         (clock data_clk_v3_release_clk_wiz_0_0 rise edge)
                                                      0.000     0.000 r
    PS8_X0Y0             PS8                          0.000     0.000 r  v3_release_i/zynq_ultra_ps_e_0/inst/PS8_i/PLCLK[0]
                         net (fo=1, routed)           0.180     0.180    v3_release_i/zynq_ultra_ps_e_0/inst/pl_clk_unbuffered[0]
    BUFG_PS_X0Y72        BUFG_PS (Prop_BUFG_PS_I_O)
                                                      0.028     0.208 r  v3_release_i/zynq_ultra_ps_e_0/inst/buffer_pl_clk_0.PL_CLK_0_BUFG/O
                         net (fo=1, routed)           1.990     2.198    v3_release_i/clk_wiz_0/inst/clk_in1
    MMCM_X1Y0            MMCME4_ADV (Prop_MMCM_CLKIN1_CLKOUT0)
                                                     -0.127     2.071 r  v3_release_i/clk_wiz_0/inst/mmcme4_adv_inst/CLKOUT0
                         net (fo=1, routed)           0.245     2.316    v3_release_i/clk_wiz_0/inst/data_clk_v3_release_clk_wiz_0_0
    BUFGCE_X1Y5          BUFGCE (Prop_BUFCE_BUFGCE_I_O)
                                                      0.028     2.344 r  v3_release_i/clk_wiz_0/inst/clkout1_buf/O
    X1Y3 (CLOCK_ROOT)    net (fo=46073, routed)       2.453     4.797    v3_release_i/axi_gpio_price1/U0/gpio_core_1/s_axi_aclk
    SLICE_X58Y244        FDRE                                         r  v3_release_i/axi_gpio_price1/U0/gpio_core_1/Not_Dual.ALLOUT_ND.READ_REG_GEN[18].reg1_reg[18]/C
                         clock pessimism              0.305     5.102
    SLICE_X58Y244        FDRE (Hold_EFF2_SLICEL_C_D)
                                                      0.062     5.164    v3_release_i/axi_gpio_price1/U0/gpio_core_1/Not_Dual.ALLOUT_ND.READ_REG_GEN[18].reg1_reg[18]
  -------------------------------------------------------------------
                         required time                         -5.164
                         arrival time                           5.174
  -------------------------------------------------------------------
                         slack                                  0.010





Pulse Width Checks
--------------------------------------------------------------------------------------
Clock Name:         data_clk_v3_release_clk_wiz_0_0
Waveform(ns):       { 0.000 2.000 }
Period(ns):         4.000
Sources:            { v3_release_i/clk_wiz_0/inst/mmcme4_adv_inst/CLKOUT0 }

Check Type        Corner  Lib Pin          Reference Pin  Required(ns)  Actual(ns)  Slack(ns)  Location  Pin
Min Period        n/a     PS8/MAXIGP2ACLK  n/a            3.000         4.000       1.000      PS8_X0Y0  v3_release_i/zynq_ultra_ps_e_0/inst/PS8_i/MAXIGP2ACLK
Low Pulse Width   Slow    PS8/MAXIGP2ACLK  n/a            1.500         2.000       0.500      PS8_X0Y0  v3_release_i/zynq_ultra_ps_e_0/inst/PS8_i/MAXIGP2ACLK
High Pulse Width  Slow    PS8/MAXIGP2ACLK  n/a            1.500         2.000       0.500      PS8_X0Y0  v3_release_i/zynq_ultra_ps_e_0/inst/PS8_i/MAXIGP2ACLK



---------------------------------------------------------------------------------------------------
From Clock:  dbg_hub/inst/BSCANID.u_xsdbm_id/SWITCH_N_EXT_BSCAN.bscan_inst/SERIES7_BSCAN.bscan_inst/INTERNAL_TCK
  To Clock:  dbg_hub/inst/BSCANID.u_xsdbm_id/SWITCH_N_EXT_BSCAN.bscan_inst/SERIES7_BSCAN.bscan_inst/INTERNAL_TCK

Setup :            0  Failing Endpoints,  Worst Slack       13.383ns,  Total Violation        0.000ns
Hold  :            0  Failing Endpoints,  Worst Slack        0.014ns,  Total Violation        0.000ns
PW    :            0  Failing Endpoints,  Worst Slack       24.468ns,  Total Violation        0.000ns
---------------------------------------------------------------------------------------------------


Max Delay Paths
--------------------------------------------------------------------------------------
Slack (MET) :             13.383ns  (required time - arrival time)
  Source:                 dbg_hub/inst/BSCANID.u_xsdbm_id/CORE_XSDB.U_ICON/iTDO_reg/C
                            (rising edge-triggered cell FDRE clocked by dbg_hub/inst/BSCANID.u_xsdbm_id/SWITCH_N_EXT_BSCAN.bscan_inst/SERIES7_BSCAN.bscan_inst/INTERNAL_TCK  {rise@0.000ns fall@25.000ns period=50.000ns})
  Destination:            dbg_hub/inst/BSCANID.u_xsdbm_id/SWITCH_N_EXT_BSCAN.bscan_inst/SERIES7_BSCAN.bscan_inst/TDO
                            (falling edge-triggered cell BSCANE2 clocked by dbg_hub/inst/BSCANID.u_xsdbm_id/SWITCH_N_EXT_BSCAN.bscan_inst/SERIES7_BSCAN.bscan_inst/INTERNAL_TCK  {rise@0.000ns fall@25.000ns period=50.000ns})
  Path Group:             dbg_hub/inst/BSCANID.u_xsdbm_id/SWITCH_N_EXT_BSCAN.bscan_inst/SERIES7_BSCAN.bscan_inst/INTERNAL_TCK
  Path Type:              Setup (Max at Slow Process Corner)
  Requirement:            25.000ns  (dbg_hub/inst/BSCANID.u_xsdbm_id/SWITCH_N_EXT_BSCAN.bscan_inst/SERIES7_BSCAN.bscan_inst/INTERNAL_TCK fall@25.000ns - dbg_hub/inst/BSCANID.u_xsdbm_id/SWITCH_N_EXT_BSCAN.bscan_inst/SERIES7_BSCAN.bscan_inst/INTERNAL_TCK rise@0.000ns)
  Data Path Delay:        2.872ns  (logic 0.320ns (11.141%)  route 2.552ns (88.859%))
  Logic Levels:           2  (LUT3=1 LUT6=1)
  Clock Path Skew:        -8.509ns (DCD - SCD + CPR)
    Destination Clock Delay (DCD):    0.000ns = ( 25.000 - 25.000 )
    Source Clock Delay      (SCD):    8.509ns
    Clock Pessimism Removal (CPR):    0.000ns
  Clock Uncertainty:      0.235ns  ((TSJ^2 + TIJ^2)^1/2 + DJ) / 2 + PE + DCD
    Total System Jitter     (TSJ):    0.071ns
    Total Input Jitter      (TIJ):    0.000ns
    Discrete Jitter          (DJ):    0.000ns
    Phase Error              (PE):    0.000ns
    Duty Cycle Distortion   (DCD):    0.200ns
  Clock Net Delay (Source):      2.232ns (routing 1.143ns, distribution 1.089ns)

    Location             Delay type                Incr(ns)  Path(ns)    Netlist Resource(s)
  -------------------------------------------------------------------    -------------------
                         (clock dbg_hub/inst/BSCANID.u_xsdbm_id/SWITCH_N_EXT_BSCAN.bscan_inst/SERIES7_BSCAN.bscan_inst/INTERNAL_TCK rise edge)
                                                      0.000     0.000 r
    CONFIG_SITE_X0Y0     BSCANE2                      0.000     0.000 r  dbg_hub/inst/BSCANID.u_xsdbm_id/SWITCH_N_EXT_BSCAN.bscan_inst/SERIES7_BSCAN.bscan_inst/INTERNAL_TCK
    CONFIG_SITE_X0Y0     BSCANE2 (Prop_BSCAN1_CONFIG_SITE_INTERNAL_TCK_TCK)
                                                      4.300     4.300 r  dbg_hub/inst/BSCANID.u_xsdbm_id/SWITCH_N_EXT_BSCAN.bscan_inst/SERIES7_BSCAN.bscan_inst/TCK
                         net (fo=1, routed)           1.949     6.249    dbg_hub/inst/BSCANID.u_xsdbm_id/tck_bs
    BUFGCE_X1Y8          BUFGCE (Prop_BUFCE_BUFGCE_I_O)
                                                      0.028     6.277 r  dbg_hub/inst/BSCANID.u_xsdbm_id/SWITCH_N_EXT_BSCAN.u_bufg_icon_tck/O
    X3Y3 (CLOCK_ROOT)    net (fo=478, routed)         2.232     8.509    dbg_hub/inst/BSCANID.u_xsdbm_id/CORE_XSDB.U_ICON/m_bscan_tck[0]
    SLICE_X105Y320       FDRE                                         r  dbg_hub/inst/BSCANID.u_xsdbm_id/CORE_XSDB.U_ICON/iTDO_reg/C
  -------------------------------------------------------------------    -------------------
    SLICE_X105Y320       FDRE (Prop_BFF_SLICEM_C_Q)
                                                      0.078     8.587 r  dbg_hub/inst/BSCANID.u_xsdbm_id/CORE_XSDB.U_ICON/iTDO_reg/Q
                         net (fo=1, routed)           1.589    10.176    dbg_hub/inst/BSCANID.u_xsdbm_id/TDO
    SLICE_X105Y136       LUT3 (Prop_H6LUT_SLICEM_I2_O)
                                                      0.152    10.328 r  dbg_hub/inst/BSCANID.u_xsdbm_id/SWITCH_N_EXT_BSCAN.bscan_switch_i_1/O
                         net (fo=2, routed)           0.170    10.498    dbg_hub/inst/BSCANID.u_xsdbm_id/SWITCH_N_EXT_BSCAN.bscan_switch/m_bscan_tdo[0]
    SLICE_X105Y130       LUT6 (Prop_H6LUT_SLICEM_I5_O)
                                                      0.090    10.588 r  dbg_hub/inst/BSCANID.u_xsdbm_id/SWITCH_N_EXT_BSCAN.bscan_switch/s_bscan_tdo_INST_0/O
                         net (fo=1, routed)           0.793    11.381    dbg_hub/inst/BSCANID.u_xsdbm_id/SWITCH_N_EXT_BSCAN.bscan_inst/TDO
    CONFIG_SITE_X0Y0     BSCANE2                                      r  dbg_hub/inst/BSCANID.u_xsdbm_id/SWITCH_N_EXT_BSCAN.bscan_inst/SERIES7_BSCAN.bscan_inst/TDO
  -------------------------------------------------------------------    -------------------

                         (clock dbg_hub/inst/BSCANID.u_xsdbm_id/SWITCH_N_EXT_BSCAN.bscan_inst/SERIES7_BSCAN.bscan_inst/INTERNAL_TCK fall edge)
                                                     25.000    25.000 f
    CONFIG_SITE_X0Y0     BSCANE2                      0.000    25.000 f  dbg_hub/inst/BSCANID.u_xsdbm_id/SWITCH_N_EXT_BSCAN.bscan_inst/SERIES7_BSCAN.bscan_inst/INTERNAL_TCK
                         clock pessimism              0.000    25.000
                         clock uncertainty           -0.235    24.765
    CONFIG_SITE_X0Y0     BSCANE2 (Setup_BSCAN1_CONFIG_SITE_INTERNAL_TCK_TDO)
                                                      0.000    24.765    dbg_hub/inst/BSCANID.u_xsdbm_id/SWITCH_N_EXT_BSCAN.bscan_inst/SERIES7_BSCAN.bscan_inst
  -------------------------------------------------------------------
                         required time                         24.765
                         arrival time                         -11.381
  -------------------------------------------------------------------
                         slack                                 13.383





Min Delay Paths
--------------------------------------------------------------------------------------
Slack (MET) :             0.014ns  (arrival time - required time)
  Source:                 dbg_hub/inst/BSCANID.u_xsdbm_id/CORE_XSDB.UUT_MASTER/U_ICON_INTERFACE/U_CMD6_WR/shift_reg_in_reg[1]/C
                            (rising edge-triggered cell FDCE clocked by dbg_hub/inst/BSCANID.u_xsdbm_id/SWITCH_N_EXT_BSCAN.bscan_inst/SERIES7_BSCAN.bscan_inst/INTERNAL_TCK  {rise@0.000ns fall@25.000ns period=50.000ns})
  Destination:            dbg_hub/inst/BSCANID.u_xsdbm_id/CORE_XSDB.UUT_MASTER/U_ICON_INTERFACE/U_CMD6_WR/U_WR_FIFO/SUBCORE_FIFO.xsdbm_v3_0_0_wrfifo_inst/inst_fifo_gen/gconvfifo.rf/grf.rf/gntv_or_sync_fifo.mem/gdm.dm_gen.dm/RAM_reg_0_15_0_13/RAMA/I
                            (rising edge-triggered cell RAMD32 clocked by dbg_hub/inst/BSCANID.u_xsdbm_id/SWITCH_N_EXT_BSCAN.bscan_inst/SERIES7_BSCAN.bscan_inst/INTERNAL_TCK  {rise@0.000ns fall@25.000ns period=50.000ns})
  Path Group:             dbg_hub/inst/BSCANID.u_xsdbm_id/SWITCH_N_EXT_BSCAN.bscan_inst/SERIES7_BSCAN.bscan_inst/INTERNAL_TCK
  Path Type:              Hold (Min at Slow Process Corner)
  Requirement:            0.000ns  (dbg_hub/inst/BSCANID.u_xsdbm_id/SWITCH_N_EXT_BSCAN.bscan_inst/SERIES7_BSCAN.bscan_inst/INTERNAL_TCK rise@0.000ns - dbg_hub/inst/BSCANID.u_xsdbm_id/SWITCH_N_EXT_BSCAN.bscan_inst/SERIES7_BSCAN.bscan_inst/INTERNAL_TCK rise@0.000ns)
  Data Path Delay:        0.230ns  (logic 0.060ns (26.133%)  route 0.170ns (73.867%))
  Logic Levels:           0
  Clock Path Skew:        0.141ns (DCD - SCD - CPR)
    Destination Clock Delay (DCD):    8.571ns
    Source Clock Delay      (SCD):    3.817ns
    Clock Pessimism Removal (CPR):    4.613ns
  Clock Net Delay (Source):      1.992ns (routing 1.038ns, distribution 0.954ns)
  Clock Net Delay (Destination): 2.294ns (routing 1.143ns, distribution 1.151ns)

    Location             Delay type                Incr(ns)  Path(ns)    Netlist Resource(s)
  -------------------------------------------------------------------    -------------------
                         (clock dbg_hub/inst/BSCANID.u_xsdbm_id/SWITCH_N_EXT_BSCAN.bscan_inst/SERIES7_BSCAN.bscan_inst/INTERNAL_TCK rise edge)
                                                      0.000     0.000 r
    CONFIG_SITE_X0Y0     BSCANE2                      0.000     0.000 r  dbg_hub/inst/BSCANID.u_xsdbm_id/SWITCH_N_EXT_BSCAN.bscan_inst/SERIES7_BSCAN.bscan_inst/INTERNAL_TCK
    CONFIG_SITE_X0Y0     BSCANE2 (Prop_BSCAN1_CONFIG_SITE_INTERNAL_TCK_TCK)
                                                      0.465     0.465 r  dbg_hub/inst/BSCANID.u_xsdbm_id/SWITCH_N_EXT_BSCAN.bscan_inst/SERIES7_BSCAN.bscan_inst/TCK
                         net (fo=1, routed)           1.336     1.801    dbg_hub/inst/BSCANID.u_xsdbm_id/tck_bs
    BUFGCE_X1Y8          BUFGCE (Prop_BUFCE_BUFGCE_I_O)
                                                      0.024     1.825 r  dbg_hub/inst/BSCANID.u_xsdbm_id/SWITCH_N_EXT_BSCAN.u_bufg_icon_tck/O
    X3Y3 (CLOCK_ROOT)    net (fo=478, routed)         1.992     3.817    dbg_hub/inst/BSCANID.u_xsdbm_id/CORE_XSDB.UUT_MASTER/U_ICON_INTERFACE/U_CMD6_WR/m_bscan_tck[0]
    SLICE_X108Y314       FDCE                                         r  dbg_hub/inst/BSCANID.u_xsdbm_id/CORE_XSDB.UUT_MASTER/U_ICON_INTERFACE/U_CMD6_WR/shift_reg_in_reg[1]/C
  -------------------------------------------------------------------    -------------------
    SLICE_X108Y314       FDCE (Prop_EFF2_SLICEL_C_Q)
                                                      0.060     3.877 r  dbg_hub/inst/BSCANID.u_xsdbm_id/CORE_XSDB.UUT_MASTER/U_ICON_INTERFACE/U_CMD6_WR/shift_reg_in_reg[1]/Q
                         net (fo=2, routed)           0.170     4.047    dbg_hub/inst/BSCANID.u_xsdbm_id/CORE_XSDB.UUT_MASTER/U_ICON_INTERFACE/U_CMD6_WR/U_WR_FIFO/SUBCORE_FIFO.xsdbm_v3_0_0_wrfifo_inst/inst_fifo_gen/gconvfifo.rf/grf.rf/gntv_or_sync_fifo.mem/gdm.dm_gen.dm/RAM_reg_0_15_0_13/DIA0
    SLICE_X109Y314       RAMD32                                       r  dbg_hub/inst/BSCANID.u_xsdbm_id/CORE_XSDB.UUT_MASTER/U_ICON_INTERFACE/U_CMD6_WR/U_WR_FIFO/SUBCORE_FIFO.xsdbm_v3_0_0_wrfifo_inst/inst_fifo_gen/gconvfifo.rf/grf.rf/gntv_or_sync_fifo.mem/gdm.dm_gen.dm/RAM_reg_0_15_0_13/RAMA/I
  -------------------------------------------------------------------    -------------------

                         (clock dbg_hub/inst/BSCANID.u_xsdbm_id/SWITCH_N_EXT_BSCAN.bscan_inst/SERIES7_BSCAN.bscan_inst/INTERNAL_TCK rise edge)
                                                      0.000     0.000 r
    CONFIG_SITE_X0Y0     BSCANE2                      0.000     0.000 r  dbg_hub/inst/BSCANID.u_xsdbm_id/SWITCH_N_EXT_BSCAN.bscan_inst/SERIES7_BSCAN.bscan_inst/INTERNAL_TCK
    CONFIG_SITE_X0Y0     BSCANE2 (Prop_BSCAN1_CONFIG_SITE_INTERNAL_TCK_TCK)
                                                      4.300     4.300 r  dbg_hub/inst/BSCANID.u_xsdbm_id/SWITCH_N_EXT_BSCAN.bscan_inst/SERIES7_BSCAN.bscan_inst/TCK
                         net (fo=1, routed)           1.949     6.249    dbg_hub/inst/BSCANID.u_xsdbm_id/tck_bs
    BUFGCE_X1Y8          BUFGCE (Prop_BUFCE_BUFGCE_I_O)
                                                      0.028     6.277 r  dbg_hub/inst/BSCANID.u_xsdbm_id/SWITCH_N_EXT_BSCAN.u_bufg_icon_tck/O
    X3Y3 (CLOCK_ROOT)    net (fo=478, routed)         2.294     8.571    dbg_hub/inst/BSCANID.u_xsdbm_id/CORE_XSDB.UUT_MASTER/U_ICON_INTERFACE/U_CMD6_WR/U_WR_FIFO/SUBCORE_FIFO.xsdbm_v3_0_0_wrfifo_inst/inst_fifo_gen/gconvfifo.rf/grf.rf/gntv_or_sync_fifo.mem/gdm.dm_gen.dm/RAM_reg_0_15_0_13/WCLK
    SLICE_X109Y314       RAMD32                                       r  dbg_hub/inst/BSCANID.u_xsdbm_id/CORE_XSDB.UUT_MASTER/U_ICON_INTERFACE/U_CMD6_WR/U_WR_FIFO/SUBCORE_FIFO.xsdbm_v3_0_0_wrfifo_inst/inst_fifo_gen/gconvfifo.rf/grf.rf/gntv_or_sync_fifo.mem/gdm.dm_gen.dm/RAM_reg_0_15_0_13/RAMA/CLK
                         clock pessimism             -4.613     3.958
    SLICE_X109Y314       RAMD32 (Hold_A5LUT_SLICEM_CLK_I)
                                                      0.075     4.033    dbg_hub/inst/BSCANID.u_xsdbm_id/CORE_XSDB.UUT_MASTER/U_ICON_INTERFACE/U_CMD6_WR/U_WR_FIFO/SUBCORE_FIFO.xsdbm_v3_0_0_wrfifo_inst/inst_fifo_gen/gconvfifo.rf/grf.rf/gntv_or_sync_fifo.mem/gdm.dm_gen.dm/RAM_reg_0_15_0_13/RAMA
  -------------------------------------------------------------------
                         required time                         -4.033
                         arrival time                           4.047
  -------------------------------------------------------------------
                         slack                                  0.014





Pulse Width Checks
--------------------------------------------------------------------------------------
Clock Name:         dbg_hub/inst/BSCANID.u_xsdbm_id/SWITCH_N_EXT_BSCAN.bscan_inst/SERIES7_BSCAN.bscan_inst/INTERNAL_TCK
Waveform(ns):       { 0.000 25.000 }
Period(ns):         50.000
Sources:            { dbg_hub/inst/BSCANID.u_xsdbm_id/SWITCH_N_EXT_BSCAN.bscan_inst/SERIES7_BSCAN.bscan_inst/INTERNAL_TCK }

Check Type        Corner  Lib Pin     Reference Pin  Required(ns)  Actual(ns)  Slack(ns)  Location        Pin
Min Period        n/a     BUFGCE/I    n/a            1.290         50.000      48.710     BUFGCE_X1Y8     dbg_hub/inst/BSCANID.u_xsdbm_id/SWITCH_N_EXT_BSCAN.u_bufg_icon_tck/I
Low Pulse Width   Slow    RAMD32/CLK  n/a            0.532         25.000      24.468     SLICE_X109Y314  dbg_hub/inst/BSCANID.u_xsdbm_id/CORE_XSDB.UUT_MASTER/U_ICON_INTERFACE/U_CMD6_WR/U_WR_FIFO/SUBCORE_FIFO.xsdbm_v3_0_0_wrfifo_inst/inst_fifo_gen/gconvfifo.rf/grf.rf/gntv_or_sync_fifo.mem/gdm.dm_gen.dm/RAM_reg_0_15_0_13/RAMA/CLK
High Pulse Width  Slow    RAMD32/CLK  n/a            0.532         25.000      24.468     SLICE_X109Y314  dbg_hub/inst/BSCANID.u_xsdbm_id/CORE_XSDB.UUT_MASTER/U_ICON_INTERFACE/U_CMD6_WR/U_WR_FIFO/SUBCORE_FIFO.xsdbm_v3_0_0_wrfifo_inst/inst_fifo_gen/gconvfifo.rf/grf.rf/gntv_or_sync_fifo.mem/gdm.dm_gen.dm/RAM_reg_0_15_0_13/RAMA/CLK



---------------------------------------------------------------------------------------------------
From Clock:  sfp_mgt_refclk
  To Clock:  sfp_mgt_refclk

Setup :            0  Failing Endpoints,  Worst Slack        6.017ns,  Total Violation        0.000ns
Hold  :            0  Failing Endpoints,  Worst Slack        0.071ns,  Total Violation        0.000ns
PW    :            0  Failing Endpoints,  Worst Slack        2.925ns,  Total Violation        0.000ns
---------------------------------------------------------------------------------------------------


Max Delay Paths
--------------------------------------------------------------------------------------
Slack (MET) :             6.017ns  (required time - arrival time)
  Source:                 v3_release_i/taxi_10gbe_frontend_0/inst/frontend_inst/sfp_sync_reset_inst/sync_reg_reg[1]/C
                            (rising edge-triggered cell FDPE clocked by sfp_mgt_refclk  {rise@0.000ns fall@3.200ns period=6.400ns})
  Destination:            v3_release_i/taxi_10gbe_frontend_0/inst/frontend_inst/sfp_sync_reset_inst/sync_reg_reg[2]/D
                            (rising edge-triggered cell FDPE clocked by sfp_mgt_refclk  {rise@0.000ns fall@3.200ns period=6.400ns})
  Path Group:             sfp_mgt_refclk
  Path Type:              Setup (Max at Slow Process Corner)
  Requirement:            6.400ns  (sfp_mgt_refclk rise@6.400ns - sfp_mgt_refclk rise@0.000ns)
  Data Path Delay:        0.364ns  (logic 0.080ns (21.978%)  route 0.284ns (78.022%))
  Logic Levels:           0
  Clock Path Skew:        -0.009ns (DCD - SCD + CPR)
    Destination Clock Delay (DCD):    0.792ns = ( 7.192 - 6.400 )
    Source Clock Delay      (SCD):    1.107ns
    Clock Pessimism Removal (CPR):    0.305ns
  Clock Uncertainty:      0.035ns  ((TSJ^2 + TIJ^2)^1/2 + DJ) / 2 + PE
    Total System Jitter     (TSJ):    0.071ns
    Total Input Jitter      (TIJ):    0.000ns
    Discrete Jitter          (DJ):    0.000ns
    Phase Error              (PE):    0.000ns
  Clock Net Delay (Source):      0.549ns (routing 0.002ns, distribution 0.547ns)
  Clock Net Delay (Destination): 0.472ns (routing 0.001ns, distribution 0.471ns)

    Location             Delay type                Incr(ns)  Path(ns)    Netlist Resource(s)
  -------------------------------------------------------------------    -------------------
                         (clock sfp_mgt_refclk rise edge)
                                                      0.000     0.000 r
    GTHE4_COMMON_X0Y3                                 0.000     0.000 r  sfp_mgt_refclk_p (IN)
                         net (fo=0)                   0.000     0.000    v3_release_i/taxi_10gbe_frontend_0/inst/frontend_inst/sfp_mgt_refclk_p
    GTHE4_COMMON_X0Y3    IBUFDS_GTE4 (Prop_IBUFDS1_GTHE4_GTHE4_COMMON_I_ODIV2)
                                                      0.315     0.315 r  v3_release_i/taxi_10gbe_frontend_0/inst/frontend_inst/ibufds_gte4_sfp_mgt_refclk_inst/ODIV2
                         net (fo=2, routed)           0.113     0.428    v3_release_i/taxi_10gbe_frontend_0/inst/frontend_inst/sfp_mgt_refclk_int
    BUFG_GT_X0Y83        BUFG_GT (Prop_BUFG_GT_I_O)
                                                      0.130     0.558 r  v3_release_i/taxi_10gbe_frontend_0/inst/frontend_inst/bufg_gt_sfp_mgt_refclk_inst/O
    X3Y3 (CLOCK_ROOT)    net (fo=4, routed)           0.549     1.107    v3_release_i/taxi_10gbe_frontend_0/inst/frontend_inst/sfp_sync_reset_inst/CLK
    SLICE_X105Y221       FDPE                                         r  v3_release_i/taxi_10gbe_frontend_0/inst/frontend_inst/sfp_sync_reset_inst/sync_reg_reg[1]/C
  -------------------------------------------------------------------    -------------------
    SLICE_X105Y221       FDPE (Prop_AFF2_SLICEM_C_Q)
                                                      0.080     1.187 r  v3_release_i/taxi_10gbe_frontend_0/inst/frontend_inst/sfp_sync_reset_inst/sync_reg_reg[1]/Q
                         net (fo=1, routed)           0.284     1.471    v3_release_i/taxi_10gbe_frontend_0/inst/frontend_inst/sfp_sync_reset_inst/sync_reg[1]
    SLICE_X105Y221       FDPE                                         r  v3_release_i/taxi_10gbe_frontend_0/inst/frontend_inst/sfp_sync_reset_inst/sync_reg_reg[2]/D
  -------------------------------------------------------------------    -------------------

                         (clock sfp_mgt_refclk rise edge)
                                                      6.400     6.400 r
    GTHE4_COMMON_X0Y3                                 0.000     6.400 r  sfp_mgt_refclk_p (IN)
                         net (fo=0)                   0.000     6.400    v3_release_i/taxi_10gbe_frontend_0/inst/frontend_inst/sfp_mgt_refclk_p
    GTHE4_COMMON_X0Y3    IBUFDS_GTE4 (Prop_IBUFDS1_GTHE4_GTHE4_COMMON_I_ODIV2)
                                                      0.107     6.507 r  v3_release_i/taxi_10gbe_frontend_0/inst/frontend_inst/ibufds_gte4_sfp_mgt_refclk_inst/ODIV2
                         net (fo=2, routed)           0.099     6.606    v3_release_i/taxi_10gbe_frontend_0/inst/frontend_inst/sfp_mgt_refclk_int
    BUFG_GT_X0Y83        BUFG_GT (Prop_BUFG_GT_I_O)
                                                      0.114     6.720 r  v3_release_i/taxi_10gbe_frontend_0/inst/frontend_inst/bufg_gt_sfp_mgt_refclk_inst/O
    X3Y3 (CLOCK_ROOT)    net (fo=4, routed)           0.472     7.192    v3_release_i/taxi_10gbe_frontend_0/inst/frontend_inst/sfp_sync_reset_inst/CLK
    SLICE_X105Y221       FDPE                                         r  v3_release_i/taxi_10gbe_frontend_0/inst/frontend_inst/sfp_sync_reset_inst/sync_reg_reg[2]/C
                         clock pessimism              0.305     7.498
                         clock uncertainty           -0.035     7.462
    SLICE_X105Y221       FDPE (Setup_BFF2_SLICEM_C_D)
                                                      0.025     7.487    v3_release_i/taxi_10gbe_frontend_0/inst/frontend_inst/sfp_sync_reset_inst/sync_reg_reg[2]
  -------------------------------------------------------------------
                         required time                          7.487
                         arrival time                          -1.471
  -------------------------------------------------------------------
                         slack                                  6.017





Min Delay Paths
--------------------------------------------------------------------------------------
Slack (MET) :             0.071ns  (arrival time - required time)
  Source:                 v3_release_i/taxi_10gbe_frontend_0/inst/frontend_inst/sfp_sync_reset_inst/sync_reg_reg[0]/C
                            (rising edge-triggered cell FDPE clocked by sfp_mgt_refclk  {rise@0.000ns fall@3.200ns period=6.400ns})
  Destination:            v3_release_i/taxi_10gbe_frontend_0/inst/frontend_inst/sfp_sync_reset_inst/sync_reg_reg[1]/D
                            (rising edge-triggered cell FDPE clocked by sfp_mgt_refclk  {rise@0.000ns fall@3.200ns period=6.400ns})
  Path Group:             sfp_mgt_refclk
  Path Type:              Hold (Min at Fast Process Corner)
  Requirement:            0.000ns  (sfp_mgt_refclk rise@0.000ns - sfp_mgt_refclk rise@0.000ns)
  Data Path Delay:        0.124ns  (logic 0.041ns (33.065%)  route 0.083ns (66.935%))
  Logic Levels:           0
  Clock Path Skew:        0.006ns (DCD - SCD - CPR)
    Destination Clock Delay (DCD):    0.743ns
    Source Clock Delay      (SCD):    0.548ns
    Clock Pessimism Removal (CPR):    0.188ns
  Clock Net Delay (Source):      0.310ns (routing 0.001ns, distribution 0.309ns)
  Clock Net Delay (Destination): 0.359ns (routing 0.001ns, distribution 0.358ns)

    Location             Delay type                Incr(ns)  Path(ns)    Netlist Resource(s)
  -------------------------------------------------------------------    -------------------
                         (clock sfp_mgt_refclk rise edge)
                                                      0.000     0.000 r
    GTHE4_COMMON_X0Y3                                 0.000     0.000 r  sfp_mgt_refclk_p (IN)
                         net (fo=0)                   0.000     0.000    v3_release_i/taxi_10gbe_frontend_0/inst/frontend_inst/sfp_mgt_refclk_p
    GTHE4_COMMON_X0Y3    IBUFDS_GTE4 (Prop_IBUFDS1_GTHE4_GTHE4_COMMON_I_ODIV2)
                                                      0.092     0.092 r  v3_release_i/taxi_10gbe_frontend_0/inst/frontend_inst/ibufds_gte4_sfp_mgt_refclk_inst/ODIV2
                         net (fo=2, routed)           0.073     0.165    v3_release_i/taxi_10gbe_frontend_0/inst/frontend_inst/sfp_mgt_refclk_int
    BUFG_GT_X0Y83        BUFG_GT (Prop_BUFG_GT_I_O)
                                                      0.073     0.238 r  v3_release_i/taxi_10gbe_frontend_0/inst/frontend_inst/bufg_gt_sfp_mgt_refclk_inst/O
    X3Y3 (CLOCK_ROOT)    net (fo=4, routed)           0.310     0.548    v3_release_i/taxi_10gbe_frontend_0/inst/frontend_inst/sfp_sync_reset_inst/CLK
    SLICE_X105Y221       FDPE                                         r  v3_release_i/taxi_10gbe_frontend_0/inst/frontend_inst/sfp_sync_reset_inst/sync_reg_reg[0]/C
  -------------------------------------------------------------------    -------------------
    SLICE_X105Y221       FDPE (Prop_DFF2_SLICEM_C_Q)
                                                      0.041     0.589 r  v3_release_i/taxi_10gbe_frontend_0/inst/frontend_inst/sfp_sync_reset_inst/sync_reg_reg[0]/Q
                         net (fo=1, routed)           0.083     0.672    v3_release_i/taxi_10gbe_frontend_0/inst/frontend_inst/sfp_sync_reset_inst/sync_reg[0]
    SLICE_X105Y221       FDPE                                         r  v3_release_i/taxi_10gbe_frontend_0/inst/frontend_inst/sfp_sync_reset_inst/sync_reg_reg[1]/D
  -------------------------------------------------------------------    -------------------

                         (clock sfp_mgt_refclk rise edge)
                                                      0.000     0.000 r
    GTHE4_COMMON_X0Y3                                 0.000     0.000 r  sfp_mgt_refclk_p (IN)
                         net (fo=0)                   0.000     0.000    v3_release_i/taxi_10gbe_frontend_0/inst/frontend_inst/sfp_mgt_refclk_p
    GTHE4_COMMON_X0Y3    IBUFDS_GTE4 (Prop_IBUFDS1_GTHE4_GTHE4_COMMON_I_ODIV2)
                                                      0.217     0.217 r  v3_release_i/taxi_10gbe_frontend_0/inst/frontend_inst/ibufds_gte4_sfp_mgt_refclk_inst/ODIV2
                         net (fo=2, routed)           0.085     0.302    v3_release_i/taxi_10gbe_frontend_0/inst/frontend_inst/sfp_mgt_refclk_int
    BUFG_GT_X0Y83        BUFG_GT (Prop_BUFG_GT_I_O)
                                                      0.082     0.384 r  v3_release_i/taxi_10gbe_frontend_0/inst/frontend_inst/bufg_gt_sfp_mgt_refclk_inst/O
    X3Y3 (CLOCK_ROOT)    net (fo=4, routed)           0.359     0.743    v3_release_i/taxi_10gbe_frontend_0/inst/frontend_inst/sfp_sync_reset_inst/CLK
    SLICE_X105Y221       FDPE                                         r  v3_release_i/taxi_10gbe_frontend_0/inst/frontend_inst/sfp_sync_reset_inst/sync_reg_reg[1]/C
                         clock pessimism             -0.188     0.554
    SLICE_X105Y221       FDPE (Hold_AFF2_SLICEM_C_D)
                                                      0.047     0.601    v3_release_i/taxi_10gbe_frontend_0/inst/frontend_inst/sfp_sync_reset_inst/sync_reg_reg[1]
  -------------------------------------------------------------------
                         required time                         -0.601
                         arrival time                           0.672
  -------------------------------------------------------------------
                         slack                                  0.071





Pulse Width Checks
--------------------------------------------------------------------------------------
Clock Name:         sfp_mgt_refclk
Waveform(ns):       { 0.000 3.200 }
Period(ns):         6.400
Sources:            { sfp_mgt_refclk_p }

Check Type        Corner  Lib Pin    Reference Pin  Required(ns)  Actual(ns)  Slack(ns)  Location        Pin
Min Period        n/a     BUFG_GT/I  n/a            1.290         6.400       5.110      BUFG_GT_X0Y83   v3_release_i/taxi_10gbe_frontend_0/inst/frontend_inst/bufg_gt_sfp_mgt_refclk_inst/I
Low Pulse Width   Slow    FDPE/C     n/a            0.275         3.200       2.925      SLICE_X105Y221  v3_release_i/taxi_10gbe_frontend_0/inst/frontend_inst/sfp_sync_reset_inst/sync_reg_reg[0]/C
High Pulse Width  Slow    FDPE/C     n/a            0.275         3.200       2.925      SLICE_X105Y221  v3_release_i/taxi_10gbe_frontend_0/inst/frontend_inst/sfp_sync_reset_inst/sync_reg_reg[0]/C



---------------------------------------------------------------------------------------------------
From Clock:  gtwiz_userclk_rx_srcclk_out[0]
  To Clock:  gtwiz_userclk_rx_srcclk_out[0]

Setup :           NA  Failing Endpoints,  Worst Slack           NA  ,  Total Violation           NA
Hold  :           NA  Failing Endpoints,  Worst Slack           NA  ,  Total Violation           NA
PW    :            0  Failing Endpoints,  Worst Slack        0.384ns,  Total Violation        0.000ns
---------------------------------------------------------------------------------------------------


Pulse Width Checks
--------------------------------------------------------------------------------------
Clock Name:         gtwiz_userclk_rx_srcclk_out[0]
Waveform(ns):       { 0.000 1.552 }
Period(ns):         3.103
Sources:            { v3_release_i/taxi_10gbe_frontend_0/inst/frontend_inst/sfp_mac_inst/ch[0].ch_inst/gt.gt_inst/xcvr.gt_ch_inst/inst/gen_gtwizard_gthe4_top.taxi_eth_phy_25g_us_gth_ll_full_gtwizard_gthe4_inst/gen_gtwizard_gthe4.gen_channel_container[0].gen_enabled_channel.gthe4_channel_wrapper_inst/channel_inst/gthe4_channel_gen.gen_gthe4_channel_inst[0].GTHE4_CHANNEL_PRIM_INST/RXOUTCLK }

Check Type  Corner  Lib Pin                 Reference Pin            Required(ns)  Actual(ns)  Slack(ns)  Location             Pin
Min Period  n/a     BUFG_GT/I               n/a                      1.290         3.103       1.813      BUFG_GT_X0Y65        v3_release_i/taxi_10gbe_frontend_0/inst/frontend_inst/sfp_mac_inst/ch[0].ch_inst/gt.gt_inst/xcvr.gt_ch_inst/inst/gen_gtwizard_gthe4_top.taxi_eth_phy_25g_us_gth_ll_full_gtwizard_gthe4_inst/gen_gtwizard_gthe4.gen_rx_user_clocking_internal.gen_single_instance.gtwiz_userclk_rx_inst/gen_gtwiz_userclk_rx_main.bufg_gt_usrclk2_inst/I
Max Skew    Slow    GTHE4_CHANNEL/RXUSRCLK  GTHE4_CHANNEL/RXUSRCLK2  0.585         0.201       0.384      GTHE4_CHANNEL_X0Y10  v3_release_i/taxi_10gbe_frontend_0/inst/frontend_inst/sfp_mac_inst/ch[0].ch_inst/gt.gt_inst/xcvr.gt_ch_inst/inst/gen_gtwizard_gthe4_top.taxi_eth_phy_25g_us_gth_ll_full_gtwizard_gthe4_inst/gen_gtwizard_gthe4.gen_channel_container[0].gen_enabled_channel.gthe4_channel_wrapper_inst/channel_inst/gthe4_channel_gen.gen_gthe4_channel_inst[0].GTHE4_CHANNEL_PRIM_INST/RXUSRCLK



---------------------------------------------------------------------------------------------------
From Clock:  clk
  To Clock:  clk

Setup :            0  Failing Endpoints,  Worst Slack        0.376ns,  Total Violation        0.000ns
Hold  :            0  Failing Endpoints,  Worst Slack        0.011ns,  Total Violation        0.000ns
PW    :            0  Failing Endpoints,  Worst Slack        0.520ns,  Total Violation        0.000ns
---------------------------------------------------------------------------------------------------


Max Delay Paths
--------------------------------------------------------------------------------------
Slack (MET) :             0.376ns  (required time - arrival time)
  Source:                 v3_release_i/network_ingress_top_0/inst/ingress_data_realign_top_inst/u_mold_deframe/m_payload_tkeep_o_reg[7]/C
                            (rising edge-triggered cell FDRE clocked by clk  {rise@0.000ns fall@3.103ns period=6.206ns})
  Destination:            v3_release_i/network_ingress_top_0/inst/ingress_data_realign_top_inst/u_data_realign/output_data_reg[shares][21]/D
                            (rising edge-triggered cell FDRE clocked by clk  {rise@0.000ns fall@3.103ns period=6.206ns})
  Path Group:             clk
  Path Type:              Setup (Max at Slow Process Corner)
  Requirement:            6.206ns  (clk rise@6.206ns - clk rise@0.000ns)
  Data Path Delay:        5.647ns  (logic 2.328ns (41.228%)  route 3.319ns (58.772%))
  Logic Levels:           23  (CARRY8=1 LUT2=1 LUT4=3 LUT5=3 LUT6=14 MUXF7=1)
  Clock Path Skew:        -0.162ns (DCD - SCD + CPR)
    Destination Clock Delay (DCD):    1.687ns = ( 7.893 - 6.206 )
    Source Clock Delay      (SCD):    1.996ns
    Clock Pessimism Removal (CPR):    0.147ns
  Clock Uncertainty:      0.046ns  ((TSJ^2 + DJ^2)^1/2) / 2 + PE
    Total System Jitter     (TSJ):    0.071ns
    Discrete Jitter          (DJ):    0.060ns
    Phase Error              (PE):    0.000ns
  Clock Net Delay (Source):      1.753ns (routing 0.413ns, distribution 1.340ns)
  Clock Net Delay (Destination): 1.474ns (routing 0.374ns, distribution 1.100ns)

    Location             Delay type                Incr(ns)  Path(ns)    Netlist Resource(s)
  -------------------------------------------------------------------    -------------------
                         (clock clk rise edge)        0.000     0.000 r
    GTHE4_CHANNEL_X0Y10  GTHE4_CHANNEL                0.000     0.000 r  v3_release_i/taxi_10gbe_frontend_0/inst/frontend_inst/sfp_mac_inst/ch[0].ch_inst/gt.gt_inst/xcvr.gt_ch_inst/inst/gen_gtwizard_gthe4_top.taxi_eth_phy_25g_us_gth_ll_full_gtwizard_gthe4_inst/gen_gtwizard_gthe4.gen_channel_container[0].gen_enabled_channel.gthe4_channel_wrapper_inst/channel_inst/gthe4_channel_gen.gen_gthe4_channel_inst[0].GTHE4_CHANNEL_PRIM_INST/RXOUTCLK
                         net (fo=3, routed)           0.113     0.113    v3_release_i/taxi_10gbe_frontend_0/inst/frontend_inst/sfp_mac_inst/ch[0].ch_inst/gt.gt_inst/xcvr.gt_ch_inst/inst/gen_gtwizard_gthe4_top.taxi_eth_phy_25g_us_gth_ll_full_gtwizard_gthe4_inst/gen_gtwizard_gthe4.gen_rx_user_clocking_internal.gen_single_instance.gtwiz_userclk_rx_inst/gtwiz_userclk_rx_srcclk_out[0]
    BUFG_GT_X0Y65        BUFG_GT (Prop_BUFG_GT_I_O)
                                                      0.130     0.243 r  v3_release_i/taxi_10gbe_frontend_0/inst/frontend_inst/sfp_mac_inst/ch[0].ch_inst/gt.gt_inst/xcvr.gt_ch_inst/inst/gen_gtwizard_gthe4_top.taxi_eth_phy_25g_us_gth_ll_full_gtwizard_gthe4_inst/gen_gtwizard_gthe4.gen_rx_user_clocking_internal.gen_single_instance.gtwiz_userclk_rx_inst/gen_gtwiz_userclk_rx_main.bufg_gt_usrclk2_inst/O
    X2Y2 (CLOCK_ROOT)    net (fo=5629, routed)        1.753     1.996    v3_release_i/network_ingress_top_0/inst/ingress_data_realign_top_inst/u_mold_deframe/s00_axis_aclk
    SLICE_X95Y336        FDRE                                         r  v3_release_i/network_ingress_top_0/inst/ingress_data_realign_top_inst/u_mold_deframe/m_payload_tkeep_o_reg[7]/C
  -------------------------------------------------------------------    -------------------
    SLICE_X95Y336        FDRE (Prop_EFF2_SLICEL_C_Q)
                                                      0.081     2.077 r  v3_release_i/network_ingress_top_0/inst/ingress_data_realign_top_inst/u_mold_deframe/m_payload_tkeep_o_reg[7]/Q
                         net (fo=3, routed)           0.118     2.195    v3_release_i/network_ingress_top_0/inst/ingress_data_realign_top_inst/u_mold_deframe/payload_tkeep[7]
    SLICE_X95Y337        LUT6 (Prop_H6LUT_SLICEL_I5_O)
                                                      0.150     2.345 f  v3_release_i/network_ingress_top_0/inst/ingress_data_realign_top_inst/u_mold_deframe/msg_byte_pos[0]_i_4/O
                         net (fo=1, routed)           0.085     2.430    v3_release_i/network_ingress_top_0/inst/ingress_data_realign_top_inst/u_mold_deframe/msg_byte_pos[0]_i_4_n_0
    SLICE_X94Y337        LUT4 (Prop_F6LUT_SLICEM_I3_O)
                                                      0.098     2.528 r  v3_release_i/network_ingress_top_0/inst/ingress_data_realign_top_inst/u_mold_deframe/msg_byte_pos[0]_i_3/O
                         net (fo=19, routed)          0.184     2.712    v3_release_i/network_ingress_top_0/inst/ingress_data_realign_top_inst/u_mold_deframe/m_payload_tkeep_o_reg[2]_0
    SLICE_X93Y336        LUT4 (Prop_A6LUT_SLICEM_I0_O)
                                                      0.150     2.862 r  v3_release_i/network_ingress_top_0/inst/ingress_data_realign_top_inst/u_mold_deframe/output_data[stock_locate][9]_i_24/O
                         net (fo=1, routed)           0.013     2.875    v3_release_i/network_ingress_top_0/inst/ingress_data_realign_top_inst/u_data_realign/S[0]
    SLICE_X93Y336        CARRY8 (Prop_CARRY8_SLICEM_S[0]_CO[7])
                                                      0.199     3.074 r  v3_release_i/network_ingress_top_0/inst/ingress_data_realign_top_inst/u_data_realign/output_data_reg[stock_locate][9]_i_8/CO[7]
                         net (fo=17, routed)          0.182     3.256    v3_release_i/network_ingress_top_0/inst/ingress_data_realign_top_inst/u_data_realign/CO[0]
    SLICE_X91Y336        LUT5 (Prop_B6LUT_SLICEL_I3_O)
                                                      0.090     3.346 r  v3_release_i/network_ingress_top_0/inst/ingress_data_realign_top_inst/u_data_realign/output_data[message_type][7]_i_47/O
                         net (fo=8, routed)           0.187     3.533    v3_release_i/network_ingress_top_0/inst/ingress_data_realign_top_inst/u_data_realign/output_data[message_type][7]_i_47_n_0
    SLICE_X91Y336        LUT6 (Prop_D6LUT_SLICEL_I3_O)
                                                      0.099     3.632 f  v3_release_i/network_ingress_top_0/inst/ingress_data_realign_top_inst/u_data_realign/output_data[updated_orn][61]_i_14/O
                         net (fo=4, routed)           0.190     3.823    v3_release_i/network_ingress_top_0/inst/ingress_data_realign_top_inst/u_data_realign/next_state_logic.msg[5]
    SLICE_X91Y339        LUT6 (Prop_E6LUT_SLICEL_I5_O)
                                                      0.051     3.874 r  v3_release_i/network_ingress_top_0/inst/ingress_data_realign_top_inst/u_data_realign/output_data[updated_orn][61]_i_10/O
                         net (fo=104, routed)         0.149     4.022    v3_release_i/network_ingress_top_0/inst/ingress_data_realign_top_inst/u_data_realign/m_payload_tdata_o_reg[56]
    SLICE_X90Y340        LUT2 (Prop_E5LUT_SLICEL_I1_O)
                                                      0.138     4.160 f  v3_release_i/network_ingress_top_0/inst/ingress_data_realign_top_inst/u_data_realign/output_data[updated_orn][63]_i_13/O
                         net (fo=111, routed)         0.191     4.351    v3_release_i/network_ingress_top_0/inst/ingress_data_realign_top_inst/u_data_realign/output_data[updated_orn][63]_i_13_n_0
    SLICE_X89Y340        LUT4 (Prop_D6LUT_SLICEM_I0_O)
                                                      0.051     4.402 f  v3_release_i/network_ingress_top_0/inst/ingress_data_realign_top_inst/u_data_realign/output_data[shares][5]_i_40/O
                         net (fo=13, routed)          0.206     4.608    v3_release_i/network_ingress_top_0/inst/ingress_data_realign_top_inst/u_data_realign/msg_byte_pos_reg[3]_0
    SLICE_X90Y344        LUT6 (Prop_G6LUT_SLICEL_I1_O)
                                                      0.097     4.705 r  v3_release_i/network_ingress_top_0/inst/ingress_data_realign_top_inst/u_data_realign/output_data[shares][23]_i_45/O
                         net (fo=7, routed)           0.159     4.863    v3_release_i/network_ingress_top_0/inst/ingress_data_realign_top_inst/u_data_realign/output_data[shares][23]_i_45_n_0
    SLICE_X90Y347        LUT6 (Prop_G6LUT_SLICEL_I0_O)
                                                      0.123     4.986 r  v3_release_i/network_ingress_top_0/inst/ingress_data_realign_top_inst/u_data_realign/output_data[shares][21]_i_64/O
                         net (fo=1, routed)           0.087     5.073    v3_release_i/network_ingress_top_0/inst/ingress_data_realign_top_inst/u_data_realign/output_data[shares][21]_i_64_n_0
    SLICE_X90Y347        LUT6 (Prop_D6LUT_SLICEL_I0_O)
                                                      0.089     5.162 r  v3_release_i/network_ingress_top_0/inst/ingress_data_realign_top_inst/u_data_realign/output_data[shares][21]_i_52/O
                         net (fo=2, routed)           0.248     5.411    v3_release_i/network_ingress_top_0/inst/ingress_data_realign_top_inst/u_data_realign/output_data[shares][21]_i_52_n_0
    SLICE_X88Y348        LUT6 (Prop_H6LUT_SLICEM_I1_O)
                                                      0.090     5.501 f  v3_release_i/network_ingress_top_0/inst/ingress_data_realign_top_inst/u_data_realign/output_data[shares][21]_i_39/O
                         net (fo=1, routed)           0.150     5.651    v3_release_i/network_ingress_top_0/inst/ingress_data_realign_top_inst/u_data_realign/output_data[shares][21]_i_39_n_0
    SLICE_X86Y349        LUT5 (Prop_F6LUT_SLICEM_I2_O)
                                                      0.098     5.749 r  v3_release_i/network_ingress_top_0/inst/ingress_data_realign_top_inst/u_data_realign/output_data[shares][21]_i_26/O
                         net (fo=6, routed)           0.153     5.902    v3_release_i/network_ingress_top_0/inst/ingress_data_realign_top_inst/u_data_realign/output_data[shares][21]_i_26_n_0
    SLICE_X84Y350        LUT6 (Prop_C6LUT_SLICEM_I5_O)
                                                      0.037     5.939 f  v3_release_i/network_ingress_top_0/inst/ingress_data_realign_top_inst/u_data_realign/output_data[shares][21]_i_29/O
                         net (fo=4, routed)           0.133     6.072    v3_release_i/network_ingress_top_0/inst/ingress_data_realign_top_inst/u_data_realign/output_data[shares][21]_i_29_n_0
    SLICE_X84Y352        LUT6 (Prop_H6LUT_SLICEM_I5_O)
                                                      0.152     6.224 r  v3_release_i/network_ingress_top_0/inst/ingress_data_realign_top_inst/u_data_realign/output_data[shares][21]_i_13/O
                         net (fo=6, routed)           0.278     6.501    v3_release_i/network_ingress_top_0/inst/ingress_data_realign_top_inst/u_data_realign/output_data[shares][21]_i_13_n_0
    SLICE_X82Y352        LUT5 (Prop_B6LUT_SLICEL_I4_O)
                                                      0.051     6.552 r  v3_release_i/network_ingress_top_0/inst/ingress_data_realign_top_inst/u_data_realign/output_data[shares][21]_i_14/O
                         net (fo=3, routed)           0.145     6.697    v3_release_i/network_ingress_top_0/inst/ingress_data_realign_top_inst/u_data_realign/output_data[shares][21]_i_14_n_0
    SLICE_X82Y352        LUT6 (Prop_C6LUT_SLICEL_I2_O)
                                                      0.050     6.747 r  v3_release_i/network_ingress_top_0/inst/ingress_data_realign_top_inst/u_data_realign/output_data[shares][21]_i_7/O
                         net (fo=3, routed)           0.087     6.835    v3_release_i/network_ingress_top_0/inst/ingress_data_realign_top_inst/u_data_realign/output_data[shares][21]_i_7_n_0
    SLICE_X82Y351        LUT6 (Prop_D6LUT_SLICEL_I2_O)
                                                      0.036     6.871 f  v3_release_i/network_ingress_top_0/inst/ingress_data_realign_top_inst/u_data_realign/output_data[shares][21]_i_10/O
                         net (fo=2, routed)           0.009     6.880    v3_release_i/network_ingress_top_0/inst/ingress_data_realign_top_inst/u_data_realign/output_data[shares][21]_i_10_n_0
    SLICE_X82Y351        MUXF7 (Prop_F7MUX_CD_SLICEL_I0_O)
                                                      0.063     6.943 f  v3_release_i/network_ingress_top_0/inst/ingress_data_realign_top_inst/u_data_realign/output_data_reg[shares][21]_i_23/O
                         net (fo=1, routed)           0.182     7.125    v3_release_i/network_ingress_top_0/inst/ingress_data_realign_top_inst/u_data_realign/output_data_reg[shares][21]_i_23_n_0
    SLICE_X82Y351        LUT6 (Prop_H6LUT_SLICEL_I1_O)
                                                      0.124     7.249 r  v3_release_i/network_ingress_top_0/inst/ingress_data_realign_top_inst/u_data_realign/output_data[shares][21]_i_12/O
                         net (fo=1, routed)           0.037     7.286    v3_release_i/network_ingress_top_0/inst/ingress_data_realign_top_inst/u_data_realign/output_data[shares][21]_i_12_n_0
    SLICE_X82Y351        LUT6 (Prop_F6LUT_SLICEL_I5_O)
                                                      0.089     7.375 f  v3_release_i/network_ingress_top_0/inst/ingress_data_realign_top_inst/u_data_realign/output_data[shares][21]_i_5/O
                         net (fo=2, routed)           0.097     7.472    v3_release_i/network_ingress_top_0/inst/ingress_data_realign_top_inst/u_data_realign/output_data[shares][21]_i_5_n_0
    SLICE_X82Y349        LUT6 (Prop_D6LUT_SLICEL_I4_O)
                                                      0.122     7.594 r  v3_release_i/network_ingress_top_0/inst/ingress_data_realign_top_inst/u_data_realign/output_data[shares][21]_i_1/O
                         net (fo=1, routed)           0.049     7.643    v3_release_i/network_ingress_top_0/inst/ingress_data_realign_top_inst/u_data_realign/output_data[shares][21]_i_1_n_0
    SLICE_X82Y349        FDRE                                         r  v3_release_i/network_ingress_top_0/inst/ingress_data_realign_top_inst/u_data_realign/output_data_reg[shares][21]/D
  -------------------------------------------------------------------    -------------------

                         (clock clk rise edge)        6.206     6.206 r
    GTHE4_CHANNEL_X0Y10  GTHE4_CHANNEL                0.000     6.206 r  v3_release_i/taxi_10gbe_frontend_0/inst/frontend_inst/sfp_mac_inst/ch[0].ch_inst/gt.gt_inst/xcvr.gt_ch_inst/inst/gen_gtwizard_gthe4_top.taxi_eth_phy_25g_us_gth_ll_full_gtwizard_gthe4_inst/gen_gtwizard_gthe4.gen_channel_container[0].gen_enabled_channel.gthe4_channel_wrapper_inst/channel_inst/gthe4_channel_gen.gen_gthe4_channel_inst[0].GTHE4_CHANNEL_PRIM_INST/RXOUTCLK
                         net (fo=3, routed)           0.099     6.305    v3_release_i/taxi_10gbe_frontend_0/inst/frontend_inst/sfp_mac_inst/ch[0].ch_inst/gt.gt_inst/xcvr.gt_ch_inst/inst/gen_gtwizard_gthe4_top.taxi_eth_phy_25g_us_gth_ll_full_gtwizard_gthe4_inst/gen_gtwizard_gthe4.gen_rx_user_clocking_internal.gen_single_instance.gtwiz_userclk_rx_inst/gtwiz_userclk_rx_srcclk_out[0]
    BUFG_GT_X0Y65        BUFG_GT (Prop_BUFG_GT_I_O)
                                                      0.114     6.419 r  v3_release_i/taxi_10gbe_frontend_0/inst/frontend_inst/sfp_mac_inst/ch[0].ch_inst/gt.gt_inst/xcvr.gt_ch_inst/inst/gen_gtwizard_gthe4_top.taxi_eth_phy_25g_us_gth_ll_full_gtwizard_gthe4_inst/gen_gtwizard_gthe4.gen_rx_user_clocking_internal.gen_single_instance.gtwiz_userclk_rx_inst/gen_gtwiz_userclk_rx_main.bufg_gt_usrclk2_inst/O
    X2Y2 (CLOCK_ROOT)    net (fo=5629, routed)        1.474     7.893    v3_release_i/network_ingress_top_0/inst/ingress_data_realign_top_inst/u_data_realign/s00_axis_aclk
    SLICE_X82Y349        FDRE                                         r  v3_release_i/network_ingress_top_0/inst/ingress_data_realign_top_inst/u_data_realign/output_data_reg[shares][21]/C
                         clock pessimism              0.147     8.040
                         clock uncertainty           -0.046     7.993
    SLICE_X82Y349        FDRE (Setup_DFF_SLICEL_C_D)
                                                      0.025     8.018    v3_release_i/network_ingress_top_0/inst/ingress_data_realign_top_inst/u_data_realign/output_data_reg[shares][21]
  -------------------------------------------------------------------
                         required time                          8.018
                         arrival time                          -7.643
  -------------------------------------------------------------------
                         slack                                  0.376





Min Delay Paths
--------------------------------------------------------------------------------------
Slack (MET) :             0.011ns  (arrival time - required time)
  Source:                 v3_release_i/network_ingress_top_0/inst/ingress_data_realign_top_inst/u_mold_deframe/body_fifo_data_reg[3][45]/C
                            (rising edge-triggered cell FDRE clocked by clk  {rise@0.000ns fall@3.103ns period=6.206ns})
  Destination:            v3_release_i/network_ingress_top_0/inst/ingress_data_realign_top_inst/u_mold_deframe/body_fifo_data_reg[2][45]/D
                            (rising edge-triggered cell FDRE clocked by clk  {rise@0.000ns fall@3.103ns period=6.206ns})
  Path Group:             clk
  Path Type:              Hold (Min at Slow Process Corner)
  Requirement:            0.000ns  (clk rise@0.000ns - clk rise@0.000ns)
  Data Path Delay:        0.166ns  (logic 0.081ns (48.795%)  route 0.085ns (51.205%))
  Logic Levels:           1  (LUT6=1)
  Clock Path Skew:        0.095ns (DCD - SCD - CPR)
    Destination Clock Delay (DCD):    2.013ns
    Source Clock Delay      (SCD):    1.767ns
    Clock Pessimism Removal (CPR):    0.150ns
  Clock Net Delay (Source):      1.554ns (routing 0.374ns, distribution 1.180ns)
  Clock Net Delay (Destination): 1.770ns (routing 0.413ns, distribution 1.357ns)

    Location             Delay type                Incr(ns)  Path(ns)    Netlist Resource(s)
  -------------------------------------------------------------------    -------------------
                         (clock clk rise edge)        0.000     0.000 r
    GTHE4_CHANNEL_X0Y10  GTHE4_CHANNEL                0.000     0.000 r  v3_release_i/taxi_10gbe_frontend_0/inst/frontend_inst/sfp_mac_inst/ch[0].ch_inst/gt.gt_inst/xcvr.gt_ch_inst/inst/gen_gtwizard_gthe4_top.taxi_eth_phy_25g_us_gth_ll_full_gtwizard_gthe4_inst/gen_gtwizard_gthe4.gen_channel_container[0].gen_enabled_channel.gthe4_channel_wrapper_inst/channel_inst/gthe4_channel_gen.gen_gthe4_channel_inst[0].GTHE4_CHANNEL_PRIM_INST/RXOUTCLK
                         net (fo=3, routed)           0.099     0.099    v3_release_i/taxi_10gbe_frontend_0/inst/frontend_inst/sfp_mac_inst/ch[0].ch_inst/gt.gt_inst/xcvr.gt_ch_inst/inst/gen_gtwizard_gthe4_top.taxi_eth_phy_25g_us_gth_ll_full_gtwizard_gthe4_inst/gen_gtwizard_gthe4.gen_rx_user_clocking_internal.gen_single_instance.gtwiz_userclk_rx_inst/gtwiz_userclk_rx_srcclk_out[0]
    BUFG_GT_X0Y65        BUFG_GT (Prop_BUFG_GT_I_O)
                                                      0.114     0.213 r  v3_release_i/taxi_10gbe_frontend_0/inst/frontend_inst/sfp_mac_inst/ch[0].ch_inst/gt.gt_inst/xcvr.gt_ch_inst/inst/gen_gtwizard_gthe4_top.taxi_eth_phy_25g_us_gth_ll_full_gtwizard_gthe4_inst/gen_gtwizard_gthe4.gen_rx_user_clocking_internal.gen_single_instance.gtwiz_userclk_rx_inst/gen_gtwiz_userclk_rx_main.bufg_gt_usrclk2_inst/O
    X2Y2 (CLOCK_ROOT)    net (fo=5629, routed)        1.554     1.767    v3_release_i/network_ingress_top_0/inst/ingress_data_realign_top_inst/u_mold_deframe/s00_axis_aclk
    SLICE_X92Y313        FDRE                                         r  v3_release_i/network_ingress_top_0/inst/ingress_data_realign_top_inst/u_mold_deframe/body_fifo_data_reg[3][45]/C
  -------------------------------------------------------------------    -------------------
    SLICE_X92Y313        FDRE (Prop_GFF_SLICEL_C_Q)
                                                      0.059     1.826 r  v3_release_i/network_ingress_top_0/inst/ingress_data_realign_top_inst/u_mold_deframe/body_fifo_data_reg[3][45]/Q
                         net (fo=1, routed)           0.065     1.891    v3_release_i/network_ingress_top_0/inst/ingress_data_realign_top_inst/u_mold_deframe/body_fifo_data_reg[3]_0[45]
    SLICE_X90Y313        LUT6 (Prop_E6LUT_SLICEL_I5_O)
                                                      0.022     1.913 r  v3_release_i/network_ingress_top_0/inst/ingress_data_realign_top_inst/u_mold_deframe/body_fifo_data[2][45]_i_1/O
                         net (fo=1, routed)           0.020     1.933    v3_release_i/network_ingress_top_0/inst/ingress_data_realign_top_inst/u_mold_deframe/body_fifo_data[2][45]_i_1_n_0
    SLICE_X90Y313        FDRE                                         r  v3_release_i/network_ingress_top_0/inst/ingress_data_realign_top_inst/u_mold_deframe/body_fifo_data_reg[2][45]/D
  -------------------------------------------------------------------    -------------------

                         (clock clk rise edge)        0.000     0.000 r
    GTHE4_CHANNEL_X0Y10  GTHE4_CHANNEL                0.000     0.000 r  v3_release_i/taxi_10gbe_frontend_0/inst/frontend_inst/sfp_mac_inst/ch[0].ch_inst/gt.gt_inst/xcvr.gt_ch_inst/inst/gen_gtwizard_gthe4_top.taxi_eth_phy_25g_us_gth_ll_full_gtwizard_gthe4_inst/gen_gtwizard_gthe4.gen_channel_container[0].gen_enabled_channel.gthe4_channel_wrapper_inst/channel_inst/gthe4_channel_gen.gen_gthe4_channel_inst[0].GTHE4_CHANNEL_PRIM_INST/RXOUTCLK
                         net (fo=3, routed)           0.113     0.113    v3_release_i/taxi_10gbe_frontend_0/inst/frontend_inst/sfp_mac_inst/ch[0].ch_inst/gt.gt_inst/xcvr.gt_ch_inst/inst/gen_gtwizard_gthe4_top.taxi_eth_phy_25g_us_gth_ll_full_gtwizard_gthe4_inst/gen_gtwizard_gthe4.gen_rx_user_clocking_internal.gen_single_instance.gtwiz_userclk_rx_inst/gtwiz_userclk_rx_srcclk_out[0]
    BUFG_GT_X0Y65        BUFG_GT (Prop_BUFG_GT_I_O)
                                                      0.130     0.243 r  v3_release_i/taxi_10gbe_frontend_0/inst/frontend_inst/sfp_mac_inst/ch[0].ch_inst/gt.gt_inst/xcvr.gt_ch_inst/inst/gen_gtwizard_gthe4_top.taxi_eth_phy_25g_us_gth_ll_full_gtwizard_gthe4_inst/gen_gtwizard_gthe4.gen_rx_user_clocking_internal.gen_single_instance.gtwiz_userclk_rx_inst/gen_gtwiz_userclk_rx_main.bufg_gt_usrclk2_inst/O
    X2Y2 (CLOCK_ROOT)    net (fo=5629, routed)        1.770     2.013    v3_release_i/network_ingress_top_0/inst/ingress_data_realign_top_inst/u_mold_deframe/s00_axis_aclk
    SLICE_X90Y313        FDRE                                         r  v3_release_i/network_ingress_top_0/inst/ingress_data_realign_top_inst/u_mold_deframe/body_fifo_data_reg[2][45]/C
                         clock pessimism             -0.150     1.863
    SLICE_X90Y313        FDRE (Hold_EFF_SLICEL_C_D)
                                                      0.060     1.923    v3_release_i/network_ingress_top_0/inst/ingress_data_realign_top_inst/u_mold_deframe/body_fifo_data_reg[2][45]
  -------------------------------------------------------------------
                         required time                         -1.923
                         arrival time                           1.933
  -------------------------------------------------------------------
                         slack                                  0.011





Pulse Width Checks
--------------------------------------------------------------------------------------
Clock Name:         clk
Waveform(ns):       { 0.000 3.103 }
Period(ns):         6.206
Sources:            { v3_release_i/taxi_10gbe_frontend_0/inst/frontend_inst/sfp_mac_inst/ch[0].ch_inst/gt.gt_inst/xcvr.gt_ch_inst/inst/gen_gtwizard_gthe4_top.taxi_eth_phy_25g_us_gth_ll_full_gtwizard_gthe4_inst/gen_gtwizard_gthe4.gen_rx_user_clocking_internal.gen_single_instance.gtwiz_userclk_rx_inst/gen_gtwiz_userclk_rx_main.bufg_gt_usrclk2_inst/O }

Check Type        Corner  Lib Pin                  Reference Pin           Required(ns)  Actual(ns)  Slack(ns)  Location             Pin
Min Period        n/a     RAMB36E2/CLKARDCLK       n/a                     1.569         6.206       4.637      RAMB36_X3Y54         v3_release_i/taxi_rx_ila_0/inst/ila_core_inst/ila_trace_memory_inst/SUBCORE_RAM_BLK_MEM_1.trace_block_memory/inst_blk_mem_gen/gnbram.gnativebmg.native_blk_mem_gen/valid.cstr/ramloop[0].ram.r/prim_noinit.ram/DEVICE_8SERIES.NO_BMM_INFO.SDP.SIMPLE_PRIM36.ram/CLKARDCLK
Low Pulse Width   Slow    RAMB36E2/CLKARDCLK       n/a                     0.542         3.103       2.561      RAMB36_X3Y54         v3_release_i/taxi_rx_ila_0/inst/ila_core_inst/ila_trace_memory_inst/SUBCORE_RAM_BLK_MEM_1.trace_block_memory/inst_blk_mem_gen/gnbram.gnativebmg.native_blk_mem_gen/valid.cstr/ramloop[0].ram.r/prim_noinit.ram/DEVICE_8SERIES.NO_BMM_INFO.SDP.SIMPLE_PRIM36.ram/CLKARDCLK
High Pulse Width  Slow    RAMB36E2/CLKARDCLK       n/a                     0.542         3.103       2.561      RAMB36_X3Y54         v3_release_i/taxi_rx_ila_0/inst/ila_core_inst/ila_trace_memory_inst/SUBCORE_RAM_BLK_MEM_1.trace_block_memory/inst_blk_mem_gen/gnbram.gnativebmg.native_blk_mem_gen/valid.cstr/ramloop[0].ram.r/prim_noinit.ram/DEVICE_8SERIES.NO_BMM_INFO.SDP.SIMPLE_PRIM36.ram/CLKARDCLK
Max Skew          Slow    GTHE4_CHANNEL/RXUSRCLK2  GTHE4_CHANNEL/RXUSRCLK  0.737         0.217       0.520      GTHE4_CHANNEL_X0Y10  v3_release_i/taxi_10gbe_frontend_0/inst/frontend_inst/sfp_mac_inst/ch[0].ch_inst/gt.gt_inst/xcvr.gt_ch_inst/inst/gen_gtwizard_gthe4_top.taxi_eth_phy_25g_us_gth_ll_full_gtwizard_gthe4_inst/gen_gtwizard_gthe4.gen_channel_container[0].gen_enabled_channel.gthe4_channel_wrapper_inst/channel_inst/gthe4_channel_gen.gen_gthe4_channel_inst[0].GTHE4_CHANNEL_PRIM_INST/RXUSRCLK2



---------------------------------------------------------------------------------------------------
From Clock:  gtwiz_userclk_rx_srcclk_out[0]_1
  To Clock:  gtwiz_userclk_rx_srcclk_out[0]_1

Setup :           NA  Failing Endpoints,  Worst Slack           NA  ,  Total Violation           NA
Hold  :           NA  Failing Endpoints,  Worst Slack           NA  ,  Total Violation           NA
PW    :            0  Failing Endpoints,  Worst Slack        0.494ns,  Total Violation        0.000ns
---------------------------------------------------------------------------------------------------


Pulse Width Checks
--------------------------------------------------------------------------------------
Clock Name:         gtwiz_userclk_rx_srcclk_out[0]_1
Waveform(ns):       { 0.000 1.552 }
Period(ns):         3.103
Sources:            { v3_release_i/taxi_10gbe_frontend_0/inst/frontend_inst/sfp_mac_inst/ch[1].ch_inst/gt.gt_inst/xcvr.gt_ch_inst/inst/gen_gtwizard_gthe4_top.taxi_eth_phy_25g_us_gth_ll_ch_gtwizard_gthe4_inst/gen_gtwizard_gthe4.gen_channel_container[0].gen_enabled_channel.gthe4_channel_wrapper_inst/channel_inst/gthe4_channel_gen.gen_gthe4_channel_inst[0].GTHE4_CHANNEL_PRIM_INST/RXOUTCLK }

Check Type  Corner  Lib Pin                 Reference Pin            Required(ns)  Actual(ns)  Slack(ns)  Location             Pin
Min Period  n/a     BUFG_GT/I               n/a                      1.290         3.103       1.813      BUFG_GT_X0Y61        v3_release_i/taxi_10gbe_frontend_0/inst/frontend_inst/sfp_mac_inst/ch[1].ch_inst/gt.gt_inst/xcvr.gt_ch_inst/inst/gen_gtwizard_gthe4_top.taxi_eth_phy_25g_us_gth_ll_ch_gtwizard_gthe4_inst/gen_gtwizard_gthe4.gen_rx_user_clocking_internal.gen_single_instance.gtwiz_userclk_rx_inst/gen_gtwiz_userclk_rx_main.bufg_gt_usrclk2_inst/I
Max Skew    Slow    GTHE4_CHANNEL/RXUSRCLK  GTHE4_CHANNEL/RXUSRCLK2  0.585         0.091       0.494      GTHE4_CHANNEL_X0Y11  v3_release_i/taxi_10gbe_frontend_0/inst/frontend_inst/sfp_mac_inst/ch[1].ch_inst/gt.gt_inst/xcvr.gt_ch_inst/inst/gen_gtwizard_gthe4_top.taxi_eth_phy_25g_us_gth_ll_ch_gtwizard_gthe4_inst/gen_gtwizard_gthe4.gen_channel_container[0].gen_enabled_channel.gthe4_channel_wrapper_inst/channel_inst/gthe4_channel_gen.gen_gthe4_channel_inst[0].GTHE4_CHANNEL_PRIM_INST/RXUSRCLK



---------------------------------------------------------------------------------------------------
From Clock:  gt.gt_inst_n_6
  To Clock:  gt.gt_inst_n_6

Setup :            0  Failing Endpoints,  Worst Slack        4.015ns,  Total Violation        0.000ns
Hold  :            0  Failing Endpoints,  Worst Slack        0.028ns,  Total Violation        0.000ns
PW    :            0  Failing Endpoints,  Worst Slack        0.639ns,  Total Violation        0.000ns
---------------------------------------------------------------------------------------------------


Max Delay Paths
--------------------------------------------------------------------------------------
Slack (MET) :             4.015ns  (required time - arrival time)
  Source:                 v3_release_i/taxi_10gbe_frontend_0/inst/frontend_inst/sfp_mac_inst/ch[1].ch_inst/mac.mac_phy_inst/eth_mac_phy_10g_rx_inst/eth_phy_10g_rx_if_inst/encoded_rx_data_reg_reg[29]/C
                            (rising edge-triggered cell FDRE clocked by gt.gt_inst_n_6  {rise@0.000ns fall@3.103ns period=6.206ns})
  Destination:            v3_release_i/taxi_10gbe_frontend_0/inst/frontend_inst/sfp_mac_inst/ch[1].ch_inst/mac.mac_phy_inst/eth_mac_phy_10g_rx_inst/axis_baser_rx_inst/rx_os_match_reg_reg[1]/D
                            (rising edge-triggered cell FDRE clocked by gt.gt_inst_n_6  {rise@0.000ns fall@3.103ns period=6.206ns})
  Path Group:             gt.gt_inst_n_6
  Path Type:              Setup (Max at Slow Process Corner)
  Requirement:            6.206ns  (gt.gt_inst_n_6 rise@6.206ns - gt.gt_inst_n_6 rise@0.000ns)
  Data Path Delay:        2.100ns  (logic 0.559ns (26.613%)  route 1.541ns (73.387%))
  Logic Levels:           5  (CARRY8=1 LUT6=4)
  Clock Path Skew:        -0.070ns (DCD - SCD + CPR)
    Destination Clock Delay (DCD):    0.691ns = ( 6.897 - 6.206 )
    Source Clock Delay      (SCD):    0.792ns
    Clock Pessimism Removal (CPR):    0.032ns
  Clock Uncertainty:      0.046ns  ((TSJ^2 + DJ^2)^1/2) / 2 + PE
    Total System Jitter     (TSJ):    0.071ns
    Discrete Jitter          (DJ):    0.060ns
    Phase Error              (PE):    0.000ns
  Clock Net Delay (Source):      0.549ns (routing 0.002ns, distribution 0.547ns)
  Clock Net Delay (Destination): 0.478ns (routing 0.001ns, distribution 0.477ns)

    Location             Delay type                Incr(ns)  Path(ns)    Netlist Resource(s)
  -------------------------------------------------------------------    -------------------
                         (clock gt.gt_inst_n_6 rise edge)
                                                      0.000     0.000 r
    GTHE4_CHANNEL_X0Y11  GTHE4_CHANNEL                0.000     0.000 r  v3_release_i/taxi_10gbe_frontend_0/inst/frontend_inst/sfp_mac_inst/ch[1].ch_inst/gt.gt_inst/xcvr.gt_ch_inst/inst/gen_gtwizard_gthe4_top.taxi_eth_phy_25g_us_gth_ll_ch_gtwizard_gthe4_inst/gen_gtwizard_gthe4.gen_channel_container[0].gen_enabled_channel.gthe4_channel_wrapper_inst/channel_inst/gthe4_channel_gen.gen_gthe4_channel_inst[0].GTHE4_CHANNEL_PRIM_INST/RXOUTCLK
                         net (fo=3, routed)           0.113     0.113    v3_release_i/taxi_10gbe_frontend_0/inst/frontend_inst/sfp_mac_inst/ch[1].ch_inst/gt.gt_inst/xcvr.gt_ch_inst/inst/gen_gtwizard_gthe4_top.taxi_eth_phy_25g_us_gth_ll_ch_gtwizard_gthe4_inst/gen_gtwizard_gthe4.gen_rx_user_clocking_internal.gen_single_instance.gtwiz_userclk_rx_inst/gtwiz_userclk_rx_srcclk_out[0]
    BUFG_GT_X0Y61        BUFG_GT (Prop_BUFG_GT_I_O)
                                                      0.130     0.243 r  v3_release_i/taxi_10gbe_frontend_0/inst/frontend_inst/sfp_mac_inst/ch[1].ch_inst/gt.gt_inst/xcvr.gt_ch_inst/inst/gen_gtwizard_gthe4_top.taxi_eth_phy_25g_us_gth_ll_ch_gtwizard_gthe4_inst/gen_gtwizard_gthe4.gen_rx_user_clocking_internal.gen_single_instance.gtwiz_userclk_rx_inst/gen_gtwiz_userclk_rx_main.bufg_gt_usrclk2_inst/O
    X3Y2 (CLOCK_ROOT)    net (fo=338, routed)         0.549     0.792    v3_release_i/taxi_10gbe_frontend_0/inst/frontend_inst/sfp_mac_inst/ch[1].ch_inst/mac.mac_phy_inst/eth_mac_phy_10g_rx_inst/eth_phy_10g_rx_if_inst/gtwiz_userclk_rx_usrclk2_out[0]
    SLICE_X111Y167       FDRE                                         r  v3_release_i/taxi_10gbe_frontend_0/inst/frontend_inst/sfp_mac_inst/ch[1].ch_inst/mac.mac_phy_inst/eth_mac_phy_10g_rx_inst/eth_phy_10g_rx_if_inst/encoded_rx_data_reg_reg[29]/C
  -------------------------------------------------------------------    -------------------
    SLICE_X111Y167       FDRE (Prop_DFF_SLICEL_C_Q)
                                                      0.079     0.871 r  v3_release_i/taxi_10gbe_frontend_0/inst/frontend_inst/sfp_mac_inst/ch[1].ch_inst/mac.mac_phy_inst/eth_mac_phy_10g_rx_inst/eth_phy_10g_rx_if_inst/encoded_rx_data_reg_reg[29]/Q
                         net (fo=2, routed)           0.598     1.469    v3_release_i/taxi_10gbe_frontend_0/inst/frontend_inst/sfp_mac_inst/ch[1].ch_inst/mac.mac_phy_inst/eth_mac_phy_10g_rx_inst/eth_phy_10g_rx_if_inst/encoded_rx_data[29]
    SLICE_X108Y164       LUT6 (Prop_H6LUT_SLICEL_I5_O)
                                                      0.090     1.559 r  v3_release_i/taxi_10gbe_frontend_0/inst/frontend_inst/sfp_mac_inst/ch[1].ch_inst/mac.mac_phy_inst/eth_mac_phy_10g_rx_inst/eth_phy_10g_rx_if_inst/rx_os_match_reg[1]_i_13__0/O
                         net (fo=1, routed)           0.010     1.569    v3_release_i/taxi_10gbe_frontend_0/inst/frontend_inst/sfp_mac_inst/ch[1].ch_inst/mac.mac_phy_inst/eth_mac_phy_10g_rx_inst/eth_phy_10g_rx_if_inst/rx_os_match_reg[1]_i_13__0_n_0
    SLICE_X108Y164       CARRY8 (Prop_CARRY8_SLICEL_S[7]_CO[7])
                                                      0.122     1.691 r  v3_release_i/taxi_10gbe_frontend_0/inst/frontend_inst/sfp_mac_inst/ch[1].ch_inst/mac.mac_phy_inst/eth_mac_phy_10g_rx_inst/eth_phy_10g_rx_if_inst/rx_os_match_reg_reg[1]_i_10/CO[7]
                         net (fo=4, routed)           0.400     2.090    v3_release_i/taxi_10gbe_frontend_0/inst/frontend_inst/sfp_mac_inst/ch[1].ch_inst/mac.mac_phy_inst/eth_mac_phy_10g_rx_inst/eth_phy_10g_rx_if_inst/axis_baser_rx_inst/rx_os_match_reg1
    SLICE_X107Y162       LUT6 (Prop_B6LUT_SLICEL_I0_O)
                                                      0.090     2.180 r  v3_release_i/taxi_10gbe_frontend_0/inst/frontend_inst/sfp_mac_inst/ch[1].ch_inst/mac.mac_phy_inst/eth_mac_phy_10g_rx_inst/eth_phy_10g_rx_if_inst/rx_os_match_reg[1]_i_6__0/O
                         net (fo=2, routed)           0.090     2.270    v3_release_i/taxi_10gbe_frontend_0/inst/frontend_inst/sfp_mac_inst/ch[1].ch_inst/mac.mac_phy_inst/eth_mac_phy_10g_rx_inst/eth_phy_10g_rx_if_inst/rx_os_match_reg[1]_i_6__0_n_0
    SLICE_X106Y162       LUT6 (Prop_C6LUT_SLICEL_I2_O)
                                                      0.088     2.358 r  v3_release_i/taxi_10gbe_frontend_0/inst/frontend_inst/sfp_mac_inst/ch[1].ch_inst/mac.mac_phy_inst/eth_mac_phy_10g_rx_inst/eth_phy_10g_rx_if_inst/rx_os_match_reg[1]_i_2__0/O
                         net (fo=1, routed)           0.393     2.751    v3_release_i/taxi_10gbe_frontend_0/inst/frontend_inst/sfp_mac_inst/ch[1].ch_inst/mac.mac_phy_inst/eth_mac_phy_10g_rx_inst/eth_phy_10g_rx_if_inst/rx_os_match_reg[1]_i_2__0_n_0
    SLICE_X106Y162       LUT6 (Prop_H6LUT_SLICEL_I0_O)
                                                      0.090     2.841 r  v3_release_i/taxi_10gbe_frontend_0/inst/frontend_inst/sfp_mac_inst/ch[1].ch_inst/mac.mac_phy_inst/eth_mac_phy_10g_rx_inst/eth_phy_10g_rx_if_inst/rx_os_match_reg[1]_i_1__0/O
                         net (fo=1, routed)           0.051     2.892    v3_release_i/taxi_10gbe_frontend_0/inst/frontend_inst/sfp_mac_inst/ch[1].ch_inst/mac.mac_phy_inst/eth_mac_phy_10g_rx_inst/axis_baser_rx_inst/rx_os_match_reg_reg[1]_0
    SLICE_X106Y162       FDRE                                         r  v3_release_i/taxi_10gbe_frontend_0/inst/frontend_inst/sfp_mac_inst/ch[1].ch_inst/mac.mac_phy_inst/eth_mac_phy_10g_rx_inst/axis_baser_rx_inst/rx_os_match_reg_reg[1]/D
  -------------------------------------------------------------------    -------------------

                         (clock gt.gt_inst_n_6 rise edge)
                                                      6.206     6.206 r
    GTHE4_CHANNEL_X0Y11  GTHE4_CHANNEL                0.000     6.206 r  v3_release_i/taxi_10gbe_frontend_0/inst/frontend_inst/sfp_mac_inst/ch[1].ch_inst/gt.gt_inst/xcvr.gt_ch_inst/inst/gen_gtwizard_gthe4_top.taxi_eth_phy_25g_us_gth_ll_ch_gtwizard_gthe4_inst/gen_gtwizard_gthe4.gen_channel_container[0].gen_enabled_channel.gthe4_channel_wrapper_inst/channel_inst/gthe4_channel_gen.gen_gthe4_channel_inst[0].GTHE4_CHANNEL_PRIM_INST/RXOUTCLK
                         net (fo=3, routed)           0.099     6.305    v3_release_i/taxi_10gbe_frontend_0/inst/frontend_inst/sfp_mac_inst/ch[1].ch_inst/gt.gt_inst/xcvr.gt_ch_inst/inst/gen_gtwizard_gthe4_top.taxi_eth_phy_25g_us_gth_ll_ch_gtwizard_gthe4_inst/gen_gtwizard_gthe4.gen_rx_user_clocking_internal.gen_single_instance.gtwiz_userclk_rx_inst/gtwiz_userclk_rx_srcclk_out[0]
    BUFG_GT_X0Y61        BUFG_GT (Prop_BUFG_GT_I_O)
                                                      0.114     6.419 r  v3_release_i/taxi_10gbe_frontend_0/inst/frontend_inst/sfp_mac_inst/ch[1].ch_inst/gt.gt_inst/xcvr.gt_ch_inst/inst/gen_gtwizard_gthe4_top.taxi_eth_phy_25g_us_gth_ll_ch_gtwizard_gthe4_inst/gen_gtwizard_gthe4.gen_rx_user_clocking_internal.gen_single_instance.gtwiz_userclk_rx_inst/gen_gtwiz_userclk_rx_main.bufg_gt_usrclk2_inst/O
    X3Y2 (CLOCK_ROOT)    net (fo=338, routed)         0.478     6.897    v3_release_i/taxi_10gbe_frontend_0/inst/frontend_inst/sfp_mac_inst/ch[1].ch_inst/mac.mac_phy_inst/eth_mac_phy_10g_rx_inst/axis_baser_rx_inst/gtwiz_userclk_rx_usrclk2_out[0]
    SLICE_X106Y162       FDRE                                         r  v3_release_i/taxi_10gbe_frontend_0/inst/frontend_inst/sfp_mac_inst/ch[1].ch_inst/mac.mac_phy_inst/eth_mac_phy_10g_rx_inst/axis_baser_rx_inst/rx_os_match_reg_reg[1]/C
                         clock pessimism              0.032     6.928
                         clock uncertainty           -0.046     6.882
    SLICE_X106Y162       FDRE (Setup_HFF_SLICEL_C_D)
                                                      0.025     6.907    v3_release_i/taxi_10gbe_frontend_0/inst/frontend_inst/sfp_mac_inst/ch[1].ch_inst/mac.mac_phy_inst/eth_mac_phy_10g_rx_inst/axis_baser_rx_inst/rx_os_match_reg_reg[1]
  -------------------------------------------------------------------
                         required time                          6.907
                         arrival time                          -2.892
  -------------------------------------------------------------------
                         slack                                  4.015





Min Delay Paths
--------------------------------------------------------------------------------------
Slack (MET) :             0.028ns  (arrival time - required time)
  Source:                 v3_release_i/taxi_10gbe_frontend_0/inst/frontend_inst/sfp_mac_inst/ch[1].ch_inst/mac.mac_phy_inst/eth_mac_phy_10g_rx_inst/eth_phy_10g_rx_if_inst/genblk1[0].serdes_rx_data_pipe_reg_reg[0][36]/C
                            (rising edge-triggered cell FDRE clocked by gt.gt_inst_n_6  {rise@0.000ns fall@3.103ns period=6.206ns})
  Destination:            v3_release_i/taxi_10gbe_frontend_0/inst/frontend_inst/sfp_mac_inst/ch[1].ch_inst/mac.mac_phy_inst/eth_mac_phy_10g_rx_inst/eth_phy_10g_rx_if_inst/scrambler_state_reg_reg[30]/D
                            (rising edge-triggered cell FDRE clocked by gt.gt_inst_n_6  {rise@0.000ns fall@3.103ns period=6.206ns})
  Path Group:             gt.gt_inst_n_6
  Path Type:              Hold (Min at Slow Process Corner)
  Requirement:            0.000ns  (gt.gt_inst_n_6 rise@0.000ns - gt.gt_inst_n_6 rise@0.000ns)
  Data Path Delay:        0.188ns  (logic 0.059ns (31.316%)  route 0.129ns (68.684%))
  Logic Levels:           0
  Clock Path Skew:        0.098ns (DCD - SCD - CPR)
    Destination Clock Delay (DCD):    0.810ns
    Source Clock Delay      (SCD):    0.680ns
    Clock Pessimism Removal (CPR):    0.032ns
  Clock Net Delay (Source):      0.467ns (routing 0.001ns, distribution 0.466ns)
  Clock Net Delay (Destination): 0.567ns (routing 0.002ns, distribution 0.565ns)

    Location             Delay type                Incr(ns)  Path(ns)    Netlist Resource(s)
  -------------------------------------------------------------------    -------------------
                         (clock gt.gt_inst_n_6 rise edge)
                                                      0.000     0.000 r
    GTHE4_CHANNEL_X0Y11  GTHE4_CHANNEL                0.000     0.000 r  v3_release_i/taxi_10gbe_frontend_0/inst/frontend_inst/sfp_mac_inst/ch[1].ch_inst/gt.gt_inst/xcvr.gt_ch_inst/inst/gen_gtwizard_gthe4_top.taxi_eth_phy_25g_us_gth_ll_ch_gtwizard_gthe4_inst/gen_gtwizard_gthe4.gen_channel_container[0].gen_enabled_channel.gthe4_channel_wrapper_inst/channel_inst/gthe4_channel_gen.gen_gthe4_channel_inst[0].GTHE4_CHANNEL_PRIM_INST/RXOUTCLK
                         net (fo=3, routed)           0.099     0.099    v3_release_i/taxi_10gbe_frontend_0/inst/frontend_inst/sfp_mac_inst/ch[1].ch_inst/gt.gt_inst/xcvr.gt_ch_inst/inst/gen_gtwizard_gthe4_top.taxi_eth_phy_25g_us_gth_ll_ch_gtwizard_gthe4_inst/gen_gtwizard_gthe4.gen_rx_user_clocking_internal.gen_single_instance.gtwiz_userclk_rx_inst/gtwiz_userclk_rx_srcclk_out[0]
    BUFG_GT_X0Y61        BUFG_GT (Prop_BUFG_GT_I_O)
                                                      0.114     0.213 r  v3_release_i/taxi_10gbe_frontend_0/inst/frontend_inst/sfp_mac_inst/ch[1].ch_inst/gt.gt_inst/xcvr.gt_ch_inst/inst/gen_gtwizard_gthe4_top.taxi_eth_phy_25g_us_gth_ll_ch_gtwizard_gthe4_inst/gen_gtwizard_gthe4.gen_rx_user_clocking_internal.gen_single_instance.gtwiz_userclk_rx_inst/gen_gtwiz_userclk_rx_main.bufg_gt_usrclk2_inst/O
    X3Y2 (CLOCK_ROOT)    net (fo=338, routed)         0.467     0.680    v3_release_i/taxi_10gbe_frontend_0/inst/frontend_inst/sfp_mac_inst/ch[1].ch_inst/mac.mac_phy_inst/eth_mac_phy_10g_rx_inst/eth_phy_10g_rx_if_inst/gtwiz_userclk_rx_usrclk2_out[0]
    SLICE_X111Y170       FDRE                                         r  v3_release_i/taxi_10gbe_frontend_0/inst/frontend_inst/sfp_mac_inst/ch[1].ch_inst/mac.mac_phy_inst/eth_mac_phy_10g_rx_inst/eth_phy_10g_rx_if_inst/genblk1[0].serdes_rx_data_pipe_reg_reg[0][36]/C
  -------------------------------------------------------------------    -------------------
    SLICE_X111Y170       FDRE (Prop_EFF_SLICEL_C_Q)
                                                      0.059     0.739 r  v3_release_i/taxi_10gbe_frontend_0/inst/frontend_inst/sfp_mac_inst/ch[1].ch_inst/mac.mac_phy_inst/eth_mac_phy_10g_rx_inst/eth_phy_10g_rx_if_inst/genblk1[0].serdes_rx_data_pipe_reg_reg[0][36]/Q
                         net (fo=2, routed)           0.129     0.868    v3_release_i/taxi_10gbe_frontend_0/inst/frontend_inst/sfp_mac_inst/ch[1].ch_inst/mac.mac_phy_inst/eth_mac_phy_10g_rx_inst/eth_phy_10g_rx_if_inst/p_0_in_0[38]
    SLICE_X109Y168       FDRE                                         r  v3_release_i/taxi_10gbe_frontend_0/inst/frontend_inst/sfp_mac_inst/ch[1].ch_inst/mac.mac_phy_inst/eth_mac_phy_10g_rx_inst/eth_phy_10g_rx_if_inst/scrambler_state_reg_reg[30]/D
  -------------------------------------------------------------------    -------------------

                         (clock gt.gt_inst_n_6 rise edge)
                                                      0.000     0.000 r
    GTHE4_CHANNEL_X0Y11  GTHE4_CHANNEL                0.000     0.000 r  v3_release_i/taxi_10gbe_frontend_0/inst/frontend_inst/sfp_mac_inst/ch[1].ch_inst/gt.gt_inst/xcvr.gt_ch_inst/inst/gen_gtwizard_gthe4_top.taxi_eth_phy_25g_us_gth_ll_ch_gtwizard_gthe4_inst/gen_gtwizard_gthe4.gen_channel_container[0].gen_enabled_channel.gthe4_channel_wrapper_inst/channel_inst/gthe4_channel_gen.gen_gthe4_channel_inst[0].GTHE4_CHANNEL_PRIM_INST/RXOUTCLK
                         net (fo=3, routed)           0.113     0.113    v3_release_i/taxi_10gbe_frontend_0/inst/frontend_inst/sfp_mac_inst/ch[1].ch_inst/gt.gt_inst/xcvr.gt_ch_inst/inst/gen_gtwizard_gthe4_top.taxi_eth_phy_25g_us_gth_ll_ch_gtwizard_gthe4_inst/gen_gtwizard_gthe4.gen_rx_user_clocking_internal.gen_single_instance.gtwiz_userclk_rx_inst/gtwiz_userclk_rx_srcclk_out[0]
    BUFG_GT_X0Y61        BUFG_GT (Prop_BUFG_GT_I_O)
                                                      0.130     0.243 r  v3_release_i/taxi_10gbe_frontend_0/inst/frontend_inst/sfp_mac_inst/ch[1].ch_inst/gt.gt_inst/xcvr.gt_ch_inst/inst/gen_gtwizard_gthe4_top.taxi_eth_phy_25g_us_gth_ll_ch_gtwizard_gthe4_inst/gen_gtwizard_gthe4.gen_rx_user_clocking_internal.gen_single_instance.gtwiz_userclk_rx_inst/gen_gtwiz_userclk_rx_main.bufg_gt_usrclk2_inst/O
    X3Y2 (CLOCK_ROOT)    net (fo=338, routed)         0.567     0.810    v3_release_i/taxi_10gbe_frontend_0/inst/frontend_inst/sfp_mac_inst/ch[1].ch_inst/mac.mac_phy_inst/eth_mac_phy_10g_rx_inst/eth_phy_10g_rx_if_inst/gtwiz_userclk_rx_usrclk2_out[0]
    SLICE_X109Y168       FDRE                                         r  v3_release_i/taxi_10gbe_frontend_0/inst/frontend_inst/sfp_mac_inst/ch[1].ch_inst/mac.mac_phy_inst/eth_mac_phy_10g_rx_inst/eth_phy_10g_rx_if_inst/scrambler_state_reg_reg[30]/C
                         clock pessimism             -0.032     0.778
    SLICE_X109Y168       FDRE (Hold_FFF2_SLICEM_C_D)
                                                      0.062     0.840    v3_release_i/taxi_10gbe_frontend_0/inst/frontend_inst/sfp_mac_inst/ch[1].ch_inst/mac.mac_phy_inst/eth_mac_phy_10g_rx_inst/eth_phy_10g_rx_if_inst/scrambler_state_reg_reg[30]
  -------------------------------------------------------------------
                         required time                         -0.840
                         arrival time                           0.868
  -------------------------------------------------------------------
                         slack                                  0.028





Pulse Width Checks
--------------------------------------------------------------------------------------
Clock Name:         gt.gt_inst_n_6
Waveform(ns):       { 0.000 3.103 }
Period(ns):         6.206
Sources:            { v3_release_i/taxi_10gbe_frontend_0/inst/frontend_inst/sfp_mac_inst/ch[1].ch_inst/gt.gt_inst/xcvr.gt_ch_inst/inst/gen_gtwizard_gthe4_top.taxi_eth_phy_25g_us_gth_ll_ch_gtwizard_gthe4_inst/gen_gtwizard_gthe4.gen_rx_user_clocking_internal.gen_single_instance.gtwiz_userclk_rx_inst/gen_gtwiz_userclk_rx_main.bufg_gt_usrclk2_inst/O }

Check Type        Corner  Lib Pin                  Reference Pin           Required(ns)  Actual(ns)  Slack(ns)  Location             Pin
Min Period        n/a     FDRE/C                   n/a                     0.550         6.206       5.656      SLICE_X111Y171       v3_release_i/taxi_10gbe_frontend_0/inst/frontend_inst/sfp_mac_inst/ch[1].ch_inst/gt.gt_inst/ctrl_regs_inst/rx_ctrl_sync_inst/sync_reg_reg[0][4]/C
Low Pulse Width   Slow    FDRE/C                   n/a                     0.275         3.103       2.828      SLICE_X111Y171       v3_release_i/taxi_10gbe_frontend_0/inst/frontend_inst/sfp_mac_inst/ch[1].ch_inst/gt.gt_inst/ctrl_regs_inst/rx_ctrl_sync_inst/sync_reg_reg[0][4]/C
High Pulse Width  Slow    FDRE/C                   n/a                     0.275         3.103       2.828      SLICE_X111Y171       v3_release_i/taxi_10gbe_frontend_0/inst/frontend_inst/sfp_mac_inst/ch[1].ch_inst/gt.gt_inst/ctrl_regs_inst/rx_ctrl_sync_inst/sync_reg_reg[0][4]/C
Max Skew          Slow    GTHE4_CHANNEL/RXUSRCLK2  GTHE4_CHANNEL/RXUSRCLK  0.737         0.098       0.639      GTHE4_CHANNEL_X0Y11  v3_release_i/taxi_10gbe_frontend_0/inst/frontend_inst/sfp_mac_inst/ch[1].ch_inst/gt.gt_inst/xcvr.gt_ch_inst/inst/gen_gtwizard_gthe4_top.taxi_eth_phy_25g_us_gth_ll_ch_gtwizard_gthe4_inst/gen_gtwizard_gthe4.gen_channel_container[0].gen_enabled_channel.gthe4_channel_wrapper_inst/channel_inst/gthe4_channel_gen.gen_gthe4_channel_inst[0].GTHE4_CHANNEL_PRIM_INST/RXUSRCLK2



---------------------------------------------------------------------------------------------------
From Clock:  gtwiz_userclk_tx_srcclk_out[0]
  To Clock:  gtwiz_userclk_tx_srcclk_out[0]

Setup :           NA  Failing Endpoints,  Worst Slack           NA  ,  Total Violation           NA
Hold  :           NA  Failing Endpoints,  Worst Slack           NA  ,  Total Violation           NA
PW    :            0  Failing Endpoints,  Worst Slack        0.385ns,  Total Violation        0.000ns
---------------------------------------------------------------------------------------------------


Pulse Width Checks
--------------------------------------------------------------------------------------
Clock Name:         gtwiz_userclk_tx_srcclk_out[0]
Waveform(ns):       { 0.000 1.552 }
Period(ns):         3.103
Sources:            { v3_release_i/taxi_10gbe_frontend_0/inst/frontend_inst/sfp_mac_inst/ch[0].ch_inst/gt.gt_inst/xcvr.gt_ch_inst/inst/gen_gtwizard_gthe4_top.taxi_eth_phy_25g_us_gth_ll_full_gtwizard_gthe4_inst/gen_gtwizard_gthe4.gen_channel_container[0].gen_enabled_channel.gthe4_channel_wrapper_inst/channel_inst/gthe4_channel_gen.gen_gthe4_channel_inst[0].GTHE4_CHANNEL_PRIM_INST/TXOUTCLK }

Check Type  Corner  Lib Pin                 Reference Pin            Required(ns)  Actual(ns)  Slack(ns)  Location             Pin
Min Period  n/a     BUFG_GT/I               n/a                      1.290         3.103       1.813      BUFG_GT_X0Y71        v3_release_i/taxi_10gbe_frontend_0/inst/frontend_inst/sfp_mac_inst/ch[0].ch_inst/gt.gt_inst/xcvr.gt_ch_inst/inst/gen_gtwizard_gthe4_top.taxi_eth_phy_25g_us_gth_ll_full_gtwizard_gthe4_inst/gen_gtwizard_gthe4.gen_tx_user_clocking_internal.gen_single_instance.gtwiz_userclk_tx_inst/gen_gtwiz_userclk_tx_main.bufg_gt_usrclk2_inst/I
Max Skew    Slow    GTHE4_CHANNEL/TXUSRCLK  GTHE4_CHANNEL/TXUSRCLK2  0.563         0.178       0.385      GTHE4_CHANNEL_X0Y10  v3_release_i/taxi_10gbe_frontend_0/inst/frontend_inst/sfp_mac_inst/ch[0].ch_inst/gt.gt_inst/xcvr.gt_ch_inst/inst/gen_gtwizard_gthe4_top.taxi_eth_phy_25g_us_gth_ll_full_gtwizard_gthe4_inst/gen_gtwizard_gthe4.gen_channel_container[0].gen_enabled_channel.gthe4_channel_wrapper_inst/channel_inst/gthe4_channel_gen.gen_gthe4_channel_inst[0].GTHE4_CHANNEL_PRIM_INST/TXUSRCLK



---------------------------------------------------------------------------------------------------
From Clock:  gt.gt_inst_n_5
  To Clock:  gt.gt_inst_n_5

Setup :            0  Failing Endpoints,  Worst Slack        4.257ns,  Total Violation        0.000ns
Hold  :            0  Failing Endpoints,  Worst Slack        0.012ns,  Total Violation        0.000ns
PW    :            0  Failing Endpoints,  Worst Slack        0.634ns,  Total Violation        0.000ns
---------------------------------------------------------------------------------------------------


Max Delay Paths
--------------------------------------------------------------------------------------
Slack (MET) :             4.257ns  (required time - arrival time)
  Source:                 v3_release_i/taxi_10gbe_frontend_0/inst/frontend_inst/sfp_mac_inst/ch[0].ch_inst/mac.mac_phy_inst/an.rx_sync_inst/sync_reg_reg[1][25]/C
                            (rising edge-triggered cell FDRE clocked by gt.gt_inst_n_5  {rise@0.000ns fall@3.103ns period=6.206ns})
  Destination:            v3_release_i/taxi_10gbe_frontend_0/inst/frontend_inst/sfp_mac_inst/ch[0].ch_inst/mac.mac_phy_inst/an.an_inst/an_lp_adv_ability_reg_reg[3]/CE
                            (rising edge-triggered cell FDRE clocked by gt.gt_inst_n_5  {rise@0.000ns fall@3.103ns period=6.206ns})
  Path Group:             gt.gt_inst_n_5
  Path Type:              Setup (Max at Slow Process Corner)
  Requirement:            6.206ns  (gt.gt_inst_n_5 rise@6.206ns - gt.gt_inst_n_5 rise@0.000ns)
  Data Path Delay:        1.783ns  (logic 0.377ns (21.146%)  route 1.406ns (78.854%))
  Logic Levels:           4  (LUT2=1 LUT4=2 LUT6=1)
  Clock Path Skew:        -0.059ns (DCD - SCD + CPR)
    Destination Clock Delay (DCD):    1.129ns = ( 7.335 - 6.206 )
    Source Clock Delay      (SCD):    1.277ns
    Clock Pessimism Removal (CPR):    0.089ns
  Clock Uncertainty:      0.046ns  ((TSJ^2 + DJ^2)^1/2) / 2 + PE
    Total System Jitter     (TSJ):    0.071ns
    Discrete Jitter          (DJ):    0.060ns
    Phase Error              (PE):    0.000ns
  Clock Net Delay (Source):      1.034ns (routing 0.186ns, distribution 0.848ns)
  Clock Net Delay (Destination): 0.916ns (routing 0.167ns, distribution 0.749ns)

    Location             Delay type                Incr(ns)  Path(ns)    Netlist Resource(s)
  -------------------------------------------------------------------    -------------------
                         (clock gt.gt_inst_n_5 rise edge)
                                                      0.000     0.000 r
    GTHE4_CHANNEL_X0Y10  GTHE4_CHANNEL                0.000     0.000 r  v3_release_i/taxi_10gbe_frontend_0/inst/frontend_inst/sfp_mac_inst/ch[0].ch_inst/gt.gt_inst/xcvr.gt_ch_inst/inst/gen_gtwizard_gthe4_top.taxi_eth_phy_25g_us_gth_ll_full_gtwizard_gthe4_inst/gen_gtwizard_gthe4.gen_channel_container[0].gen_enabled_channel.gthe4_channel_wrapper_inst/channel_inst/gthe4_channel_gen.gen_gthe4_channel_inst[0].GTHE4_CHANNEL_PRIM_INST/TXOUTCLK
                         net (fo=3, routed)           0.113     0.113    v3_release_i/taxi_10gbe_frontend_0/inst/frontend_inst/sfp_mac_inst/ch[0].ch_inst/gt.gt_inst/xcvr.gt_ch_inst/inst/gen_gtwizard_gthe4_top.taxi_eth_phy_25g_us_gth_ll_full_gtwizard_gthe4_inst/gen_gtwizard_gthe4.gen_tx_user_clocking_internal.gen_single_instance.gtwiz_userclk_tx_inst/gtwiz_userclk_tx_srcclk_out[0]
    BUFG_GT_X0Y71        BUFG_GT (Prop_BUFG_GT_I_O)
                                                      0.130     0.243 r  v3_release_i/taxi_10gbe_frontend_0/inst/frontend_inst/sfp_mac_inst/ch[0].ch_inst/gt.gt_inst/xcvr.gt_ch_inst/inst/gen_gtwizard_gthe4_top.taxi_eth_phy_25g_us_gth_ll_full_gtwizard_gthe4_inst/gen_gtwizard_gthe4.gen_tx_user_clocking_internal.gen_single_instance.gtwiz_userclk_tx_inst/gen_gtwiz_userclk_tx_main.bufg_gt_usrclk2_inst/O
    X3Y2 (CLOCK_ROOT)    net (fo=380, routed)         1.034     1.277    v3_release_i/taxi_10gbe_frontend_0/inst/frontend_inst/sfp_mac_inst/ch[0].ch_inst/mac.mac_phy_inst/an.rx_sync_inst/gtwiz_userclk_tx_usrclk2_out[0]
    SLICE_X108Y201       FDRE                                         r  v3_release_i/taxi_10gbe_frontend_0/inst/frontend_inst/sfp_mac_inst/ch[0].ch_inst/mac.mac_phy_inst/an.rx_sync_inst/sync_reg_reg[1][25]/C
  -------------------------------------------------------------------    -------------------
    SLICE_X108Y201       FDRE (Prop_FFF2_SLICEL_C_Q)
                                                      0.081     1.358 r  v3_release_i/taxi_10gbe_frontend_0/inst/frontend_inst/sfp_mac_inst/ch[0].ch_inst/mac.mac_phy_inst/an.rx_sync_inst/sync_reg_reg[1][25]/Q
                         net (fo=3, routed)           0.299     1.657    v3_release_i/taxi_10gbe_frontend_0/inst/frontend_inst/sfp_mac_inst/ch[0].ch_inst/mac.mac_phy_inst/an.rx_sync_inst/sync_reg[1]_17[25]
    SLICE_X109Y200       LUT4 (Prop_D5LUT_SLICEM_I2_O)
                                                      0.158     1.815 r  v3_release_i/taxi_10gbe_frontend_0/inst/frontend_inst/sfp_mac_inst/ch[0].ch_inst/mac.mac_phy_inst/an.rx_sync_inst/FSM_sequential_state_reg[2]_i_9/O
                         net (fo=1, routed)           0.197     2.012    v3_release_i/taxi_10gbe_frontend_0/inst/frontend_inst/sfp_mac_inst/ch[0].ch_inst/mac.mac_phy_inst/an.rx_sync_inst/FSM_sequential_state_reg[2]_i_9_n_0
    SLICE_X110Y200       LUT4 (Prop_B6LUT_SLICEL_I1_O)
                                                      0.051     2.063 f  v3_release_i/taxi_10gbe_frontend_0/inst/frontend_inst/sfp_mac_inst/ch[0].ch_inst/mac.mac_phy_inst/an.rx_sync_inst/FSM_sequential_state_reg[2]_i_6/O
                         net (fo=5, routed)           0.302     2.365    v3_release_i/taxi_10gbe_frontend_0/inst/frontend_inst/sfp_mac_inst/ch[0].ch_inst/mac.mac_phy_inst/an.rx_sync_inst/state_next3
    SLICE_X109Y197       LUT2 (Prop_B6LUT_SLICEM_I1_O)
                                                      0.052     2.417 f  v3_release_i/taxi_10gbe_frontend_0/inst/frontend_inst/sfp_mac_inst/ch[0].ch_inst/mac.mac_phy_inst/an.rx_sync_inst/FSM_sequential_state_reg[2]_i_4/O
                         net (fo=9, routed)           0.163     2.580    v3_release_i/taxi_10gbe_frontend_0/inst/frontend_inst/sfp_mac_inst/ch[0].ch_inst/mac.mac_phy_inst/an.an_inst/state_next127_out__1
    SLICE_X110Y198       LUT6 (Prop_F6LUT_SLICEL_I4_O)
                                                      0.035     2.615 r  v3_release_i/taxi_10gbe_frontend_0/inst/frontend_inst/sfp_mac_inst/ch[0].ch_inst/mac.mac_phy_inst/an.an_inst/an_lp_adv_ability_reg[15]_i_1/O
                         net (fo=15, routed)          0.445     3.060    v3_release_i/taxi_10gbe_frontend_0/inst/frontend_inst/sfp_mac_inst/ch[0].ch_inst/mac.mac_phy_inst/an.an_inst/an_lp_adv_ability_next
    SLICE_X109Y200       FDRE                                         r  v3_release_i/taxi_10gbe_frontend_0/inst/frontend_inst/sfp_mac_inst/ch[0].ch_inst/mac.mac_phy_inst/an.an_inst/an_lp_adv_ability_reg_reg[3]/CE
  -------------------------------------------------------------------    -------------------

                         (clock gt.gt_inst_n_5 rise edge)
                                                      6.206     6.206 r
    GTHE4_CHANNEL_X0Y10  GTHE4_CHANNEL                0.000     6.206 r  v3_release_i/taxi_10gbe_frontend_0/inst/frontend_inst/sfp_mac_inst/ch[0].ch_inst/gt.gt_inst/xcvr.gt_ch_inst/inst/gen_gtwizard_gthe4_top.taxi_eth_phy_25g_us_gth_ll_full_gtwizard_gthe4_inst/gen_gtwizard_gthe4.gen_channel_container[0].gen_enabled_channel.gthe4_channel_wrapper_inst/channel_inst/gthe4_channel_gen.gen_gthe4_channel_inst[0].GTHE4_CHANNEL_PRIM_INST/TXOUTCLK
                         net (fo=3, routed)           0.099     6.305    v3_release_i/taxi_10gbe_frontend_0/inst/frontend_inst/sfp_mac_inst/ch[0].ch_inst/gt.gt_inst/xcvr.gt_ch_inst/inst/gen_gtwizard_gthe4_top.taxi_eth_phy_25g_us_gth_ll_full_gtwizard_gthe4_inst/gen_gtwizard_gthe4.gen_tx_user_clocking_internal.gen_single_instance.gtwiz_userclk_tx_inst/gtwiz_userclk_tx_srcclk_out[0]
    BUFG_GT_X0Y71        BUFG_GT (Prop_BUFG_GT_I_O)
                                                      0.114     6.419 r  v3_release_i/taxi_10gbe_frontend_0/inst/frontend_inst/sfp_mac_inst/ch[0].ch_inst/gt.gt_inst/xcvr.gt_ch_inst/inst/gen_gtwizard_gthe4_top.taxi_eth_phy_25g_us_gth_ll_full_gtwizard_gthe4_inst/gen_gtwizard_gthe4.gen_tx_user_clocking_internal.gen_single_instance.gtwiz_userclk_tx_inst/gen_gtwiz_userclk_tx_main.bufg_gt_usrclk2_inst/O
    X3Y2 (CLOCK_ROOT)    net (fo=380, routed)         0.916     7.335    v3_release_i/taxi_10gbe_frontend_0/inst/frontend_inst/sfp_mac_inst/ch[0].ch_inst/mac.mac_phy_inst/an.an_inst/gtwiz_userclk_tx_usrclk2_out[0]
    SLICE_X109Y200       FDRE                                         r  v3_release_i/taxi_10gbe_frontend_0/inst/frontend_inst/sfp_mac_inst/ch[0].ch_inst/mac.mac_phy_inst/an.an_inst/an_lp_adv_ability_reg_reg[3]/C
                         clock pessimism              0.089     7.424
                         clock uncertainty           -0.046     7.378
    SLICE_X109Y200       FDRE (Setup_EFF2_SLICEM_C_CE)
                                                     -0.061     7.317    v3_release_i/taxi_10gbe_frontend_0/inst/frontend_inst/sfp_mac_inst/ch[0].ch_inst/mac.mac_phy_inst/an.an_inst/an_lp_adv_ability_reg_reg[3]
  -------------------------------------------------------------------
                         required time                          7.317
                         arrival time                          -3.060
  -------------------------------------------------------------------
                         slack                                  4.257





Min Delay Paths
--------------------------------------------------------------------------------------
Slack (MET) :             0.012ns  (arrival time - required time)
  Source:                 v3_release_i/taxi_10gbe_frontend_0/inst/frontend_inst/sfp_mac_inst/ch[0].ch_inst/mac.mac_phy_inst/eth_mac_phy_10g_tx_inst/axis_baser_tx_inst/tx_gbx_sync_reg_reg[0]/C
                            (rising edge-triggered cell FDRE clocked by gt.gt_inst_n_5  {rise@0.000ns fall@3.103ns period=6.206ns})
  Destination:            v3_release_i/taxi_10gbe_frontend_0/inst/frontend_inst/sfp_mac_inst/ch[0].ch_inst/mac.mac_phy_inst/eth_mac_phy_10g_tx_inst/eth_phy_10g_tx_if_inst/serdes_tx_gbx_sync_reg_reg/D
                            (rising edge-triggered cell FDRE clocked by gt.gt_inst_n_5  {rise@0.000ns fall@3.103ns period=6.206ns})
  Path Group:             gt.gt_inst_n_5
  Path Type:              Hold (Min at Slow Process Corner)
  Requirement:            0.000ns  (gt.gt_inst_n_5 rise@0.000ns - gt.gt_inst_n_5 rise@0.000ns)
  Data Path Delay:        0.140ns  (logic 0.058ns (41.429%)  route 0.082ns (58.571%))
  Logic Levels:           0
  Clock Path Skew:        0.066ns (DCD - SCD - CPR)
    Destination Clock Delay (DCD):    1.225ns
    Source Clock Delay      (SCD):    1.074ns
    Clock Pessimism Removal (CPR):    0.085ns
  Clock Net Delay (Source):      0.861ns (routing 0.167ns, distribution 0.694ns)
  Clock Net Delay (Destination): 0.982ns (routing 0.186ns, distribution 0.796ns)

    Location             Delay type                Incr(ns)  Path(ns)    Netlist Resource(s)
  -------------------------------------------------------------------    -------------------
                         (clock gt.gt_inst_n_5 rise edge)
                                                      0.000     0.000 r
    GTHE4_CHANNEL_X0Y10  GTHE4_CHANNEL                0.000     0.000 r  v3_release_i/taxi_10gbe_frontend_0/inst/frontend_inst/sfp_mac_inst/ch[0].ch_inst/gt.gt_inst/xcvr.gt_ch_inst/inst/gen_gtwizard_gthe4_top.taxi_eth_phy_25g_us_gth_ll_full_gtwizard_gthe4_inst/gen_gtwizard_gthe4.gen_channel_container[0].gen_enabled_channel.gthe4_channel_wrapper_inst/channel_inst/gthe4_channel_gen.gen_gthe4_channel_inst[0].GTHE4_CHANNEL_PRIM_INST/TXOUTCLK
                         net (fo=3, routed)           0.099     0.099    v3_release_i/taxi_10gbe_frontend_0/inst/frontend_inst/sfp_mac_inst/ch[0].ch_inst/gt.gt_inst/xcvr.gt_ch_inst/inst/gen_gtwizard_gthe4_top.taxi_eth_phy_25g_us_gth_ll_full_gtwizard_gthe4_inst/gen_gtwizard_gthe4.gen_tx_user_clocking_internal.gen_single_instance.gtwiz_userclk_tx_inst/gtwiz_userclk_tx_srcclk_out[0]
    BUFG_GT_X0Y71        BUFG_GT (Prop_BUFG_GT_I_O)
                                                      0.114     0.213 r  v3_release_i/taxi_10gbe_frontend_0/inst/frontend_inst/sfp_mac_inst/ch[0].ch_inst/gt.gt_inst/xcvr.gt_ch_inst/inst/gen_gtwizard_gthe4_top.taxi_eth_phy_25g_us_gth_ll_full_gtwizard_gthe4_inst/gen_gtwizard_gthe4.gen_tx_user_clocking_internal.gen_single_instance.gtwiz_userclk_tx_inst/gen_gtwiz_userclk_tx_main.bufg_gt_usrclk2_inst/O
    X3Y2 (CLOCK_ROOT)    net (fo=380, routed)         0.861     1.074    v3_release_i/taxi_10gbe_frontend_0/inst/frontend_inst/sfp_mac_inst/ch[0].ch_inst/mac.mac_phy_inst/eth_mac_phy_10g_tx_inst/axis_baser_tx_inst/gtwiz_userclk_tx_usrclk2_out[0]
    SLICE_X109Y152       FDRE                                         r  v3_release_i/taxi_10gbe_frontend_0/inst/frontend_inst/sfp_mac_inst/ch[0].ch_inst/mac.mac_phy_inst/eth_mac_phy_10g_tx_inst/axis_baser_tx_inst/tx_gbx_sync_reg_reg[0]/C
  -------------------------------------------------------------------    -------------------
    SLICE_X109Y152       FDRE (Prop_CFF_SLICEM_C_Q)
                                                      0.058     1.132 r  v3_release_i/taxi_10gbe_frontend_0/inst/frontend_inst/sfp_mac_inst/ch[0].ch_inst/mac.mac_phy_inst/eth_mac_phy_10g_tx_inst/axis_baser_tx_inst/tx_gbx_sync_reg_reg[0]/Q
                         net (fo=1, routed)           0.082     1.214    v3_release_i/taxi_10gbe_frontend_0/inst/frontend_inst/sfp_mac_inst/ch[0].ch_inst/mac.mac_phy_inst/eth_mac_phy_10g_tx_inst/eth_phy_10g_tx_if_inst/tx_gbx_sync
    SLICE_X111Y151       FDRE                                         r  v3_release_i/taxi_10gbe_frontend_0/inst/frontend_inst/sfp_mac_inst/ch[0].ch_inst/mac.mac_phy_inst/eth_mac_phy_10g_tx_inst/eth_phy_10g_tx_if_inst/serdes_tx_gbx_sync_reg_reg/D
  -------------------------------------------------------------------    -------------------

                         (clock gt.gt_inst_n_5 rise edge)
                                                      0.000     0.000 r
    GTHE4_CHANNEL_X0Y10  GTHE4_CHANNEL                0.000     0.000 r  v3_release_i/taxi_10gbe_frontend_0/inst/frontend_inst/sfp_mac_inst/ch[0].ch_inst/gt.gt_inst/xcvr.gt_ch_inst/inst/gen_gtwizard_gthe4_top.taxi_eth_phy_25g_us_gth_ll_full_gtwizard_gthe4_inst/gen_gtwizard_gthe4.gen_channel_container[0].gen_enabled_channel.gthe4_channel_wrapper_inst/channel_inst/gthe4_channel_gen.gen_gthe4_channel_inst[0].GTHE4_CHANNEL_PRIM_INST/TXOUTCLK
                         net (fo=3, routed)           0.113     0.113    v3_release_i/taxi_10gbe_frontend_0/inst/frontend_inst/sfp_mac_inst/ch[0].ch_inst/gt.gt_inst/xcvr.gt_ch_inst/inst/gen_gtwizard_gthe4_top.taxi_eth_phy_25g_us_gth_ll_full_gtwizard_gthe4_inst/gen_gtwizard_gthe4.gen_tx_user_clocking_internal.gen_single_instance.gtwiz_userclk_tx_inst/gtwiz_userclk_tx_srcclk_out[0]
    BUFG_GT_X0Y71        BUFG_GT (Prop_BUFG_GT_I_O)
                                                      0.130     0.243 r  v3_release_i/taxi_10gbe_frontend_0/inst/frontend_inst/sfp_mac_inst/ch[0].ch_inst/gt.gt_inst/xcvr.gt_ch_inst/inst/gen_gtwizard_gthe4_top.taxi_eth_phy_25g_us_gth_ll_full_gtwizard_gthe4_inst/gen_gtwizard_gthe4.gen_tx_user_clocking_internal.gen_single_instance.gtwiz_userclk_tx_inst/gen_gtwiz_userclk_tx_main.bufg_gt_usrclk2_inst/O
    X3Y2 (CLOCK_ROOT)    net (fo=380, routed)         0.982     1.225    v3_release_i/taxi_10gbe_frontend_0/inst/frontend_inst/sfp_mac_inst/ch[0].ch_inst/mac.mac_phy_inst/eth_mac_phy_10g_tx_inst/eth_phy_10g_tx_if_inst/gtwiz_userclk_tx_usrclk2_out[0]
    SLICE_X111Y151       FDRE                                         r  v3_release_i/taxi_10gbe_frontend_0/inst/frontend_inst/sfp_mac_inst/ch[0].ch_inst/mac.mac_phy_inst/eth_mac_phy_10g_tx_inst/eth_phy_10g_tx_if_inst/serdes_tx_gbx_sync_reg_reg/C
                         clock pessimism             -0.085     1.141
    SLICE_X111Y151       FDRE (Hold_HFF2_SLICEL_C_D)
                                                      0.062     1.203    v3_release_i/taxi_10gbe_frontend_0/inst/frontend_inst/sfp_mac_inst/ch[0].ch_inst/mac.mac_phy_inst/eth_mac_phy_10g_tx_inst/eth_phy_10g_tx_if_inst/serdes_tx_gbx_sync_reg_reg
  -------------------------------------------------------------------
                         required time                         -1.203
                         arrival time                           1.214
  -------------------------------------------------------------------
                         slack                                  0.012





Pulse Width Checks
--------------------------------------------------------------------------------------
Clock Name:         gt.gt_inst_n_5
Waveform(ns):       { 0.000 3.103 }
Period(ns):         6.206
Sources:            { v3_release_i/taxi_10gbe_frontend_0/inst/frontend_inst/sfp_mac_inst/ch[0].ch_inst/gt.gt_inst/xcvr.gt_ch_inst/inst/gen_gtwizard_gthe4_top.taxi_eth_phy_25g_us_gth_ll_full_gtwizard_gthe4_inst/gen_gtwizard_gthe4.gen_tx_user_clocking_internal.gen_single_instance.gtwiz_userclk_tx_inst/gen_gtwiz_userclk_tx_main.bufg_gt_usrclk2_inst/O }

Check Type        Corner  Lib Pin                  Reference Pin           Required(ns)  Actual(ns)  Slack(ns)  Location             Pin
Min Period        n/a     FDRE/C                   n/a                     0.550         6.206       5.656      SLICE_X108Y154       v3_release_i/taxi_10gbe_frontend_0/inst/frontend_inst/sfp_mac_inst/ch[0].ch_inst/gt.gt_inst/tx_seq.tx_req_stall_reg_reg_inv/C
Low Pulse Width   Slow    FDRE/C                   n/a                     0.275         3.103       2.828      SLICE_X108Y154       v3_release_i/taxi_10gbe_frontend_0/inst/frontend_inst/sfp_mac_inst/ch[0].ch_inst/gt.gt_inst/tx_seq.tx_req_stall_reg_reg_inv/C
High Pulse Width  Slow    FDRE/C                   n/a                     0.275         3.103       2.828      SLICE_X108Y154       v3_release_i/taxi_10gbe_frontend_0/inst/frontend_inst/sfp_mac_inst/ch[0].ch_inst/gt.gt_inst/tx_seq.tx_req_stall_reg_reg_inv/C
Max Skew          Slow    GTHE4_CHANNEL/TXUSRCLK2  GTHE4_CHANNEL/TXUSRCLK  0.751         0.117       0.634      GTHE4_CHANNEL_X0Y10  v3_release_i/taxi_10gbe_frontend_0/inst/frontend_inst/sfp_mac_inst/ch[0].ch_inst/gt.gt_inst/xcvr.gt_ch_inst/inst/gen_gtwizard_gthe4_top.taxi_eth_phy_25g_us_gth_ll_full_gtwizard_gthe4_inst/gen_gtwizard_gthe4.gen_channel_container[0].gen_enabled_channel.gthe4_channel_wrapper_inst/channel_inst/gthe4_channel_gen.gen_gthe4_channel_inst[0].GTHE4_CHANNEL_PRIM_INST/TXUSRCLK2



---------------------------------------------------------------------------------------------------
From Clock:  gtwiz_userclk_tx_srcclk_out[0]_1
  To Clock:  gtwiz_userclk_tx_srcclk_out[0]_1

Setup :           NA  Failing Endpoints,  Worst Slack           NA  ,  Total Violation           NA
Hold  :           NA  Failing Endpoints,  Worst Slack           NA  ,  Total Violation           NA
PW    :            0  Failing Endpoints,  Worst Slack        0.470ns,  Total Violation        0.000ns
---------------------------------------------------------------------------------------------------


Pulse Width Checks
--------------------------------------------------------------------------------------
Clock Name:         gtwiz_userclk_tx_srcclk_out[0]_1
Waveform(ns):       { 0.000 1.552 }
Period(ns):         3.103
Sources:            { v3_release_i/taxi_10gbe_frontend_0/inst/frontend_inst/sfp_mac_inst/ch[1].ch_inst/gt.gt_inst/xcvr.gt_ch_inst/inst/gen_gtwizard_gthe4_top.taxi_eth_phy_25g_us_gth_ll_ch_gtwizard_gthe4_inst/gen_gtwizard_gthe4.gen_channel_container[0].gen_enabled_channel.gthe4_channel_wrapper_inst/channel_inst/gthe4_channel_gen.gen_gthe4_channel_inst[0].GTHE4_CHANNEL_PRIM_INST/TXOUTCLK }

Check Type  Corner  Lib Pin                 Reference Pin            Required(ns)  Actual(ns)  Slack(ns)  Location             Pin
Min Period  n/a     BUFG_GT/I               n/a                      1.290         3.103       1.813      BUFG_GT_X0Y70        v3_release_i/taxi_10gbe_frontend_0/inst/frontend_inst/sfp_mac_inst/ch[1].ch_inst/gt.gt_inst/xcvr.gt_ch_inst/inst/gen_gtwizard_gthe4_top.taxi_eth_phy_25g_us_gth_ll_ch_gtwizard_gthe4_inst/gen_gtwizard_gthe4.gen_tx_user_clocking_internal.gen_single_instance.gtwiz_userclk_tx_inst/gen_gtwiz_userclk_tx_main.bufg_gt_usrclk2_inst/I
Max Skew    Slow    GTHE4_CHANNEL/TXUSRCLK  GTHE4_CHANNEL/TXUSRCLK2  0.563         0.093       0.470      GTHE4_CHANNEL_X0Y11  v3_release_i/taxi_10gbe_frontend_0/inst/frontend_inst/sfp_mac_inst/ch[1].ch_inst/gt.gt_inst/xcvr.gt_ch_inst/inst/gen_gtwizard_gthe4_top.taxi_eth_phy_25g_us_gth_ll_ch_gtwizard_gthe4_inst/gen_gtwizard_gthe4.gen_channel_container[0].gen_enabled_channel.gthe4_channel_wrapper_inst/channel_inst/gthe4_channel_gen.gen_gthe4_channel_inst[0].GTHE4_CHANNEL_PRIM_INST/TXUSRCLK



---------------------------------------------------------------------------------------------------
From Clock:  gt.gt_inst_n_5_1
  To Clock:  gt.gt_inst_n_5_1

Setup :            0  Failing Endpoints,  Worst Slack        4.162ns,  Total Violation        0.000ns
Hold  :            0  Failing Endpoints,  Worst Slack        0.020ns,  Total Violation        0.000ns
PW    :            0  Failing Endpoints,  Worst Slack        0.656ns,  Total Violation        0.000ns
---------------------------------------------------------------------------------------------------


Max Delay Paths
--------------------------------------------------------------------------------------
Slack (MET) :             4.162ns  (required time - arrival time)
  Source:                 v3_release_i/taxi_10gbe_frontend_0/inst/frontend_inst/sfp_mac_inst/ch[1].ch_inst/mac.mac_phy_inst/an.rx_sync_inst/sync_reg_reg[1][5]/C
                            (rising edge-triggered cell FDRE clocked by gt.gt_inst_n_5_1  {rise@0.000ns fall@3.103ns period=6.206ns})
  Destination:            v3_release_i/taxi_10gbe_frontend_0/inst/frontend_inst/sfp_mac_inst/ch[1].ch_inst/mac.mac_phy_inst/an.an_inst/an_lp_adv_ability_reg_reg[3]/CE
                            (rising edge-triggered cell FDRE clocked by gt.gt_inst_n_5_1  {rise@0.000ns fall@3.103ns period=6.206ns})
  Path Group:             gt.gt_inst_n_5_1
  Path Type:              Setup (Max at Slow Process Corner)
  Requirement:            6.206ns  (gt.gt_inst_n_5_1 rise@6.206ns - gt.gt_inst_n_5_1 rise@0.000ns)
  Data Path Delay:        1.885ns  (logic 0.622ns (33.005%)  route 1.263ns (66.995%))
  Logic Levels:           4  (LUT2=1 LUT4=1 LUT6=2)
  Clock Path Skew:        -0.053ns (DCD - SCD + CPR)
    Destination Clock Delay (DCD):    0.685ns = ( 6.891 - 6.206 )
    Source Clock Delay      (SCD):    0.817ns
    Clock Pessimism Removal (CPR):    0.079ns
  Clock Uncertainty:      0.046ns  ((TSJ^2 + DJ^2)^1/2) / 2 + PE
    Total System Jitter     (TSJ):    0.071ns
    Discrete Jitter          (DJ):    0.060ns
    Phase Error              (PE):    0.000ns
  Clock Net Delay (Source):      0.574ns (routing 0.002ns, distribution 0.572ns)
  Clock Net Delay (Destination): 0.472ns (routing 0.001ns, distribution 0.471ns)

    Location             Delay type                Incr(ns)  Path(ns)    Netlist Resource(s)
  -------------------------------------------------------------------    -------------------
                         (clock gt.gt_inst_n_5_1 rise edge)
                                                      0.000     0.000 r
    GTHE4_CHANNEL_X0Y11  GTHE4_CHANNEL                0.000     0.000 r  v3_release_i/taxi_10gbe_frontend_0/inst/frontend_inst/sfp_mac_inst/ch[1].ch_inst/gt.gt_inst/xcvr.gt_ch_inst/inst/gen_gtwizard_gthe4_top.taxi_eth_phy_25g_us_gth_ll_ch_gtwizard_gthe4_inst/gen_gtwizard_gthe4.gen_channel_container[0].gen_enabled_channel.gthe4_channel_wrapper_inst/channel_inst/gthe4_channel_gen.gen_gthe4_channel_inst[0].GTHE4_CHANNEL_PRIM_INST/TXOUTCLK
                         net (fo=3, routed)           0.113     0.113    v3_release_i/taxi_10gbe_frontend_0/inst/frontend_inst/sfp_mac_inst/ch[1].ch_inst/gt.gt_inst/xcvr.gt_ch_inst/inst/gen_gtwizard_gthe4_top.taxi_eth_phy_25g_us_gth_ll_ch_gtwizard_gthe4_inst/gen_gtwizard_gthe4.gen_tx_user_clocking_internal.gen_single_instance.gtwiz_userclk_tx_inst/gtwiz_userclk_tx_srcclk_out[0]
    BUFG_GT_X0Y70        BUFG_GT (Prop_BUFG_GT_I_O)
                                                      0.130     0.243 r  v3_release_i/taxi_10gbe_frontend_0/inst/frontend_inst/sfp_mac_inst/ch[1].ch_inst/gt.gt_inst/xcvr.gt_ch_inst/inst/gen_gtwizard_gthe4_top.taxi_eth_phy_25g_us_gth_ll_ch_gtwizard_gthe4_inst/gen_gtwizard_gthe4.gen_tx_user_clocking_internal.gen_single_instance.gtwiz_userclk_tx_inst/gen_gtwiz_userclk_tx_main.bufg_gt_usrclk2_inst/O
    X3Y2 (CLOCK_ROOT)    net (fo=380, routed)         0.574     0.817    v3_release_i/taxi_10gbe_frontend_0/inst/frontend_inst/sfp_mac_inst/ch[1].ch_inst/mac.mac_phy_inst/an.rx_sync_inst/gtwiz_userclk_tx_usrclk2_out[0]
    SLICE_X107Y163       FDRE                                         r  v3_release_i/taxi_10gbe_frontend_0/inst/frontend_inst/sfp_mac_inst/ch[1].ch_inst/mac.mac_phy_inst/an.rx_sync_inst/sync_reg_reg[1][5]/C
  -------------------------------------------------------------------    -------------------
    SLICE_X107Y163       FDRE (Prop_EFF2_SLICEL_C_Q)
                                                      0.081     0.898 r  v3_release_i/taxi_10gbe_frontend_0/inst/frontend_inst/sfp_mac_inst/ch[1].ch_inst/mac.mac_phy_inst/an.rx_sync_inst/sync_reg_reg[1][5]/Q
                         net (fo=1, routed)           0.292     1.190    v3_release_i/taxi_10gbe_frontend_0/inst/frontend_inst/sfp_mac_inst/ch[1].ch_inst/mac.mac_phy_inst/an.rx_sync_inst/sync_reg[1]_36[5]
    SLICE_X107Y163       LUT4 (Prop_E6LUT_SLICEL_I1_O)
                                                      0.147     1.337 f  v3_release_i/taxi_10gbe_frontend_0/inst/frontend_inst/sfp_mac_inst/ch[1].ch_inst/mac.mac_phy_inst/an.rx_sync_inst/an_usxgmii_mode_reg_i_5__0/O
                         net (fo=2, routed)           0.110     1.447    v3_release_i/taxi_10gbe_frontend_0/inst/frontend_inst/sfp_mac_inst/ch[1].ch_inst/mac.mac_phy_inst/an.rx_sync_inst/an_usxgmii_mode_reg_i_5__0_n_0
    SLICE_X106Y163       LUT6 (Prop_F6LUT_SLICEL_I0_O)
                                                      0.148     1.595 r  v3_release_i/taxi_10gbe_frontend_0/inst/frontend_inst/sfp_mac_inst/ch[1].ch_inst/mac.mac_phy_inst/an.rx_sync_inst/an_usxgmii_mode_reg_i_3__0/O
                         net (fo=7, routed)           0.236     1.831    v3_release_i/taxi_10gbe_frontend_0/inst/frontend_inst/sfp_mac_inst/ch[1].ch_inst/mac.mac_phy_inst/an.rx_sync_inst/sync_reg_reg[1][11]_0
    SLICE_X105Y165       LUT2 (Prop_C6LUT_SLICEM_I0_O)
                                                      0.098     1.929 r  v3_release_i/taxi_10gbe_frontend_0/inst/frontend_inst/sfp_mac_inst/ch[1].ch_inst/mac.mac_phy_inst/an.rx_sync_inst/an_lp_adv_ability_reg[15]_i_2__0/O
                         net (fo=3, routed)           0.161     2.090    v3_release_i/taxi_10gbe_frontend_0/inst/frontend_inst/sfp_mac_inst/ch[1].ch_inst/mac.mac_phy_inst/an.an_inst/an_lp_adv_ability_reg_reg[0]_0
    SLICE_X106Y165       LUT6 (Prop_F6LUT_SLICEL_I2_O)
                                                      0.148     2.238 r  v3_release_i/taxi_10gbe_frontend_0/inst/frontend_inst/sfp_mac_inst/ch[1].ch_inst/mac.mac_phy_inst/an.an_inst/an_lp_adv_ability_reg[15]_i_1__0/O
                         net (fo=15, routed)          0.463     2.702    v3_release_i/taxi_10gbe_frontend_0/inst/frontend_inst/sfp_mac_inst/ch[1].ch_inst/mac.mac_phy_inst/an.an_inst/an_lp_adv_ability_next
    SLICE_X107Y164       FDRE                                         r  v3_release_i/taxi_10gbe_frontend_0/inst/frontend_inst/sfp_mac_inst/ch[1].ch_inst/mac.mac_phy_inst/an.an_inst/an_lp_adv_ability_reg_reg[3]/CE
  -------------------------------------------------------------------    -------------------

                         (clock gt.gt_inst_n_5_1 rise edge)
                                                      6.206     6.206 r
    GTHE4_CHANNEL_X0Y11  GTHE4_CHANNEL                0.000     6.206 r  v3_release_i/taxi_10gbe_frontend_0/inst/frontend_inst/sfp_mac_inst/ch[1].ch_inst/gt.gt_inst/xcvr.gt_ch_inst/inst/gen_gtwizard_gthe4_top.taxi_eth_phy_25g_us_gth_ll_ch_gtwizard_gthe4_inst/gen_gtwizard_gthe4.gen_channel_container[0].gen_enabled_channel.gthe4_channel_wrapper_inst/channel_inst/gthe4_channel_gen.gen_gthe4_channel_inst[0].GTHE4_CHANNEL_PRIM_INST/TXOUTCLK
                         net (fo=3, routed)           0.099     6.305    v3_release_i/taxi_10gbe_frontend_0/inst/frontend_inst/sfp_mac_inst/ch[1].ch_inst/gt.gt_inst/xcvr.gt_ch_inst/inst/gen_gtwizard_gthe4_top.taxi_eth_phy_25g_us_gth_ll_ch_gtwizard_gthe4_inst/gen_gtwizard_gthe4.gen_tx_user_clocking_internal.gen_single_instance.gtwiz_userclk_tx_inst/gtwiz_userclk_tx_srcclk_out[0]
    BUFG_GT_X0Y70        BUFG_GT (Prop_BUFG_GT_I_O)
                                                      0.114     6.419 r  v3_release_i/taxi_10gbe_frontend_0/inst/frontend_inst/sfp_mac_inst/ch[1].ch_inst/gt.gt_inst/xcvr.gt_ch_inst/inst/gen_gtwizard_gthe4_top.taxi_eth_phy_25g_us_gth_ll_ch_gtwizard_gthe4_inst/gen_gtwizard_gthe4.gen_tx_user_clocking_internal.gen_single_instance.gtwiz_userclk_tx_inst/gen_gtwiz_userclk_tx_main.bufg_gt_usrclk2_inst/O
    X3Y2 (CLOCK_ROOT)    net (fo=380, routed)         0.472     6.891    v3_release_i/taxi_10gbe_frontend_0/inst/frontend_inst/sfp_mac_inst/ch[1].ch_inst/mac.mac_phy_inst/an.an_inst/gtwiz_userclk_tx_usrclk2_out[0]
    SLICE_X107Y164       FDRE                                         r  v3_release_i/taxi_10gbe_frontend_0/inst/frontend_inst/sfp_mac_inst/ch[1].ch_inst/mac.mac_phy_inst/an.an_inst/an_lp_adv_ability_reg_reg[3]/C
                         clock pessimism              0.079     6.970
                         clock uncertainty           -0.046     6.923
    SLICE_X107Y164       FDRE (Setup_DFF_SLICEL_C_CE)
                                                     -0.060     6.863    v3_release_i/taxi_10gbe_frontend_0/inst/frontend_inst/sfp_mac_inst/ch[1].ch_inst/mac.mac_phy_inst/an.an_inst/an_lp_adv_ability_reg_reg[3]
  -------------------------------------------------------------------
                         required time                          6.863
                         arrival time                          -2.702
  -------------------------------------------------------------------
                         slack                                  4.162





Min Delay Paths
--------------------------------------------------------------------------------------
Slack (MET) :             0.020ns  (arrival time - required time)
  Source:                 v3_release_i/taxi_10gbe_frontend_0/inst/frontend_inst/sfp_mac_inst/ch[1].ch_inst/mac.mac_phy_inst/eth_mac_phy_10g_tx_inst/eth_phy_10g_tx_if_inst/serdes_tx_data_reg_reg[35]/C
                            (rising edge-triggered cell FDRE clocked by gt.gt_inst_n_5_1  {rise@0.000ns fall@3.103ns period=6.206ns})
  Destination:            v3_release_i/taxi_10gbe_frontend_0/inst/frontend_inst/sfp_mac_inst/ch[1].ch_inst/mac.mac_phy_inst/eth_mac_phy_10g_tx_inst/eth_phy_10g_tx_if_inst/genblk1[0].serdes_tx_data_pipe_reg_reg[0][28]/D
                            (rising edge-triggered cell FDRE clocked by gt.gt_inst_n_5_1  {rise@0.000ns fall@3.103ns period=6.206ns})
  Path Group:             gt.gt_inst_n_5_1
  Path Type:              Hold (Min at Fast Process Corner)
  Requirement:            0.000ns  (gt.gt_inst_n_5_1 rise@0.000ns - gt.gt_inst_n_5_1 rise@0.000ns)
  Data Path Delay:        0.073ns  (logic 0.039ns (53.425%)  route 0.034ns (46.575%))
  Logic Levels:           0
  Clock Path Skew:        0.006ns (DCD - SCD - CPR)
    Destination Clock Delay (DCD):    0.539ns
    Source Clock Delay      (SCD):    0.469ns
    Clock Pessimism Removal (CPR):    0.064ns
  Clock Net Delay (Source):      0.323ns (routing 0.001ns, distribution 0.322ns)
  Clock Net Delay (Destination): 0.372ns (routing 0.001ns, distribution 0.371ns)

    Location             Delay type                Incr(ns)  Path(ns)    Netlist Resource(s)
  -------------------------------------------------------------------    -------------------
                         (clock gt.gt_inst_n_5_1 rise edge)
                                                      0.000     0.000 r
    GTHE4_CHANNEL_X0Y11  GTHE4_CHANNEL                0.000     0.000 r  v3_release_i/taxi_10gbe_frontend_0/inst/frontend_inst/sfp_mac_inst/ch[1].ch_inst/gt.gt_inst/xcvr.gt_ch_inst/inst/gen_gtwizard_gthe4_top.taxi_eth_phy_25g_us_gth_ll_ch_gtwizard_gthe4_inst/gen_gtwizard_gthe4.gen_channel_container[0].gen_enabled_channel.gthe4_channel_wrapper_inst/channel_inst/gthe4_channel_gen.gen_gthe4_channel_inst[0].GTHE4_CHANNEL_PRIM_INST/TXOUTCLK
                         net (fo=3, routed)           0.073     0.073    v3_release_i/taxi_10gbe_frontend_0/inst/frontend_inst/sfp_mac_inst/ch[1].ch_inst/gt.gt_inst/xcvr.gt_ch_inst/inst/gen_gtwizard_gthe4_top.taxi_eth_phy_25g_us_gth_ll_ch_gtwizard_gthe4_inst/gen_gtwizard_gthe4.gen_tx_user_clocking_internal.gen_single_instance.gtwiz_userclk_tx_inst/gtwiz_userclk_tx_srcclk_out[0]
    BUFG_GT_X0Y70        BUFG_GT (Prop_BUFG_GT_I_O)
                                                      0.073     0.146 r  v3_release_i/taxi_10gbe_frontend_0/inst/frontend_inst/sfp_mac_inst/ch[1].ch_inst/gt.gt_inst/xcvr.gt_ch_inst/inst/gen_gtwizard_gthe4_top.taxi_eth_phy_25g_us_gth_ll_ch_gtwizard_gthe4_inst/gen_gtwizard_gthe4.gen_tx_user_clocking_internal.gen_single_instance.gtwiz_userclk_tx_inst/gen_gtwiz_userclk_tx_main.bufg_gt_usrclk2_inst/O
    X3Y2 (CLOCK_ROOT)    net (fo=380, routed)         0.323     0.469    v3_release_i/taxi_10gbe_frontend_0/inst/frontend_inst/sfp_mac_inst/ch[1].ch_inst/mac.mac_phy_inst/eth_mac_phy_10g_tx_inst/eth_phy_10g_tx_if_inst/gtwiz_userclk_tx_usrclk2_out[0]
    SLICE_X107Y173       FDRE                                         r  v3_release_i/taxi_10gbe_frontend_0/inst/frontend_inst/sfp_mac_inst/ch[1].ch_inst/mac.mac_phy_inst/eth_mac_phy_10g_tx_inst/eth_phy_10g_tx_if_inst/serdes_tx_data_reg_reg[35]/C
  -------------------------------------------------------------------    -------------------
    SLICE_X107Y173       FDRE (Prop_HFF_SLICEL_C_Q)
                                                      0.039     0.508 r  v3_release_i/taxi_10gbe_frontend_0/inst/frontend_inst/sfp_mac_inst/ch[1].ch_inst/mac.mac_phy_inst/eth_mac_phy_10g_tx_inst/eth_phy_10g_tx_if_inst/serdes_tx_data_reg_reg[35]/Q
                         net (fo=1, routed)           0.034     0.542    v3_release_i/taxi_10gbe_frontend_0/inst/frontend_inst/sfp_mac_inst/ch[1].ch_inst/mac.mac_phy_inst/eth_mac_phy_10g_tx_inst/eth_phy_10g_tx_if_inst/serdes_tx_data_int[28]
    SLICE_X107Y173       FDRE                                         r  v3_release_i/taxi_10gbe_frontend_0/inst/frontend_inst/sfp_mac_inst/ch[1].ch_inst/mac.mac_phy_inst/eth_mac_phy_10g_tx_inst/eth_phy_10g_tx_if_inst/genblk1[0].serdes_tx_data_pipe_reg_reg[0][28]/D
  -------------------------------------------------------------------    -------------------

                         (clock gt.gt_inst_n_5_1 rise edge)
                                                      0.000     0.000 r
    GTHE4_CHANNEL_X0Y11  GTHE4_CHANNEL                0.000     0.000 r  v3_release_i/taxi_10gbe_frontend_0/inst/frontend_inst/sfp_mac_inst/ch[1].ch_inst/gt.gt_inst/xcvr.gt_ch_inst/inst/gen_gtwizard_gthe4_top.taxi_eth_phy_25g_us_gth_ll_ch_gtwizard_gthe4_inst/gen_gtwizard_gthe4.gen_channel_container[0].gen_enabled_channel.gthe4_channel_wrapper_inst/channel_inst/gthe4_channel_gen.gen_gthe4_channel_inst[0].GTHE4_CHANNEL_PRIM_INST/TXOUTCLK
                         net (fo=3, routed)           0.085     0.085    v3_release_i/taxi_10gbe_frontend_0/inst/frontend_inst/sfp_mac_inst/ch[1].ch_inst/gt.gt_inst/xcvr.gt_ch_inst/inst/gen_gtwizard_gthe4_top.taxi_eth_phy_25g_us_gth_ll_ch_gtwizard_gthe4_inst/gen_gtwizard_gthe4.gen_tx_user_clocking_internal.gen_single_instance.gtwiz_userclk_tx_inst/gtwiz_userclk_tx_srcclk_out[0]
    BUFG_GT_X0Y70        BUFG_GT (Prop_BUFG_GT_I_O)
                                                      0.082     0.167 r  v3_release_i/taxi_10gbe_frontend_0/inst/frontend_inst/sfp_mac_inst/ch[1].ch_inst/gt.gt_inst/xcvr.gt_ch_inst/inst/gen_gtwizard_gthe4_top.taxi_eth_phy_25g_us_gth_ll_ch_gtwizard_gthe4_inst/gen_gtwizard_gthe4.gen_tx_user_clocking_internal.gen_single_instance.gtwiz_userclk_tx_inst/gen_gtwiz_userclk_tx_main.bufg_gt_usrclk2_inst/O
    X3Y2 (CLOCK_ROOT)    net (fo=380, routed)         0.372     0.539    v3_release_i/taxi_10gbe_frontend_0/inst/frontend_inst/sfp_mac_inst/ch[1].ch_inst/mac.mac_phy_inst/eth_mac_phy_10g_tx_inst/eth_phy_10g_tx_if_inst/gtwiz_userclk_tx_usrclk2_out[0]
    SLICE_X107Y173       FDRE                                         r  v3_release_i/taxi_10gbe_frontend_0/inst/frontend_inst/sfp_mac_inst/ch[1].ch_inst/mac.mac_phy_inst/eth_mac_phy_10g_tx_inst/eth_phy_10g_tx_if_inst/genblk1[0].serdes_tx_data_pipe_reg_reg[0][28]/C
                         clock pessimism             -0.064     0.475
    SLICE_X107Y173       FDRE (Hold_EFF2_SLICEL_C_D)
                                                      0.047     0.522    v3_release_i/taxi_10gbe_frontend_0/inst/frontend_inst/sfp_mac_inst/ch[1].ch_inst/mac.mac_phy_inst/eth_mac_phy_10g_tx_inst/eth_phy_10g_tx_if_inst/genblk1[0].serdes_tx_data_pipe_reg_reg[0][28]
  -------------------------------------------------------------------
                         required time                         -0.522
                         arrival time                           0.542
  -------------------------------------------------------------------
                         slack                                  0.020





Pulse Width Checks
--------------------------------------------------------------------------------------
Clock Name:         gt.gt_inst_n_5_1
Waveform(ns):       { 0.000 3.103 }
Period(ns):         6.206
Sources:            { v3_release_i/taxi_10gbe_frontend_0/inst/frontend_inst/sfp_mac_inst/ch[1].ch_inst/gt.gt_inst/xcvr.gt_ch_inst/inst/gen_gtwizard_gthe4_top.taxi_eth_phy_25g_us_gth_ll_ch_gtwizard_gthe4_inst/gen_gtwizard_gthe4.gen_tx_user_clocking_internal.gen_single_instance.gtwiz_userclk_tx_inst/gen_gtwiz_userclk_tx_main.bufg_gt_usrclk2_inst/O }

Check Type        Corner  Lib Pin                  Reference Pin           Required(ns)  Actual(ns)  Slack(ns)  Location             Pin
Min Period        n/a     FDRE/C                   n/a                     0.550         6.206       5.656      SLICE_X107Y167       v3_release_i/taxi_10gbe_frontend_0/inst/frontend_inst/sfp_mac_inst/ch[1].ch_inst/gt.gt_inst/tx_seq.tx_req_stall_reg_reg_inv/C
Low Pulse Width   Slow    FDRE/C                   n/a                     0.275         3.103       2.828      SLICE_X107Y167       v3_release_i/taxi_10gbe_frontend_0/inst/frontend_inst/sfp_mac_inst/ch[1].ch_inst/gt.gt_inst/tx_seq.tx_req_stall_reg_reg_inv/C
High Pulse Width  Slow    FDRE/C                   n/a                     0.275         3.103       2.828      SLICE_X107Y167       v3_release_i/taxi_10gbe_frontend_0/inst/frontend_inst/sfp_mac_inst/ch[1].ch_inst/gt.gt_inst/tx_seq.tx_req_stall_reg_reg_inv/C
Max Skew          Slow    GTHE4_CHANNEL/TXUSRCLK2  GTHE4_CHANNEL/TXUSRCLK  0.751         0.095       0.656      GTHE4_CHANNEL_X0Y11  v3_release_i/taxi_10gbe_frontend_0/inst/frontend_inst/sfp_mac_inst/ch[1].ch_inst/gt.gt_inst/xcvr.gt_ch_inst/inst/gen_gtwizard_gthe4_top.taxi_eth_phy_25g_us_gth_ll_ch_gtwizard_gthe4_inst/gen_gtwizard_gthe4.gen_channel_container[0].gen_enabled_channel.gthe4_channel_wrapper_inst/channel_inst/gthe4_channel_gen.gen_gthe4_channel_inst[0].GTHE4_CHANNEL_PRIM_INST/TXUSRCLK2



---------------------------------------------------------------------------------------------------
From Clock:  rxoutclkpcs_out[0]
  To Clock:  rxoutclkpcs_out[0]

Setup :            0  Failing Endpoints,  Worst Slack        2.231ns,  Total Violation        0.000ns
Hold  :            0  Failing Endpoints,  Worst Slack        0.034ns,  Total Violation        0.000ns
PW    :            0  Failing Endpoints,  Worst Slack        1.277ns,  Total Violation        0.000ns
---------------------------------------------------------------------------------------------------


Max Delay Paths
--------------------------------------------------------------------------------------
Slack (MET) :             2.231ns  (required time - arrival time)
  Source:                 v3_release_i/taxi_10gbe_frontend_0/inst/frontend_inst/sfp_mac_inst/ch[0].ch_inst/gt.gt_inst/xcvr.gt_ch_inst/inst/gen_gtwizard_gthe4_top.taxi_eth_phy_25g_us_gth_ll_full_gtwizard_gthe4_inst/gen_gtwizard_gthe4.gen_pwrgood_delay_inst[0].delay_powergood_inst/gen_powergood_delay.int_pwr_on_fsm_reg/C
                            (rising edge-triggered cell FDCE clocked by rxoutclkpcs_out[0]  {rise@0.000ns fall@1.552ns period=3.103ns})
  Destination:            v3_release_i/taxi_10gbe_frontend_0/inst/frontend_inst/sfp_mac_inst/ch[0].ch_inst/gt.gt_inst/xcvr.gt_ch_inst/inst/gen_gtwizard_gthe4_top.taxi_eth_phy_25g_us_gth_ll_full_gtwizard_gthe4_inst/gen_gtwizard_gthe4.gen_pwrgood_delay_inst[0].delay_powergood_inst/gen_powergood_delay.intclk_rrst_n_r_reg[0]/CE
                            (rising edge-triggered cell FDCE clocked by rxoutclkpcs_out[0]  {rise@0.000ns fall@1.552ns period=3.103ns})
  Path Group:             rxoutclkpcs_out[0]
  Path Type:              Setup (Max at Slow Process Corner)
  Requirement:            3.103ns  (rxoutclkpcs_out[0] rise@3.103ns - rxoutclkpcs_out[0] rise@0.000ns)
  Data Path Delay:        0.652ns  (logic 0.130ns (19.945%)  route 0.522ns (80.055%))
  Logic Levels:           1  (LUT1=1)
  Clock Path Skew:        -0.125ns (DCD - SCD + CPR)
    Destination Clock Delay (DCD):    0.191ns = ( 3.294 - 3.103 )
    Source Clock Delay      (SCD):    0.327ns
    Clock Pessimism Removal (CPR):    0.010ns
  Clock Uncertainty:      0.035ns  ((TSJ^2 + TIJ^2)^1/2 + DJ) / 2 + PE
    Total System Jitter     (TSJ):    0.071ns
    Total Input Jitter      (TIJ):    0.000ns
    Discrete Jitter          (DJ):    0.000ns
    Phase Error              (PE):    0.000ns

    Location             Delay type                Incr(ns)  Path(ns)    Netlist Resource(s)
  -------------------------------------------------------------------    -------------------
                         (clock rxoutclkpcs_out[0] rise edge)
                                                      0.000     0.000 r
    GTHE4_CHANNEL_X0Y10  GTHE4_CHANNEL                0.000     0.000 r  v3_release_i/taxi_10gbe_frontend_0/inst/frontend_inst/sfp_mac_inst/ch[0].ch_inst/gt.gt_inst/xcvr.gt_ch_inst/inst/gen_gtwizard_gthe4_top.taxi_eth_phy_25g_us_gth_ll_full_gtwizard_gthe4_inst/gen_gtwizard_gthe4.gen_channel_container[0].gen_enabled_channel.gthe4_channel_wrapper_inst/channel_inst/gthe4_channel_gen.gen_gthe4_channel_inst[0].GTHE4_CHANNEL_PRIM_INST/RXOUTCLKPCS
                         net (fo=15, routed)          0.327     0.327    v3_release_i/taxi_10gbe_frontend_0/inst/frontend_inst/sfp_mac_inst/ch[0].ch_inst/gt.gt_inst/xcvr.gt_ch_inst/inst/gen_gtwizard_gthe4_top.taxi_eth_phy_25g_us_gth_ll_full_gtwizard_gthe4_inst/gen_gtwizard_gthe4.gen_pwrgood_delay_inst[0].delay_powergood_inst/rxoutclkpcs_out[0]
    SLICE_X109Y159       FDCE                                         r  v3_release_i/taxi_10gbe_frontend_0/inst/frontend_inst/sfp_mac_inst/ch[0].ch_inst/gt.gt_inst/xcvr.gt_ch_inst/inst/gen_gtwizard_gthe4_top.taxi_eth_phy_25g_us_gth_ll_full_gtwizard_gthe4_inst/gen_gtwizard_gthe4.gen_pwrgood_delay_inst[0].delay_powergood_inst/gen_powergood_delay.int_pwr_on_fsm_reg/C
  -------------------------------------------------------------------    -------------------
    SLICE_X109Y159       FDCE (Prop_AFF2_SLICEM_C_Q)
                                                      0.080     0.407 f  v3_release_i/taxi_10gbe_frontend_0/inst/frontend_inst/sfp_mac_inst/ch[0].ch_inst/gt.gt_inst/xcvr.gt_ch_inst/inst/gen_gtwizard_gthe4_top.taxi_eth_phy_25g_us_gth_ll_full_gtwizard_gthe4_inst/gen_gtwizard_gthe4.gen_pwrgood_delay_inst[0].delay_powergood_inst/gen_powergood_delay.int_pwr_on_fsm_reg/Q
                         net (fo=4, routed)           0.114     0.520    v3_release_i/taxi_10gbe_frontend_0/inst/frontend_inst/sfp_mac_inst/ch[0].ch_inst/gt.gt_inst/xcvr.gt_ch_inst/inst/gen_gtwizard_gthe4_top.taxi_eth_phy_25g_us_gth_ll_full_gtwizard_gthe4_inst/gen_gtwizard_gthe4.gen_pwrgood_delay_inst[0].delay_powergood_inst/gen_powergood_delay.int_pwr_on_fsm
    SLICE_X108Y159       LUT1 (Prop_G6LUT_SLICEL_I0_O)
                                                      0.050     0.570 r  v3_release_i/taxi_10gbe_frontend_0/inst/frontend_inst/sfp_mac_inst/ch[0].ch_inst/gt.gt_inst/xcvr.gt_ch_inst/inst/gen_gtwizard_gthe4_top.taxi_eth_phy_25g_us_gth_ll_full_gtwizard_gthe4_inst/gen_gtwizard_gthe4.gen_pwrgood_delay_inst[0].delay_powergood_inst/gen_powergood_delay.intclk_rrst_n_r[4]_i_1/O
                         net (fo=12, routed)          0.408     0.979    v3_release_i/taxi_10gbe_frontend_0/inst/frontend_inst/sfp_mac_inst/ch[0].ch_inst/gt.gt_inst/xcvr.gt_ch_inst/inst/gen_gtwizard_gthe4_top.taxi_eth_phy_25g_us_gth_ll_full_gtwizard_gthe4_inst/gen_gtwizard_gthe4.gen_pwrgood_delay_inst[0].delay_powergood_inst/gen_powergood_delay.intclk_rrst_n_r[4]_i_1_n_0
    SLICE_X108Y158       FDCE                                         r  v3_release_i/taxi_10gbe_frontend_0/inst/frontend_inst/sfp_mac_inst/ch[0].ch_inst/gt.gt_inst/xcvr.gt_ch_inst/inst/gen_gtwizard_gthe4_top.taxi_eth_phy_25g_us_gth_ll_full_gtwizard_gthe4_inst/gen_gtwizard_gthe4.gen_pwrgood_delay_inst[0].delay_powergood_inst/gen_powergood_delay.intclk_rrst_n_r_reg[0]/CE
  -------------------------------------------------------------------    -------------------

                         (clock rxoutclkpcs_out[0] rise edge)
                                                      3.103     3.103 r
    GTHE4_CHANNEL_X0Y10  GTHE4_CHANNEL                0.000     3.103 r  v3_release_i/taxi_10gbe_frontend_0/inst/frontend_inst/sfp_mac_inst/ch[0].ch_inst/gt.gt_inst/xcvr.gt_ch_inst/inst/gen_gtwizard_gthe4_top.taxi_eth_phy_25g_us_gth_ll_full_gtwizard_gthe4_inst/gen_gtwizard_gthe4.gen_channel_container[0].gen_enabled_channel.gthe4_channel_wrapper_inst/channel_inst/gthe4_channel_gen.gen_gthe4_channel_inst[0].GTHE4_CHANNEL_PRIM_INST/RXOUTCLKPCS
                         net (fo=15, routed)          0.191     3.294    v3_release_i/taxi_10gbe_frontend_0/inst/frontend_inst/sfp_mac_inst/ch[0].ch_inst/gt.gt_inst/xcvr.gt_ch_inst/inst/gen_gtwizard_gthe4_top.taxi_eth_phy_25g_us_gth_ll_full_gtwizard_gthe4_inst/gen_gtwizard_gthe4.gen_pwrgood_delay_inst[0].delay_powergood_inst/rxoutclkpcs_out[0]
    SLICE_X108Y158       FDCE                                         r  v3_release_i/taxi_10gbe_frontend_0/inst/frontend_inst/sfp_mac_inst/ch[0].ch_inst/gt.gt_inst/xcvr.gt_ch_inst/inst/gen_gtwizard_gthe4_top.taxi_eth_phy_25g_us_gth_ll_full_gtwizard_gthe4_inst/gen_gtwizard_gthe4.gen_pwrgood_delay_inst[0].delay_powergood_inst/gen_powergood_delay.intclk_rrst_n_r_reg[0]/C
                         clock pessimism              0.010     3.304
                         clock uncertainty           -0.035     3.269
    SLICE_X108Y158       FDCE (Setup_AFF2_SLICEL_C_CE)
                                                     -0.059     3.210    v3_release_i/taxi_10gbe_frontend_0/inst/frontend_inst/sfp_mac_inst/ch[0].ch_inst/gt.gt_inst/xcvr.gt_ch_inst/inst/gen_gtwizard_gthe4_top.taxi_eth_phy_25g_us_gth_ll_full_gtwizard_gthe4_inst/gen_gtwizard_gthe4.gen_pwrgood_delay_inst[0].delay_powergood_inst/gen_powergood_delay.intclk_rrst_n_r_reg[0]
  -------------------------------------------------------------------
                         required time                          3.210
                         arrival time                          -0.979
  -------------------------------------------------------------------
                         slack                                  2.231





Min Delay Paths
--------------------------------------------------------------------------------------
Slack (MET) :             0.034ns  (arrival time - required time)
  Source:                 v3_release_i/taxi_10gbe_frontend_0/inst/frontend_inst/sfp_mac_inst/ch[0].ch_inst/gt.gt_inst/xcvr.gt_ch_inst/inst/gen_gtwizard_gthe4_top.taxi_eth_phy_25g_us_gth_ll_full_gtwizard_gthe4_inst/gen_gtwizard_gthe4.gen_pwrgood_delay_inst[0].delay_powergood_inst/gen_powergood_delay.intclk_rrst_n_r_reg[4]/C
                            (rising edge-triggered cell FDCE clocked by rxoutclkpcs_out[0]  {rise@0.000ns fall@1.552ns period=3.103ns})
  Destination:            v3_release_i/taxi_10gbe_frontend_0/inst/frontend_inst/sfp_mac_inst/ch[0].ch_inst/gt.gt_inst/xcvr.gt_ch_inst/inst/gen_gtwizard_gthe4_top.taxi_eth_phy_25g_us_gth_ll_full_gtwizard_gthe4_inst/gen_gtwizard_gthe4.gen_pwrgood_delay_inst[0].delay_powergood_inst/gen_powergood_delay.wait_cnt_reg[5]/R
                            (rising edge-triggered cell FDRE clocked by rxoutclkpcs_out[0]  {rise@0.000ns fall@1.552ns period=3.103ns})
  Path Group:             rxoutclkpcs_out[0]
  Path Type:              Hold (Min at Slow Process Corner)
  Requirement:            0.000ns  (rxoutclkpcs_out[0] rise@0.000ns - rxoutclkpcs_out[0] rise@0.000ns)
  Data Path Delay:        0.216ns  (logic 0.060ns (27.807%)  route 0.156ns (72.193%))
  Logic Levels:           0
  Clock Path Skew:        0.196ns (DCD - SCD - CPR)
    Destination Clock Delay (DCD):    0.402ns
    Source Clock Delay      (SCD):    0.193ns
    Clock Pessimism Removal (CPR):    0.013ns

    Location             Delay type                Incr(ns)  Path(ns)    Netlist Resource(s)
  -------------------------------------------------------------------    -------------------
                         (clock rxoutclkpcs_out[0] rise edge)
                                                      0.000     0.000 r
    GTHE4_CHANNEL_X0Y10  GTHE4_CHANNEL                0.000     0.000 r  v3_release_i/taxi_10gbe_frontend_0/inst/frontend_inst/sfp_mac_inst/ch[0].ch_inst/gt.gt_inst/xcvr.gt_ch_inst/inst/gen_gtwizard_gthe4_top.taxi_eth_phy_25g_us_gth_ll_full_gtwizard_gthe4_inst/gen_gtwizard_gthe4.gen_channel_container[0].gen_enabled_channel.gthe4_channel_wrapper_inst/channel_inst/gthe4_channel_gen.gen_gthe4_channel_inst[0].GTHE4_CHANNEL_PRIM_INST/RXOUTCLKPCS
                         net (fo=15, routed)          0.193     0.193    v3_release_i/taxi_10gbe_frontend_0/inst/frontend_inst/sfp_mac_inst/ch[0].ch_inst/gt.gt_inst/xcvr.gt_ch_inst/inst/gen_gtwizard_gthe4_top.taxi_eth_phy_25g_us_gth_ll_full_gtwizard_gthe4_inst/gen_gtwizard_gthe4.gen_pwrgood_delay_inst[0].delay_powergood_inst/rxoutclkpcs_out[0]
    SLICE_X108Y158       FDCE                                         r  v3_release_i/taxi_10gbe_frontend_0/inst/frontend_inst/sfp_mac_inst/ch[0].ch_inst/gt.gt_inst/xcvr.gt_ch_inst/inst/gen_gtwizard_gthe4_top.taxi_eth_phy_25g_us_gth_ll_full_gtwizard_gthe4_inst/gen_gtwizard_gthe4.gen_pwrgood_delay_inst[0].delay_powergood_inst/gen_powergood_delay.intclk_rrst_n_r_reg[4]/C
  -------------------------------------------------------------------    -------------------
    SLICE_X108Y158       FDCE (Prop_EFF2_SLICEL_C_Q)
                                                      0.060     0.253 f  v3_release_i/taxi_10gbe_frontend_0/inst/frontend_inst/sfp_mac_inst/ch[0].ch_inst/gt.gt_inst/xcvr.gt_ch_inst/inst/gen_gtwizard_gthe4_top.taxi_eth_phy_25g_us_gth_ll_full_gtwizard_gthe4_inst/gen_gtwizard_gthe4.gen_pwrgood_delay_inst[0].delay_powergood_inst/gen_powergood_delay.intclk_rrst_n_r_reg[4]/Q
                         net (fo=9, routed)           0.156     0.409    v3_release_i/taxi_10gbe_frontend_0/inst/frontend_inst/sfp_mac_inst/ch[0].ch_inst/gt.gt_inst/xcvr.gt_ch_inst/inst/gen_gtwizard_gthe4_top.taxi_eth_phy_25g_us_gth_ll_full_gtwizard_gthe4_inst/gen_gtwizard_gthe4.gen_pwrgood_delay_inst[0].delay_powergood_inst/gen_powergood_delay.intclk_rrst_n_r[4]
    SLICE_X108Y160       FDRE                                         r  v3_release_i/taxi_10gbe_frontend_0/inst/frontend_inst/sfp_mac_inst/ch[0].ch_inst/gt.gt_inst/xcvr.gt_ch_inst/inst/gen_gtwizard_gthe4_top.taxi_eth_phy_25g_us_gth_ll_full_gtwizard_gthe4_inst/gen_gtwizard_gthe4.gen_pwrgood_delay_inst[0].delay_powergood_inst/gen_powergood_delay.wait_cnt_reg[5]/R  (IS_INVERTED)
  -------------------------------------------------------------------    -------------------

                         (clock rxoutclkpcs_out[0] rise edge)
                                                      0.000     0.000 r
    GTHE4_CHANNEL_X0Y10  GTHE4_CHANNEL                0.000     0.000 r  v3_release_i/taxi_10gbe_frontend_0/inst/frontend_inst/sfp_mac_inst/ch[0].ch_inst/gt.gt_inst/xcvr.gt_ch_inst/inst/gen_gtwizard_gthe4_top.taxi_eth_phy_25g_us_gth_ll_full_gtwizard_gthe4_inst/gen_gtwizard_gthe4.gen_channel_container[0].gen_enabled_channel.gthe4_channel_wrapper_inst/channel_inst/gthe4_channel_gen.gen_gthe4_channel_inst[0].GTHE4_CHANNEL_PRIM_INST/RXOUTCLKPCS
                         net (fo=15, routed)          0.402     0.402    v3_release_i/taxi_10gbe_frontend_0/inst/frontend_inst/sfp_mac_inst/ch[0].ch_inst/gt.gt_inst/xcvr.gt_ch_inst/inst/gen_gtwizard_gthe4_top.taxi_eth_phy_25g_us_gth_ll_full_gtwizard_gthe4_inst/gen_gtwizard_gthe4.gen_pwrgood_delay_inst[0].delay_powergood_inst/rxoutclkpcs_out[0]
    SLICE_X108Y160       FDRE                                         r  v3_release_i/taxi_10gbe_frontend_0/inst/frontend_inst/sfp_mac_inst/ch[0].ch_inst/gt.gt_inst/xcvr.gt_ch_inst/inst/gen_gtwizard_gthe4_top.taxi_eth_phy_25g_us_gth_ll_full_gtwizard_gthe4_inst/gen_gtwizard_gthe4.gen_pwrgood_delay_inst[0].delay_powergood_inst/gen_powergood_delay.wait_cnt_reg[5]/C
                         clock pessimism             -0.013     0.389
    SLICE_X108Y160       FDRE (Hold_EFF2_SLICEL_C_R)
                                                     -0.015     0.374    v3_release_i/taxi_10gbe_frontend_0/inst/frontend_inst/sfp_mac_inst/ch[0].ch_inst/gt.gt_inst/xcvr.gt_ch_inst/inst/gen_gtwizard_gthe4_top.taxi_eth_phy_25g_us_gth_ll_full_gtwizard_gthe4_inst/gen_gtwizard_gthe4.gen_pwrgood_delay_inst[0].delay_powergood_inst/gen_powergood_delay.wait_cnt_reg[5]
  -------------------------------------------------------------------
                         required time                         -0.374
                         arrival time                           0.409
  -------------------------------------------------------------------
                         slack                                  0.034





Pulse Width Checks
--------------------------------------------------------------------------------------
Clock Name:         rxoutclkpcs_out[0]
Waveform(ns):       { 0.000 1.552 }
Period(ns):         3.103
Sources:            { v3_release_i/taxi_10gbe_frontend_0/inst/frontend_inst/sfp_mac_inst/ch[0].ch_inst/gt.gt_inst/xcvr.gt_ch_inst/inst/gen_gtwizard_gthe4_top.taxi_eth_phy_25g_us_gth_ll_full_gtwizard_gthe4_inst/gen_gtwizard_gthe4.gen_channel_container[0].gen_enabled_channel.gthe4_channel_wrapper_inst/channel_inst/gthe4_channel_gen.gen_gthe4_channel_inst[0].GTHE4_CHANNEL_PRIM_INST/RXOUTCLKPCS }

Check Type        Corner  Lib Pin  Reference Pin  Required(ns)  Actual(ns)  Slack(ns)  Location        Pin
Min Period        n/a     FDCE/C   n/a            0.550         3.103       2.553      SLICE_X109Y159  v3_release_i/taxi_10gbe_frontend_0/inst/frontend_inst/sfp_mac_inst/ch[0].ch_inst/gt.gt_inst/xcvr.gt_ch_inst/inst/gen_gtwizard_gthe4_top.taxi_eth_phy_25g_us_gth_ll_full_gtwizard_gthe4_inst/gen_gtwizard_gthe4.gen_pwrgood_delay_inst[0].delay_powergood_inst/gen_powergood_delay.int_pwr_on_fsm_reg/C
Low Pulse Width   Slow    FDCE/C   n/a            0.275         1.552       1.277      SLICE_X109Y159  v3_release_i/taxi_10gbe_frontend_0/inst/frontend_inst/sfp_mac_inst/ch[0].ch_inst/gt.gt_inst/xcvr.gt_ch_inst/inst/gen_gtwizard_gthe4_top.taxi_eth_phy_25g_us_gth_ll_full_gtwizard_gthe4_inst/gen_gtwizard_gthe4.gen_pwrgood_delay_inst[0].delay_powergood_inst/gen_powergood_delay.int_pwr_on_fsm_reg/C
High Pulse Width  Slow    FDCE/C   n/a            0.275         1.552       1.277      SLICE_X109Y159  v3_release_i/taxi_10gbe_frontend_0/inst/frontend_inst/sfp_mac_inst/ch[0].ch_inst/gt.gt_inst/xcvr.gt_ch_inst/inst/gen_gtwizard_gthe4_top.taxi_eth_phy_25g_us_gth_ll_full_gtwizard_gthe4_inst/gen_gtwizard_gthe4.gen_pwrgood_delay_inst[0].delay_powergood_inst/gen_powergood_delay.int_pwr_on_fsm_reg/C



---------------------------------------------------------------------------------------------------
From Clock:  rxoutclkpcs_out[0]_1
  To Clock:  rxoutclkpcs_out[0]_1

Setup :            0  Failing Endpoints,  Worst Slack        2.185ns,  Total Violation        0.000ns
Hold  :            0  Failing Endpoints,  Worst Slack        0.018ns,  Total Violation        0.000ns
PW    :            0  Failing Endpoints,  Worst Slack        1.277ns,  Total Violation        0.000ns
---------------------------------------------------------------------------------------------------


Max Delay Paths
--------------------------------------------------------------------------------------
Slack (MET) :             2.185ns  (required time - arrival time)
  Source:                 v3_release_i/taxi_10gbe_frontend_0/inst/frontend_inst/sfp_mac_inst/ch[1].ch_inst/gt.gt_inst/xcvr.gt_ch_inst/inst/gen_gtwizard_gthe4_top.taxi_eth_phy_25g_us_gth_ll_ch_gtwizard_gthe4_inst/gen_gtwizard_gthe4.gen_pwrgood_delay_inst[0].delay_powergood_inst/gen_powergood_delay.intclk_rrst_n_r_reg[4]/C
                            (rising edge-triggered cell FDCE clocked by rxoutclkpcs_out[0]_1  {rise@0.000ns fall@1.552ns period=3.103ns})
  Destination:            v3_release_i/taxi_10gbe_frontend_0/inst/frontend_inst/sfp_mac_inst/ch[1].ch_inst/gt.gt_inst/xcvr.gt_ch_inst/inst/gen_gtwizard_gthe4_top.taxi_eth_phy_25g_us_gth_ll_ch_gtwizard_gthe4_inst/gen_gtwizard_gthe4.gen_pwrgood_delay_inst[0].delay_powergood_inst/gen_powergood_delay.wait_cnt_reg[0]/CE
                            (rising edge-triggered cell FDRE clocked by rxoutclkpcs_out[0]_1  {rise@0.000ns fall@1.552ns period=3.103ns})
  Path Group:             rxoutclkpcs_out[0]_1
  Path Type:              Setup (Max at Slow Process Corner)
  Requirement:            3.103ns  (rxoutclkpcs_out[0]_1 rise@3.103ns - rxoutclkpcs_out[0]_1 rise@0.000ns)
  Data Path Delay:        0.680ns  (logic 0.238ns (35.025%)  route 0.442ns (64.975%))
  Logic Levels:           1  (LUT2=1)
  Clock Path Skew:        -0.144ns (DCD - SCD + CPR)
    Destination Clock Delay (DCD):    0.244ns = ( 3.347 - 3.103 )
    Source Clock Delay      (SCD):    0.437ns
    Clock Pessimism Removal (CPR):    0.049ns
  Clock Uncertainty:      0.035ns  ((TSJ^2 + TIJ^2)^1/2 + DJ) / 2 + PE
    Total System Jitter     (TSJ):    0.071ns
    Total Input Jitter      (TIJ):    0.000ns
    Discrete Jitter          (DJ):    0.000ns
    Phase Error              (PE):    0.000ns

    Location             Delay type                Incr(ns)  Path(ns)    Netlist Resource(s)
  -------------------------------------------------------------------    -------------------
                         (clock rxoutclkpcs_out[0]_1 rise edge)
                                                      0.000     0.000 r
    GTHE4_CHANNEL_X0Y11  GTHE4_CHANNEL                0.000     0.000 r  v3_release_i/taxi_10gbe_frontend_0/inst/frontend_inst/sfp_mac_inst/ch[1].ch_inst/gt.gt_inst/xcvr.gt_ch_inst/inst/gen_gtwizard_gthe4_top.taxi_eth_phy_25g_us_gth_ll_ch_gtwizard_gthe4_inst/gen_gtwizard_gthe4.gen_channel_container[0].gen_enabled_channel.gthe4_channel_wrapper_inst/channel_inst/gthe4_channel_gen.gen_gthe4_channel_inst[0].GTHE4_CHANNEL_PRIM_INST/RXOUTCLKPCS
                         net (fo=15, routed)          0.437     0.437    v3_release_i/taxi_10gbe_frontend_0/inst/frontend_inst/sfp_mac_inst/ch[1].ch_inst/gt.gt_inst/xcvr.gt_ch_inst/inst/gen_gtwizard_gthe4_top.taxi_eth_phy_25g_us_gth_ll_ch_gtwizard_gthe4_inst/gen_gtwizard_gthe4.gen_pwrgood_delay_inst[0].delay_powergood_inst/rxoutclkpcs_out[0]
    SLICE_X110Y169       FDCE                                         r  v3_release_i/taxi_10gbe_frontend_0/inst/frontend_inst/sfp_mac_inst/ch[1].ch_inst/gt.gt_inst/xcvr.gt_ch_inst/inst/gen_gtwizard_gthe4_top.taxi_eth_phy_25g_us_gth_ll_ch_gtwizard_gthe4_inst/gen_gtwizard_gthe4.gen_pwrgood_delay_inst[0].delay_powergood_inst/gen_powergood_delay.intclk_rrst_n_r_reg[4]/C
  -------------------------------------------------------------------    -------------------
    SLICE_X110Y169       FDCE (Prop_EFF2_SLICEL_C_Q)
                                                      0.081     0.518 f  v3_release_i/taxi_10gbe_frontend_0/inst/frontend_inst/sfp_mac_inst/ch[1].ch_inst/gt.gt_inst/xcvr.gt_ch_inst/inst/gen_gtwizard_gthe4_top.taxi_eth_phy_25g_us_gth_ll_ch_gtwizard_gthe4_inst/gen_gtwizard_gthe4.gen_pwrgood_delay_inst[0].delay_powergood_inst/gen_powergood_delay.intclk_rrst_n_r_reg[4]/Q
                         net (fo=9, routed)           0.200     0.718    v3_release_i/taxi_10gbe_frontend_0/inst/frontend_inst/sfp_mac_inst/ch[1].ch_inst/gt.gt_inst/xcvr.gt_ch_inst/inst/gen_gtwizard_gthe4_top.taxi_eth_phy_25g_us_gth_ll_ch_gtwizard_gthe4_inst/gen_gtwizard_gthe4.gen_pwrgood_delay_inst[0].delay_powergood_inst/gen_powergood_delay.intclk_rrst_n_r[4]
    SLICE_X110Y169       LUT2 (Prop_D5LUT_SLICEL_I0_O)
                                                      0.157     0.875 r  v3_release_i/taxi_10gbe_frontend_0/inst/frontend_inst/sfp_mac_inst/ch[1].ch_inst/gt.gt_inst/xcvr.gt_ch_inst/inst/gen_gtwizard_gthe4_top.taxi_eth_phy_25g_us_gth_ll_ch_gtwizard_gthe4_inst/gen_gtwizard_gthe4.gen_pwrgood_delay_inst[0].delay_powergood_inst/gen_powergood_delay.wait_cnt[0]_i_1/O
                         net (fo=1, routed)           0.242     1.117    v3_release_i/taxi_10gbe_frontend_0/inst/frontend_inst/sfp_mac_inst/ch[1].ch_inst/gt.gt_inst/xcvr.gt_ch_inst/inst/gen_gtwizard_gthe4_top.taxi_eth_phy_25g_us_gth_ll_ch_gtwizard_gthe4_inst/gen_gtwizard_gthe4.gen_pwrgood_delay_inst[0].delay_powergood_inst/gen_powergood_delay.wait_cnt[0]_i_1_n_0
    SLICE_X110Y170       FDRE                                         r  v3_release_i/taxi_10gbe_frontend_0/inst/frontend_inst/sfp_mac_inst/ch[1].ch_inst/gt.gt_inst/xcvr.gt_ch_inst/inst/gen_gtwizard_gthe4_top.taxi_eth_phy_25g_us_gth_ll_ch_gtwizard_gthe4_inst/gen_gtwizard_gthe4.gen_pwrgood_delay_inst[0].delay_powergood_inst/gen_powergood_delay.wait_cnt_reg[0]/CE
  -------------------------------------------------------------------    -------------------

                         (clock rxoutclkpcs_out[0]_1 rise edge)
                                                      3.103     3.103 r
    GTHE4_CHANNEL_X0Y11  GTHE4_CHANNEL                0.000     3.103 r  v3_release_i/taxi_10gbe_frontend_0/inst/frontend_inst/sfp_mac_inst/ch[1].ch_inst/gt.gt_inst/xcvr.gt_ch_inst/inst/gen_gtwizard_gthe4_top.taxi_eth_phy_25g_us_gth_ll_ch_gtwizard_gthe4_inst/gen_gtwizard_gthe4.gen_channel_container[0].gen_enabled_channel.gthe4_channel_wrapper_inst/channel_inst/gthe4_channel_gen.gen_gthe4_channel_inst[0].GTHE4_CHANNEL_PRIM_INST/RXOUTCLKPCS
                         net (fo=15, routed)          0.244     3.347    v3_release_i/taxi_10gbe_frontend_0/inst/frontend_inst/sfp_mac_inst/ch[1].ch_inst/gt.gt_inst/xcvr.gt_ch_inst/inst/gen_gtwizard_gthe4_top.taxi_eth_phy_25g_us_gth_ll_ch_gtwizard_gthe4_inst/gen_gtwizard_gthe4.gen_pwrgood_delay_inst[0].delay_powergood_inst/rxoutclkpcs_out[0]
    SLICE_X110Y170       FDRE                                         r  v3_release_i/taxi_10gbe_frontend_0/inst/frontend_inst/sfp_mac_inst/ch[1].ch_inst/gt.gt_inst/xcvr.gt_ch_inst/inst/gen_gtwizard_gthe4_top.taxi_eth_phy_25g_us_gth_ll_ch_gtwizard_gthe4_inst/gen_gtwizard_gthe4.gen_pwrgood_delay_inst[0].delay_powergood_inst/gen_powergood_delay.wait_cnt_reg[0]/C
                         clock pessimism              0.049     3.396
                         clock uncertainty           -0.035     3.360
    SLICE_X110Y170       FDRE (Setup_AFF2_SLICEL_C_CE)
                                                     -0.059     3.301    v3_release_i/taxi_10gbe_frontend_0/inst/frontend_inst/sfp_mac_inst/ch[1].ch_inst/gt.gt_inst/xcvr.gt_ch_inst/inst/gen_gtwizard_gthe4_top.taxi_eth_phy_25g_us_gth_ll_ch_gtwizard_gthe4_inst/gen_gtwizard_gthe4.gen_pwrgood_delay_inst[0].delay_powergood_inst/gen_powergood_delay.wait_cnt_reg[0]
  -------------------------------------------------------------------
                         required time                          3.301
                         arrival time                          -1.117
  -------------------------------------------------------------------
                         slack                                  2.185





Min Delay Paths
--------------------------------------------------------------------------------------
Slack (MET) :             0.018ns  (arrival time - required time)
  Source:                 v3_release_i/taxi_10gbe_frontend_0/inst/frontend_inst/sfp_mac_inst/ch[1].ch_inst/gt.gt_inst/xcvr.gt_ch_inst/inst/gen_gtwizard_gthe4_top.taxi_eth_phy_25g_us_gth_ll_ch_gtwizard_gthe4_inst/gen_gtwizard_gthe4.gen_pwrgood_delay_inst[0].delay_powergood_inst/gen_powergood_delay.wait_cnt_reg[0]/C
                            (rising edge-triggered cell FDRE clocked by rxoutclkpcs_out[0]_1  {rise@0.000ns fall@1.552ns period=3.103ns})
  Destination:            v3_release_i/taxi_10gbe_frontend_0/inst/frontend_inst/sfp_mac_inst/ch[1].ch_inst/gt.gt_inst/xcvr.gt_ch_inst/inst/gen_gtwizard_gthe4_top.taxi_eth_phy_25g_us_gth_ll_ch_gtwizard_gthe4_inst/gen_gtwizard_gthe4.gen_pwrgood_delay_inst[0].delay_powergood_inst/gen_powergood_delay.wait_cnt_reg[1]/D
                            (rising edge-triggered cell FDRE clocked by rxoutclkpcs_out[0]_1  {rise@0.000ns fall@1.552ns period=3.103ns})
  Path Group:             rxoutclkpcs_out[0]_1
  Path Type:              Hold (Min at Slow Process Corner)
  Requirement:            0.000ns  (rxoutclkpcs_out[0]_1 rise@0.000ns - rxoutclkpcs_out[0]_1 rise@0.000ns)
  Data Path Delay:        0.158ns  (logic 0.060ns (37.975%)  route 0.098ns (62.025%))
  Logic Levels:           0
  Clock Path Skew:        0.078ns (DCD - SCD - CPR)
    Destination Clock Delay (DCD):    0.369ns
    Source Clock Delay      (SCD):    0.244ns
    Clock Pessimism Removal (CPR):    0.048ns

    Location             Delay type                Incr(ns)  Path(ns)    Netlist Resource(s)
  -------------------------------------------------------------------    -------------------
                         (clock rxoutclkpcs_out[0]_1 rise edge)
                                                      0.000     0.000 r
    GTHE4_CHANNEL_X0Y11  GTHE4_CHANNEL                0.000     0.000 r  v3_release_i/taxi_10gbe_frontend_0/inst/frontend_inst/sfp_mac_inst/ch[1].ch_inst/gt.gt_inst/xcvr.gt_ch_inst/inst/gen_gtwizard_gthe4_top.taxi_eth_phy_25g_us_gth_ll_ch_gtwizard_gthe4_inst/gen_gtwizard_gthe4.gen_channel_container[0].gen_enabled_channel.gthe4_channel_wrapper_inst/channel_inst/gthe4_channel_gen.gen_gthe4_channel_inst[0].GTHE4_CHANNEL_PRIM_INST/RXOUTCLKPCS
                         net (fo=15, routed)          0.244     0.244    v3_release_i/taxi_10gbe_frontend_0/inst/frontend_inst/sfp_mac_inst/ch[1].ch_inst/gt.gt_inst/xcvr.gt_ch_inst/inst/gen_gtwizard_gthe4_top.taxi_eth_phy_25g_us_gth_ll_ch_gtwizard_gthe4_inst/gen_gtwizard_gthe4.gen_pwrgood_delay_inst[0].delay_powergood_inst/rxoutclkpcs_out[0]
    SLICE_X110Y170       FDRE                                         r  v3_release_i/taxi_10gbe_frontend_0/inst/frontend_inst/sfp_mac_inst/ch[1].ch_inst/gt.gt_inst/xcvr.gt_ch_inst/inst/gen_gtwizard_gthe4_top.taxi_eth_phy_25g_us_gth_ll_ch_gtwizard_gthe4_inst/gen_gtwizard_gthe4.gen_pwrgood_delay_inst[0].delay_powergood_inst/gen_powergood_delay.wait_cnt_reg[0]/C
  -------------------------------------------------------------------    -------------------
    SLICE_X110Y170       FDRE (Prop_AFF2_SLICEL_C_Q)
                                                      0.060     0.304 r  v3_release_i/taxi_10gbe_frontend_0/inst/frontend_inst/sfp_mac_inst/ch[1].ch_inst/gt.gt_inst/xcvr.gt_ch_inst/inst/gen_gtwizard_gthe4_top.taxi_eth_phy_25g_us_gth_ll_ch_gtwizard_gthe4_inst/gen_gtwizard_gthe4.gen_pwrgood_delay_inst[0].delay_powergood_inst/gen_powergood_delay.wait_cnt_reg[0]/Q
                         net (fo=1, routed)           0.098     0.402    v3_release_i/taxi_10gbe_frontend_0/inst/frontend_inst/sfp_mac_inst/ch[1].ch_inst/gt.gt_inst/xcvr.gt_ch_inst/inst/gen_gtwizard_gthe4_top.taxi_eth_phy_25g_us_gth_ll_ch_gtwizard_gthe4_inst/gen_gtwizard_gthe4.gen_pwrgood_delay_inst[0].delay_powergood_inst/gen_powergood_delay.wait_cnt[0]
    SLICE_X110Y171       FDRE                                         r  v3_release_i/taxi_10gbe_frontend_0/inst/frontend_inst/sfp_mac_inst/ch[1].ch_inst/gt.gt_inst/xcvr.gt_ch_inst/inst/gen_gtwizard_gthe4_top.taxi_eth_phy_25g_us_gth_ll_ch_gtwizard_gthe4_inst/gen_gtwizard_gthe4.gen_pwrgood_delay_inst[0].delay_powergood_inst/gen_powergood_delay.wait_cnt_reg[1]/D
  -------------------------------------------------------------------    -------------------

                         (clock rxoutclkpcs_out[0]_1 rise edge)
                                                      0.000     0.000 r
    GTHE4_CHANNEL_X0Y11  GTHE4_CHANNEL                0.000     0.000 r  v3_release_i/taxi_10gbe_frontend_0/inst/frontend_inst/sfp_mac_inst/ch[1].ch_inst/gt.gt_inst/xcvr.gt_ch_inst/inst/gen_gtwizard_gthe4_top.taxi_eth_phy_25g_us_gth_ll_ch_gtwizard_gthe4_inst/gen_gtwizard_gthe4.gen_channel_container[0].gen_enabled_channel.gthe4_channel_wrapper_inst/channel_inst/gthe4_channel_gen.gen_gthe4_channel_inst[0].GTHE4_CHANNEL_PRIM_INST/RXOUTCLKPCS
                         net (fo=15, routed)          0.369     0.369    v3_release_i/taxi_10gbe_frontend_0/inst/frontend_inst/sfp_mac_inst/ch[1].ch_inst/gt.gt_inst/xcvr.gt_ch_inst/inst/gen_gtwizard_gthe4_top.taxi_eth_phy_25g_us_gth_ll_ch_gtwizard_gthe4_inst/gen_gtwizard_gthe4.gen_pwrgood_delay_inst[0].delay_powergood_inst/rxoutclkpcs_out[0]
    SLICE_X110Y171       FDRE                                         r  v3_release_i/taxi_10gbe_frontend_0/inst/frontend_inst/sfp_mac_inst/ch[1].ch_inst/gt.gt_inst/xcvr.gt_ch_inst/inst/gen_gtwizard_gthe4_top.taxi_eth_phy_25g_us_gth_ll_ch_gtwizard_gthe4_inst/gen_gtwizard_gthe4.gen_pwrgood_delay_inst[0].delay_powergood_inst/gen_powergood_delay.wait_cnt_reg[1]/C
                         clock pessimism             -0.048     0.322
    SLICE_X110Y171       FDRE (Hold_AFF2_SLICEL_C_D)
                                                      0.062     0.384    v3_release_i/taxi_10gbe_frontend_0/inst/frontend_inst/sfp_mac_inst/ch[1].ch_inst/gt.gt_inst/xcvr.gt_ch_inst/inst/gen_gtwizard_gthe4_top.taxi_eth_phy_25g_us_gth_ll_ch_gtwizard_gthe4_inst/gen_gtwizard_gthe4.gen_pwrgood_delay_inst[0].delay_powergood_inst/gen_powergood_delay.wait_cnt_reg[1]
  -------------------------------------------------------------------
                         required time                         -0.384
                         arrival time                           0.402
  -------------------------------------------------------------------
                         slack                                  0.018





Pulse Width Checks
--------------------------------------------------------------------------------------
Clock Name:         rxoutclkpcs_out[0]_1
Waveform(ns):       { 0.000 1.552 }
Period(ns):         3.103
Sources:            { v3_release_i/taxi_10gbe_frontend_0/inst/frontend_inst/sfp_mac_inst/ch[1].ch_inst/gt.gt_inst/xcvr.gt_ch_inst/inst/gen_gtwizard_gthe4_top.taxi_eth_phy_25g_us_gth_ll_ch_gtwizard_gthe4_inst/gen_gtwizard_gthe4.gen_channel_container[0].gen_enabled_channel.gthe4_channel_wrapper_inst/channel_inst/gthe4_channel_gen.gen_gthe4_channel_inst[0].GTHE4_CHANNEL_PRIM_INST/RXOUTCLKPCS }

Check Type        Corner  Lib Pin  Reference Pin  Required(ns)  Actual(ns)  Slack(ns)  Location        Pin
Min Period        n/a     FDCE/C   n/a            0.550         3.103       2.553      SLICE_X111Y169  v3_release_i/taxi_10gbe_frontend_0/inst/frontend_inst/sfp_mac_inst/ch[1].ch_inst/gt.gt_inst/xcvr.gt_ch_inst/inst/gen_gtwizard_gthe4_top.taxi_eth_phy_25g_us_gth_ll_ch_gtwizard_gthe4_inst/gen_gtwizard_gthe4.gen_pwrgood_delay_inst[0].delay_powergood_inst/gen_powergood_delay.int_pwr_on_fsm_reg/C
Low Pulse Width   Slow    FDCE/C   n/a            0.275         1.552       1.277      SLICE_X111Y169  v3_release_i/taxi_10gbe_frontend_0/inst/frontend_inst/sfp_mac_inst/ch[1].ch_inst/gt.gt_inst/xcvr.gt_ch_inst/inst/gen_gtwizard_gthe4_top.taxi_eth_phy_25g_us_gth_ll_ch_gtwizard_gthe4_inst/gen_gtwizard_gthe4.gen_pwrgood_delay_inst[0].delay_powergood_inst/gen_powergood_delay.int_pwr_on_fsm_reg/C
High Pulse Width  Slow    FDCE/C   n/a            0.275         1.552       1.277      SLICE_X111Y169  v3_release_i/taxi_10gbe_frontend_0/inst/frontend_inst/sfp_mac_inst/ch[1].ch_inst/gt.gt_inst/xcvr.gt_ch_inst/inst/gen_gtwizard_gthe4_top.taxi_eth_phy_25g_us_gth_ll_ch_gtwizard_gthe4_inst/gen_gtwizard_gthe4.gen_pwrgood_delay_inst[0].delay_powergood_inst/gen_powergood_delay.int_pwr_on_fsm_reg/C



---------------------------------------------------------------------------------------------------
From Clock:  taxi_ctrl_refclk
  To Clock:  taxi_ctrl_refclk

Setup :           NA  Failing Endpoints,  Worst Slack           NA  ,  Total Violation           NA
Hold  :           NA  Failing Endpoints,  Worst Slack           NA  ,  Total Violation           NA
PW    :            0  Failing Endpoints,  Worst Slack        1.600ns,  Total Violation        0.000ns
---------------------------------------------------------------------------------------------------


Pulse Width Checks
--------------------------------------------------------------------------------------
Clock Name:         taxi_ctrl_refclk
Waveform(ns):       { 0.000 4.000 }
Period(ns):         8.000
Sources:            { CLK_IN1_D_0_clk_p }

Check Type        Corner  Lib Pin            Reference Pin  Required(ns)  Actual(ns)  Slack(ns)  Location   Pin
Min Period        n/a     MMCME4_ADV/CLKIN1  n/a            1.071         8.000       6.929      MMCM_X1Y5  v3_release_i/taxi_ctrl_clk_wiz_0/inst/mmcme4_adv_inst/CLKIN1
Max Period        n/a     MMCME4_ADV/CLKIN1  n/a            100.000       8.000       92.000     MMCM_X1Y5  v3_release_i/taxi_ctrl_clk_wiz_0/inst/mmcme4_adv_inst/CLKIN1
Low Pulse Width   Slow    MMCME4_ADV/CLKIN1  n/a            2.400         4.000       1.600      MMCM_X1Y5  v3_release_i/taxi_ctrl_clk_wiz_0/inst/mmcme4_adv_inst/CLKIN1
High Pulse Width  Slow    MMCME4_ADV/CLKIN1  n/a            2.400         4.000       1.600      MMCM_X1Y5  v3_release_i/taxi_ctrl_clk_wiz_0/inst/mmcme4_adv_inst/CLKIN1



---------------------------------------------------------------------------------------------------
From Clock:  clk_out1_v3_release_taxi_ctrl_clk_wiz_0_0_1
  To Clock:  clk_out1_v3_release_taxi_ctrl_clk_wiz_0_0_1

Setup :            0  Failing Endpoints,  Worst Slack        6.294ns,  Total Violation        0.000ns
Hold  :            0  Failing Endpoints,  Worst Slack        0.037ns,  Total Violation        0.000ns
PW    :            0  Failing Endpoints,  Worst Slack        2.200ns,  Total Violation        0.000ns
---------------------------------------------------------------------------------------------------


Max Delay Paths
--------------------------------------------------------------------------------------
Slack (MET) :             6.294ns  (required time - arrival time)
  Source:                 v3_release_i/taxi_10gbe_frontend_0/inst/frontend_inst/sfp_mac_inst/reset_sync_inst/sync_reg_reg[3]/C
                            (rising edge-triggered cell FDPE clocked by clk_out1_v3_release_taxi_ctrl_clk_wiz_0_0_1  {rise@0.000ns fall@4.000ns period=8.000ns})
  Destination:            v3_release_i/taxi_10gbe_frontend_0/inst/frontend_inst/sfp_mac_inst/ch[0].ch_inst/gt.gt_inst/gt_tx_reset_inst/FSM_sequential_state_reg_reg[1]/R
                            (rising edge-triggered cell FDRE clocked by clk_out1_v3_release_taxi_ctrl_clk_wiz_0_0_1  {rise@0.000ns fall@4.000ns period=8.000ns})
  Path Group:             clk_out1_v3_release_taxi_ctrl_clk_wiz_0_0_1
  Path Type:              Setup (Max at Slow Process Corner)
  Requirement:            8.000ns  (clk_out1_v3_release_taxi_ctrl_clk_wiz_0_0_1 rise@8.000ns - clk_out1_v3_release_taxi_ctrl_clk_wiz_0_0_1 rise@0.000ns)
  Data Path Delay:        1.410ns  (logic 0.175ns (12.408%)  route 1.235ns (87.592%))
  Logic Levels:           1  (LUT3=1)
  Clock Path Skew:        -0.158ns (DCD - SCD + CPR)
    Destination Clock Delay (DCD):    3.791ns = ( 11.791 - 8.000 )
    Source Clock Delay      (SCD):    3.540ns
    Clock Pessimism Removal (CPR):    -0.410ns
  Clock Uncertainty:      0.064ns  ((TSJ^2 + DJ^2)^1/2) / 2 + PE
    Total System Jitter     (TSJ):    0.071ns
    Discrete Jitter          (DJ):    0.106ns
    Phase Error              (PE):    0.000ns
  Clock Net Delay (Source):      2.191ns (routing 1.299ns, distribution 0.892ns)
  Clock Net Delay (Destination): 1.912ns (routing 1.178ns, distribution 0.734ns)

    Location             Delay type                Incr(ns)  Path(ns)    Netlist Resource(s)
  -------------------------------------------------------------------    -------------------
                         (clock clk_out1_v3_release_taxi_ctrl_clk_wiz_0_0_1 rise edge)
                                                      0.000     0.000 r
    H9                                                0.000     0.000 r  CLK_IN1_D_0_clk_p (IN)
                         net (fo=0)                   0.100     0.100    v3_release_i/taxi_ctrl_clk_wiz_0/inst/clkin1_ibufds/I
    HPIOBDIFFINBUF_X1Y130
                         DIFFINBUF (Prop_DIFFINBUF_HPIOBDIFFINBUF_DIFF_IN_P_O)
                                                      0.669     0.769 r  v3_release_i/taxi_ctrl_clk_wiz_0/inst/clkin1_ibufds/DIFFINBUF_INST/O
                         net (fo=1, routed)           0.050     0.819    v3_release_i/taxi_ctrl_clk_wiz_0/inst/clkin1_ibufds/OUT
    H9                   IBUFCTRL (Prop_IBUFCTRL_HPIOB_M_I_O)
                                                      0.000     0.819 r  v3_release_i/taxi_ctrl_clk_wiz_0/inst/clkin1_ibufds/IBUFCTRL_INST/O
                         net (fo=1, routed)           0.384     1.203    v3_release_i/taxi_ctrl_clk_wiz_0/inst/clk_in1_v3_release_taxi_ctrl_clk_wiz_0_0
    MMCM_X1Y5            MMCME4_ADV (Prop_MMCM_CLKIN1_CLKOUT0)
                                                     -0.127     1.076 r  v3_release_i/taxi_ctrl_clk_wiz_0/inst/mmcme4_adv_inst/CLKOUT0
                         net (fo=1, routed)           0.245     1.321    v3_release_i/taxi_ctrl_clk_wiz_0/inst/clk_out1_v3_release_taxi_ctrl_clk_wiz_0_0
    BUFGCE_X1Y123        BUFGCE (Prop_BUFCE_BUFGCE_I_O)
                                                      0.028     1.349 r  v3_release_i/taxi_ctrl_clk_wiz_0/inst/clkout1_buf/O
    X3Y2 (CLOCK_ROOT)    net (fo=200, routed)         2.191     3.540    v3_release_i/taxi_10gbe_frontend_0/inst/frontend_inst/sfp_mac_inst/reset_sync_inst/ctrl_clk_i
    SLICE_X105Y220       FDPE                                         r  v3_release_i/taxi_10gbe_frontend_0/inst/frontend_inst/sfp_mac_inst/reset_sync_inst/sync_reg_reg[3]/C
  -------------------------------------------------------------------    -------------------
    SLICE_X105Y220       FDPE (Prop_GFF2_SLICEM_C_Q)
                                                      0.079     3.619 r  v3_release_i/taxi_10gbe_frontend_0/inst/frontend_inst/sfp_mac_inst/reset_sync_inst/sync_reg_reg[3]/Q
                         net (fo=29, routed)          0.862     4.481    v3_release_i/taxi_10gbe_frontend_0/inst/frontend_inst/sfp_mac_inst/ch[0].ch_inst/gt.gt_inst/common_ctrl.qpll0_reset_inst/qpll_lock_sync_inst/FSM_sequential_state_reg_reg[1]
    SLICE_X108Y170       LUT3 (Prop_H5LUT_SLICEL_I1_O)
                                                      0.096     4.577 r  v3_release_i/taxi_10gbe_frontend_0/inst/frontend_inst/sfp_mac_inst/ch[0].ch_inst/gt.gt_inst/common_ctrl.qpll0_reset_inst/qpll_lock_sync_inst/FSM_sequential_state_reg[1]_i_1/O
                         net (fo=2, routed)           0.373     4.950    v3_release_i/taxi_10gbe_frontend_0/inst/frontend_inst/sfp_mac_inst/ch[0].ch_inst/gt.gt_inst/gt_tx_reset_inst/SR[0]
    SLICE_X109Y169       FDRE                                         r  v3_release_i/taxi_10gbe_frontend_0/inst/frontend_inst/sfp_mac_inst/ch[0].ch_inst/gt.gt_inst/gt_tx_reset_inst/FSM_sequential_state_reg_reg[1]/R
  -------------------------------------------------------------------    -------------------

                         (clock clk_out1_v3_release_taxi_ctrl_clk_wiz_0_0_1 rise edge)
                                                      8.000     8.000 r
    H9                                                0.000     8.000 r  CLK_IN1_D_0_clk_p (IN)
                         net (fo=0)                   0.079     8.079    v3_release_i/taxi_ctrl_clk_wiz_0/inst/clkin1_ibufds/I
    HPIOBDIFFINBUF_X1Y130
                         DIFFINBUF (Prop_DIFFINBUF_HPIOBDIFFINBUF_DIFF_IN_P_O)
                                                      0.558     8.637 r  v3_release_i/taxi_ctrl_clk_wiz_0/inst/clkin1_ibufds/DIFFINBUF_INST/O
                         net (fo=1, routed)           0.040     8.677    v3_release_i/taxi_ctrl_clk_wiz_0/inst/clkin1_ibufds/OUT
    H9                   IBUFCTRL (Prop_IBUFCTRL_HPIOB_M_I_O)
                                                      0.000     8.677 r  v3_release_i/taxi_ctrl_clk_wiz_0/inst/clkin1_ibufds/IBUFCTRL_INST/O
                         net (fo=1, routed)           0.333     9.010    v3_release_i/taxi_ctrl_clk_wiz_0/inst/clk_in1_v3_release_taxi_ctrl_clk_wiz_0_0
    MMCM_X1Y5            MMCME4_ADV (Prop_MMCM_CLKIN1_CLKOUT0)
                                                      0.630     9.640 r  v3_release_i/taxi_ctrl_clk_wiz_0/inst/mmcme4_adv_inst/CLKOUT0
                         net (fo=1, routed)           0.215     9.855    v3_release_i/taxi_ctrl_clk_wiz_0/inst/clk_out1_v3_release_taxi_ctrl_clk_wiz_0_0
    BUFGCE_X1Y123        BUFGCE (Prop_BUFCE_BUFGCE_I_O)
                                                      0.024     9.879 r  v3_release_i/taxi_ctrl_clk_wiz_0/inst/clkout1_buf/O
    X3Y2 (CLOCK_ROOT)    net (fo=200, routed)         1.912    11.791    v3_release_i/taxi_10gbe_frontend_0/inst/frontend_inst/sfp_mac_inst/ch[0].ch_inst/gt.gt_inst/gt_tx_reset_inst/ctrl_clk_i
    SLICE_X109Y169       FDRE                                         r  v3_release_i/taxi_10gbe_frontend_0/inst/frontend_inst/sfp_mac_inst/ch[0].ch_inst/gt.gt_inst/gt_tx_reset_inst/FSM_sequential_state_reg_reg[1]/C
                         clock pessimism             -0.410    11.382
                         clock uncertainty           -0.064    11.318
    SLICE_X109Y169       FDRE (Setup_EFF_SLICEM_C_R)
                                                     -0.074    11.244    v3_release_i/taxi_10gbe_frontend_0/inst/frontend_inst/sfp_mac_inst/ch[0].ch_inst/gt.gt_inst/gt_tx_reset_inst/FSM_sequential_state_reg_reg[1]
  -------------------------------------------------------------------
                         required time                         11.244
                         arrival time                          -4.950
  -------------------------------------------------------------------
                         slack                                  6.294





Min Delay Paths
--------------------------------------------------------------------------------------
Slack (MET) :             0.037ns  (arrival time - required time)
  Source:                 v3_release_i/taxi_10gbe_frontend_0/inst/frontend_inst/sfp_mac_inst/ch[0].ch_inst/gt.gt_inst/common_ctrl.qpll0_reset_inst/qpll_reset_cnt_reg_reg[1]/C
                            (rising edge-triggered cell FDRE clocked by clk_out1_v3_release_taxi_ctrl_clk_wiz_0_0_1  {rise@0.000ns fall@4.000ns period=8.000ns})
  Destination:            v3_release_i/taxi_10gbe_frontend_0/inst/frontend_inst/sfp_mac_inst/ch[0].ch_inst/gt.gt_inst/common_ctrl.qpll0_reset_inst/qpll_reset_cnt_reg_reg[4]/D
                            (rising edge-triggered cell FDRE clocked by clk_out1_v3_release_taxi_ctrl_clk_wiz_0_0_1  {rise@0.000ns fall@4.000ns period=8.000ns})
  Path Group:             clk_out1_v3_release_taxi_ctrl_clk_wiz_0_0_1
  Path Type:              Hold (Min at Fast Process Corner)
  Requirement:            0.000ns  (clk_out1_v3_release_taxi_ctrl_clk_wiz_0_0_1 rise@0.000ns - clk_out1_v3_release_taxi_ctrl_clk_wiz_0_0_1 rise@0.000ns)
  Data Path Delay:        0.123ns  (logic 0.059ns (47.846%)  route 0.064ns (52.154%))
  Logic Levels:           1  (LUT5=1)
  Clock Path Skew:        0.040ns (DCD - SCD - CPR)
    Destination Clock Delay (DCD):    2.042ns
    Source Clock Delay      (SCD):    2.232ns
    Clock Pessimism Removal (CPR):    -0.230ns
  Clock Net Delay (Source):      1.190ns (routing 0.711ns, distribution 0.479ns)
  Clock Net Delay (Destination): 1.340ns (routing 0.800ns, distribution 0.540ns)

    Location             Delay type                Incr(ns)  Path(ns)    Netlist Resource(s)
  -------------------------------------------------------------------    -------------------
                         (clock clk_out1_v3_release_taxi_ctrl_clk_wiz_0_0_1 rise edge)
                                                      0.000     0.000 r
    H9                                                0.000     0.000 r  CLK_IN1_D_0_clk_p (IN)
                         net (fo=0)                   0.079     0.079    v3_release_i/taxi_ctrl_clk_wiz_0/inst/clkin1_ibufds/I
    HPIOBDIFFINBUF_X1Y130
                         DIFFINBUF (Prop_DIFFINBUF_HPIOBDIFFINBUF_DIFF_IN_P_O)
                                                      0.334     0.413 r  v3_release_i/taxi_ctrl_clk_wiz_0/inst/clkin1_ibufds/DIFFINBUF_INST/O
                         net (fo=1, routed)           0.040     0.453    v3_release_i/taxi_ctrl_clk_wiz_0/inst/clkin1_ibufds/OUT
    H9                   IBUFCTRL (Prop_IBUFCTRL_HPIOB_M_I_O)
                                                      0.000     0.453 r  v3_release_i/taxi_ctrl_clk_wiz_0/inst/clkin1_ibufds/IBUFCTRL_INST/O
                         net (fo=1, routed)           0.196     0.649    v3_release_i/taxi_ctrl_clk_wiz_0/inst/clk_in1_v3_release_taxi_ctrl_clk_wiz_0_0
    MMCM_X1Y5            MMCME4_ADV (Prop_MMCM_CLKIN1_CLKOUT0)
                                                      0.230     0.879 r  v3_release_i/taxi_ctrl_clk_wiz_0/inst/mmcme4_adv_inst/CLKOUT0
                         net (fo=1, routed)           0.146     1.025    v3_release_i/taxi_ctrl_clk_wiz_0/inst/clk_out1_v3_release_taxi_ctrl_clk_wiz_0_0
    BUFGCE_X1Y123        BUFGCE (Prop_BUFCE_BUFGCE_I_O)
                                                      0.017     1.042 r  v3_release_i/taxi_ctrl_clk_wiz_0/inst/clkout1_buf/O
    X3Y2 (CLOCK_ROOT)    net (fo=200, routed)         1.190     2.232    v3_release_i/taxi_10gbe_frontend_0/inst/frontend_inst/sfp_mac_inst/ch[0].ch_inst/gt.gt_inst/common_ctrl.qpll0_reset_inst/ctrl_clk_i
    SLICE_X109Y176       FDRE                                         r  v3_release_i/taxi_10gbe_frontend_0/inst/frontend_inst/sfp_mac_inst/ch[0].ch_inst/gt.gt_inst/common_ctrl.qpll0_reset_inst/qpll_reset_cnt_reg_reg[1]/C
  -------------------------------------------------------------------    -------------------
    SLICE_X109Y176       FDRE (Prop_DFF_SLICEM_C_Q)
                                                      0.039     2.271 r  v3_release_i/taxi_10gbe_frontend_0/inst/frontend_inst/sfp_mac_inst/ch[0].ch_inst/gt.gt_inst/common_ctrl.qpll0_reset_inst/qpll_reset_cnt_reg_reg[1]/Q
                         net (fo=6, routed)           0.058     2.329    v3_release_i/taxi_10gbe_frontend_0/inst/frontend_inst/sfp_mac_inst/ch[0].ch_inst/gt.gt_inst/common_ctrl.qpll0_reset_inst/qpll_reset_cnt_reg_reg[1]
    SLICE_X108Y176       LUT5 (Prop_D5LUT_SLICEL_I1_O)
                                                      0.020     2.349 r  v3_release_i/taxi_10gbe_frontend_0/inst/frontend_inst/sfp_mac_inst/ch[0].ch_inst/gt.gt_inst/common_ctrl.qpll0_reset_inst/qpll_reset_cnt_reg[4]_i_1/O
                         net (fo=1, routed)           0.006     2.355    v3_release_i/taxi_10gbe_frontend_0/inst/frontend_inst/sfp_mac_inst/ch[0].ch_inst/gt.gt_inst/common_ctrl.qpll0_reset_inst/p_0_in[4]
    SLICE_X108Y176       FDRE                                         r  v3_release_i/taxi_10gbe_frontend_0/inst/frontend_inst/sfp_mac_inst/ch[0].ch_inst/gt.gt_inst/common_ctrl.qpll0_reset_inst/qpll_reset_cnt_reg_reg[4]/D
  -------------------------------------------------------------------    -------------------

                         (clock clk_out1_v3_release_taxi_ctrl_clk_wiz_0_0_1 rise edge)
                                                      0.000     0.000 r
    H9                                                0.000     0.000 r  CLK_IN1_D_0_clk_p (IN)
                         net (fo=0)                   0.100     0.100    v3_release_i/taxi_ctrl_clk_wiz_0/inst/clkin1_ibufds/I
    HPIOBDIFFINBUF_X1Y130
                         DIFFINBUF (Prop_DIFFINBUF_HPIOBDIFFINBUF_DIFF_IN_P_O)
                                                      0.440     0.540 r  v3_release_i/taxi_ctrl_clk_wiz_0/inst/clkin1_ibufds/DIFFINBUF_INST/O
                         net (fo=1, routed)           0.050     0.590    v3_release_i/taxi_ctrl_clk_wiz_0/inst/clkin1_ibufds/OUT
    H9                   IBUFCTRL (Prop_IBUFCTRL_HPIOB_M_I_O)
                                                      0.000     0.590 r  v3_release_i/taxi_ctrl_clk_wiz_0/inst/clkin1_ibufds/IBUFCTRL_INST/O
                         net (fo=1, routed)           0.222     0.812    v3_release_i/taxi_ctrl_clk_wiz_0/inst/clk_in1_v3_release_taxi_ctrl_clk_wiz_0_0
    MMCM_X1Y5            MMCME4_ADV (Prop_MMCM_CLKIN1_CLKOUT0)
                                                     -0.295     0.517 r  v3_release_i/taxi_ctrl_clk_wiz_0/inst/mmcme4_adv_inst/CLKOUT0
                         net (fo=1, routed)           0.166     0.683    v3_release_i/taxi_ctrl_clk_wiz_0/inst/clk_out1_v3_release_taxi_ctrl_clk_wiz_0_0
    BUFGCE_X1Y123        BUFGCE (Prop_BUFCE_BUFGCE_I_O)
                                                      0.019     0.702 r  v3_release_i/taxi_ctrl_clk_wiz_0/inst/clkout1_buf/O
    X3Y2 (CLOCK_ROOT)    net (fo=200, routed)         1.340     2.042    v3_release_i/taxi_10gbe_frontend_0/inst/frontend_inst/sfp_mac_inst/ch[0].ch_inst/gt.gt_inst/common_ctrl.qpll0_reset_inst/ctrl_clk_i
    SLICE_X108Y176       FDRE                                         r  v3_release_i/taxi_10gbe_frontend_0/inst/frontend_inst/sfp_mac_inst/ch[0].ch_inst/gt.gt_inst/common_ctrl.qpll0_reset_inst/qpll_reset_cnt_reg_reg[4]/C
                         clock pessimism              0.230     2.272
    SLICE_X108Y176       FDRE (Hold_DFF2_SLICEL_C_D)
                                                      0.047     2.319    v3_release_i/taxi_10gbe_frontend_0/inst/frontend_inst/sfp_mac_inst/ch[0].ch_inst/gt.gt_inst/common_ctrl.qpll0_reset_inst/qpll_reset_cnt_reg_reg[4]
  -------------------------------------------------------------------
                         required time                         -2.319
                         arrival time                           2.355
  -------------------------------------------------------------------
                         slack                                  0.037





Pulse Width Checks
--------------------------------------------------------------------------------------
Clock Name:         clk_out1_v3_release_taxi_ctrl_clk_wiz_0_0_1
Waveform(ns):       { 0.000 4.000 }
Period(ns):         8.000
Sources:            { v3_release_i/taxi_ctrl_clk_wiz_0/inst/mmcme4_adv_inst/CLKOUT0 }

Check Type        Corner  Lib Pin               Reference Pin  Required(ns)  Actual(ns)  Slack(ns)  Location             Pin
Min Period        n/a     GTHE4_CHANNEL/DRPCLK  n/a            4.000         8.000       4.000      GTHE4_CHANNEL_X0Y10  v3_release_i/taxi_10gbe_frontend_0/inst/frontend_inst/sfp_mac_inst/ch[0].ch_inst/gt.gt_inst/xcvr.gt_ch_inst/inst/gen_gtwizard_gthe4_top.taxi_eth_phy_25g_us_gth_ll_full_gtwizard_gthe4_inst/gen_gtwizard_gthe4.gen_channel_container[0].gen_enabled_channel.gthe4_channel_wrapper_inst/channel_inst/gthe4_channel_gen.gen_gthe4_channel_inst[0].GTHE4_CHANNEL_PRIM_INST/DRPCLK
Low Pulse Width   Slow    GTHE4_CHANNEL/DRPCLK  n/a            1.800         4.000       2.200      GTHE4_CHANNEL_X0Y10  v3_release_i/taxi_10gbe_frontend_0/inst/frontend_inst/sfp_mac_inst/ch[0].ch_inst/gt.gt_inst/xcvr.gt_ch_inst/inst/gen_gtwizard_gthe4_top.taxi_eth_phy_25g_us_gth_ll_full_gtwizard_gthe4_inst/gen_gtwizard_gthe4.gen_channel_container[0].gen_enabled_channel.gthe4_channel_wrapper_inst/channel_inst/gthe4_channel_gen.gen_gthe4_channel_inst[0].GTHE4_CHANNEL_PRIM_INST/DRPCLK
High Pulse Width  Slow    GTHE4_CHANNEL/DRPCLK  n/a            1.800         4.000       2.200      GTHE4_CHANNEL_X0Y10  v3_release_i/taxi_10gbe_frontend_0/inst/frontend_inst/sfp_mac_inst/ch[0].ch_inst/gt.gt_inst/xcvr.gt_ch_inst/inst/gen_gtwizard_gthe4_top.taxi_eth_phy_25g_us_gth_ll_full_gtwizard_gthe4_inst/gen_gtwizard_gthe4.gen_channel_container[0].gen_enabled_channel.gthe4_channel_wrapper_inst/channel_inst/gthe4_channel_gen.gen_gthe4_channel_inst[0].GTHE4_CHANNEL_PRIM_INST/DRPCLK



---------------------------------------------------------------------------------------------------
From Clock:  clk
  To Clock:  data_clk_v3_release_clk_wiz_0_0

Setup :            0  Failing Endpoints,  Worst Slack        5.163ns,  Total Violation        0.000ns
Hold  :           NA  Failing Endpoints,  Worst Slack           NA  ,  Total Violation           NA
---------------------------------------------------------------------------------------------------


Max Delay Paths
--------------------------------------------------------------------------------------
Slack (MET) :             5.163ns  (required time - arrival time)
  Source:                 v3_release_i/event_async_fifo_0/inst/u_event_fifo/gnuram_async_fifo.xpm_fifo_base_inst/gen_sdpram.xpm_memory_base_inst/gen_wr_a.gen_word_narrow.mem_reg_0_15_140_153/RAMC_D1/CLK
                            (rising edge-triggered cell RAMD32 clocked by clk  {rise@0.000ns fall@3.103ns period=6.206ns})
  Destination:            v3_release_i/event_async_fifo_0/inst/u_event_fifo/gnuram_async_fifo.xpm_fifo_base_inst/gen_sdpram.xpm_memory_base_inst/gen_rd_b.gen_rd_b_synth_template.gen_nc_narrow_pipe.doutb_reg_reg[145]/D
                            (rising edge-triggered cell FDRE clocked by data_clk_v3_release_clk_wiz_0_0  {rise@0.000ns fall@2.000ns period=4.000ns})
  Path Group:             data_clk_v3_release_clk_wiz_0_0
  Path Type:              Setup (Max at Slow Process Corner)
  Requirement:            6.206ns  (MaxDelay Path 6.206ns)
  Data Path Delay:        1.068ns  (logic 0.307ns (28.745%)  route 0.761ns (71.255%))
  Logic Levels:           0
  Timing Exception:       MaxDelay Path 6.206ns -datapath_only

    Location             Delay type                Incr(ns)  Path(ns)    Netlist Resource(s)
  -------------------------------------------------------------------    -------------------
    SLICE_X78Y288                                     0.000     0.000 r  v3_release_i/event_async_fifo_0/inst/u_event_fifo/gnuram_async_fifo.xpm_fifo_base_inst/gen_sdpram.xpm_memory_base_inst/gen_wr_a.gen_word_narrow.mem_reg_0_15_140_153/RAMC_D1/CLK
    SLICE_X78Y288        RAMD32 (Prop_C6LUT_SLICEM_CLK_O)
                                                      0.307     0.307 r  v3_release_i/event_async_fifo_0/inst/u_event_fifo/gnuram_async_fifo.xpm_fifo_base_inst/gen_sdpram.xpm_memory_base_inst/gen_wr_a.gen_word_narrow.mem_reg_0_15_140_153/RAMC_D1/O
                         net (fo=1, routed)           0.761     1.068    v3_release_i/event_async_fifo_0/inst/u_event_fifo/gnuram_async_fifo.xpm_fifo_base_inst/gen_sdpram.xpm_memory_base_inst/gen_rd_b.gen_rd_b_synth_template.gen_nc_narrow_pipe.doutb_reg_reg0[145]
    SLICE_X71Y277        FDRE                                         r  v3_release_i/event_async_fifo_0/inst/u_event_fifo/gnuram_async_fifo.xpm_fifo_base_inst/gen_sdpram.xpm_memory_base_inst/gen_rd_b.gen_rd_b_synth_template.gen_nc_narrow_pipe.doutb_reg_reg[145]/D
  -------------------------------------------------------------------    -------------------

                         max delay                    6.206     6.206
    SLICE_X71Y277        FDRE (Setup_GFF_SLICEM_C_D)
                                                      0.025     6.231    v3_release_i/event_async_fifo_0/inst/u_event_fifo/gnuram_async_fifo.xpm_fifo_base_inst/gen_sdpram.xpm_memory_base_inst/gen_rd_b.gen_rd_b_synth_template.gen_nc_narrow_pipe.doutb_reg_reg[145]
  -------------------------------------------------------------------
                         required time                          6.231
                         arrival time                          -1.068
  -------------------------------------------------------------------
                         slack                                  5.163





---------------------------------------------------------------------------------------------------
From Clock:  clk
  To Clock:  dbg_hub/inst/BSCANID.u_xsdbm_id/SWITCH_N_EXT_BSCAN.bscan_inst/SERIES7_BSCAN.bscan_inst/INTERNAL_TCK

Setup :            0  Failing Endpoints,  Worst Slack        5.684ns,  Total Violation        0.000ns
Hold  :           NA  Failing Endpoints,  Worst Slack           NA  ,  Total Violation           NA
---------------------------------------------------------------------------------------------------


Max Delay Paths
--------------------------------------------------------------------------------------
Slack (MET) :             5.684ns  (required time - arrival time)
  Source:                 dbg_hub/inst/BSCANID.u_xsdbm_id/CORE_XSDB.UUT_MASTER/U_ICON_INTERFACE/U_CMD6_RD/U_RD_FIFO/SUBCORE_FIFO.xsdbm_v3_0_0_rdfifo_inst/inst_fifo_gen/gconvfifo.rf/grf.rf/gntv_or_sync_fifo.gcx.clkx/gnxpm_cdc.wr_pntr_gc_reg[1]/C
                            (rising edge-triggered cell FDCE clocked by clk  {rise@0.000ns fall@3.103ns period=6.206ns})
  Destination:            dbg_hub/inst/BSCANID.u_xsdbm_id/CORE_XSDB.UUT_MASTER/U_ICON_INTERFACE/U_CMD6_RD/U_RD_FIFO/SUBCORE_FIFO.xsdbm_v3_0_0_rdfifo_inst/inst_fifo_gen/gconvfifo.rf/grf.rf/gntv_or_sync_fifo.gcx.clkx/gnxpm_cdc.gsync_stage[1].rd_stg_inst/Q_reg_reg[1]/D
                            (rising edge-triggered cell FDCE clocked by dbg_hub/inst/BSCANID.u_xsdbm_id/SWITCH_N_EXT_BSCAN.bscan_inst/SERIES7_BSCAN.bscan_inst/INTERNAL_TCK  {rise@0.000ns fall@25.000ns period=50.000ns})
  Path Group:             dbg_hub/inst/BSCANID.u_xsdbm_id/SWITCH_N_EXT_BSCAN.bscan_inst/SERIES7_BSCAN.bscan_inst/INTERNAL_TCK
  Path Type:              Setup (Max at Slow Process Corner)
  Requirement:            6.206ns  (MaxDelay Path 6.206ns)
  Data Path Delay:        0.547ns  (logic 0.081ns (14.808%)  route 0.466ns (85.192%))
  Logic Levels:           0
  Timing Exception:       MaxDelay Path 6.206ns -datapath_only

    Location             Delay type                Incr(ns)  Path(ns)    Netlist Resource(s)
  -------------------------------------------------------------------    -------------------
    SLICE_X103Y316                                    0.000     0.000 r  dbg_hub/inst/BSCANID.u_xsdbm_id/CORE_XSDB.UUT_MASTER/U_ICON_INTERFACE/U_CMD6_RD/U_RD_FIFO/SUBCORE_FIFO.xsdbm_v3_0_0_rdfifo_inst/inst_fifo_gen/gconvfifo.rf/grf.rf/gntv_or_sync_fifo.gcx.clkx/gnxpm_cdc.wr_pntr_gc_reg[1]/C
    SLICE_X103Y316       FDCE (Prop_DFF2_SLICEL_C_Q)
                                                      0.081     0.081 r  dbg_hub/inst/BSCANID.u_xsdbm_id/CORE_XSDB.UUT_MASTER/U_ICON_INTERFACE/U_CMD6_RD/U_RD_FIFO/SUBCORE_FIFO.xsdbm_v3_0_0_rdfifo_inst/inst_fifo_gen/gconvfifo.rf/grf.rf/gntv_or_sync_fifo.gcx.clkx/gnxpm_cdc.wr_pntr_gc_reg[1]/Q
                         net (fo=1, routed)           0.466     0.547    dbg_hub/inst/BSCANID.u_xsdbm_id/CORE_XSDB.UUT_MASTER/U_ICON_INTERFACE/U_CMD6_RD/U_RD_FIFO/SUBCORE_FIFO.xsdbm_v3_0_0_rdfifo_inst/inst_fifo_gen/gconvfifo.rf/grf.rf/gntv_or_sync_fifo.gcx.clkx/gnxpm_cdc.gsync_stage[1].rd_stg_inst/Q[1]
    SLICE_X102Y317       FDCE                                         r  dbg_hub/inst/BSCANID.u_xsdbm_id/CORE_XSDB.UUT_MASTER/U_ICON_INTERFACE/U_CMD6_RD/U_RD_FIFO/SUBCORE_FIFO.xsdbm_v3_0_0_rdfifo_inst/inst_fifo_gen/gconvfifo.rf/grf.rf/gntv_or_sync_fifo.gcx.clkx/gnxpm_cdc.gsync_stage[1].rd_stg_inst/Q_reg_reg[1]/D
  -------------------------------------------------------------------    -------------------

                         max delay                    6.206     6.206
    SLICE_X102Y317       FDCE (Setup_HFF2_SLICEL_C_D)
                                                      0.025     6.231    dbg_hub/inst/BSCANID.u_xsdbm_id/CORE_XSDB.UUT_MASTER/U_ICON_INTERFACE/U_CMD6_RD/U_RD_FIFO/SUBCORE_FIFO.xsdbm_v3_0_0_rdfifo_inst/inst_fifo_gen/gconvfifo.rf/grf.rf/gntv_or_sync_fifo.gcx.clkx/gnxpm_cdc.gsync_stage[1].rd_stg_inst/Q_reg_reg[1]
  -------------------------------------------------------------------
                         required time                          6.231
                         arrival time                          -0.547
  -------------------------------------------------------------------
                         slack                                  5.684





---------------------------------------------------------------------------------------------------
From Clock:  data_clk_v3_release_clk_wiz_0_0
  To Clock:  clk

Setup :            0  Failing Endpoints,  Worst Slack        2.511ns,  Total Violation        0.000ns
Hold  :           NA  Failing Endpoints,  Worst Slack           NA  ,  Total Violation           NA
---------------------------------------------------------------------------------------------------


Max Delay Paths
--------------------------------------------------------------------------------------
Slack (MET) :             2.511ns  (required time - arrival time)
  Source:                 v3_release_i/axis_clock_converter_1/inst/gen_async_conv.axisc_async_clock_converter_0/xpm_fifo_async_inst/gnuram_async_fifo.xpm_fifo_base_inst/gen_sdpram.xpm_memory_base_inst/gen_wr_a.gen_word_narrow.mem_reg_0_31_56_69/RAMF_D1/CLK
                            (rising edge-triggered cell RAMD32 clocked by data_clk_v3_release_clk_wiz_0_0  {rise@0.000ns fall@2.000ns period=4.000ns})
  Destination:            v3_release_i/axis_clock_converter_1/inst/gen_async_conv.axisc_async_clock_converter_0/xpm_fifo_async_inst/gnuram_async_fifo.xpm_fifo_base_inst/gen_sdpram.xpm_memory_base_inst/gen_rd_b.gen_rd_b_synth_template.gen_rf_narrow_pipe.doutb_reg_reg[67]/D
                            (rising edge-triggered cell FDRE clocked by clk  {rise@0.000ns fall@3.103ns period=6.206ns})
  Path Group:             clk
  Path Type:              Setup (Max at Slow Process Corner)
  Requirement:            4.000ns  (MaxDelay Path 4.000ns)
  Data Path Delay:        1.514ns  (logic 0.304ns (20.079%)  route 1.210ns (79.921%))
  Logic Levels:           0
  Timing Exception:       MaxDelay Path 4.000ns -datapath_only

    Location             Delay type                Incr(ns)  Path(ns)    Netlist Resource(s)
  -------------------------------------------------------------------    -------------------
    SLICE_X56Y192                                     0.000     0.000 r  v3_release_i/axis_clock_converter_1/inst/gen_async_conv.axisc_async_clock_converter_0/xpm_fifo_async_inst/gnuram_async_fifo.xpm_fifo_base_inst/gen_sdpram.xpm_memory_base_inst/gen_wr_a.gen_word_narrow.mem_reg_0_31_56_69/RAMF_D1/CLK
    SLICE_X56Y192        RAMD32 (Prop_F6LUT_SLICEM_CLK_O)
                                                      0.304     0.304 r  v3_release_i/axis_clock_converter_1/inst/gen_async_conv.axisc_async_clock_converter_0/xpm_fifo_async_inst/gnuram_async_fifo.xpm_fifo_base_inst/gen_sdpram.xpm_memory_base_inst/gen_wr_a.gen_word_narrow.mem_reg_0_31_56_69/RAMF_D1/O
                         net (fo=1, routed)           1.210     1.514    v3_release_i/axis_clock_converter_1/inst/gen_async_conv.axisc_async_clock_converter_0/xpm_fifo_async_inst/gnuram_async_fifo.xpm_fifo_base_inst/gen_sdpram.xpm_memory_base_inst/gen_rd_b.gen_rd_b_synth_template.gen_rf_narrow_pipe.doutb_reg_reg0[67]
    SLICE_X66Y217        FDRE                                         r  v3_release_i/axis_clock_converter_1/inst/gen_async_conv.axisc_async_clock_converter_0/xpm_fifo_async_inst/gnuram_async_fifo.xpm_fifo_base_inst/gen_sdpram.xpm_memory_base_inst/gen_rd_b.gen_rd_b_synth_template.gen_rf_narrow_pipe.doutb_reg_reg[67]/D
  -------------------------------------------------------------------    -------------------

                         max delay                    4.000     4.000
    SLICE_X66Y217        FDRE (Setup_AFF_SLICEL_C_D)
                                                      0.025     4.025    v3_release_i/axis_clock_converter_1/inst/gen_async_conv.axisc_async_clock_converter_0/xpm_fifo_async_inst/gnuram_async_fifo.xpm_fifo_base_inst/gen_sdpram.xpm_memory_base_inst/gen_rd_b.gen_rd_b_synth_template.gen_rf_narrow_pipe.doutb_reg_reg[67]
  -------------------------------------------------------------------
                         required time                          4.025
                         arrival time                          -1.514
  -------------------------------------------------------------------
                         slack                                  2.511





---------------------------------------------------------------------------------------------------
From Clock:  dbg_hub/inst/BSCANID.u_xsdbm_id/SWITCH_N_EXT_BSCAN.bscan_inst/SERIES7_BSCAN.bscan_inst/INTERNAL_TCK
  To Clock:  clk

Setup :            0  Failing Endpoints,  Worst Slack       49.341ns,  Total Violation        0.000ns
Hold  :           NA  Failing Endpoints,  Worst Slack           NA  ,  Total Violation           NA
---------------------------------------------------------------------------------------------------


Max Delay Paths
--------------------------------------------------------------------------------------
Slack (MET) :             49.341ns  (required time - arrival time)
  Source:                 dbg_hub/inst/BSCANID.u_xsdbm_id/CORE_XSDB.UUT_MASTER/U_ICON_INTERFACE/U_CMD6_RD/U_RD_FIFO/SUBCORE_FIFO.xsdbm_v3_0_0_rdfifo_inst/inst_fifo_gen/gconvfifo.rf/grf.rf/gntv_or_sync_fifo.gcx.clkx/gnxpm_cdc.rd_pntr_gc_reg[3]/C
                            (rising edge-triggered cell FDCE clocked by dbg_hub/inst/BSCANID.u_xsdbm_id/SWITCH_N_EXT_BSCAN.bscan_inst/SERIES7_BSCAN.bscan_inst/INTERNAL_TCK  {rise@0.000ns fall@25.000ns period=50.000ns})
  Destination:            dbg_hub/inst/BSCANID.u_xsdbm_id/CORE_XSDB.UUT_MASTER/U_ICON_INTERFACE/U_CMD6_RD/U_RD_FIFO/SUBCORE_FIFO.xsdbm_v3_0_0_rdfifo_inst/inst_fifo_gen/gconvfifo.rf/grf.rf/gntv_or_sync_fifo.gcx.clkx/gnxpm_cdc.gsync_stage[1].wr_stg_inst/Q_reg_reg[3]/D
                            (rising edge-triggered cell FDCE clocked by clk  {rise@0.000ns fall@3.103ns period=6.206ns})
  Path Group:             clk
  Path Type:              Setup (Max at Slow Process Corner)
  Requirement:            50.000ns  (MaxDelay Path 50.000ns)
  Data Path Delay:        0.684ns  (logic 0.080ns (11.696%)  route 0.604ns (88.304%))
  Logic Levels:           0
  Timing Exception:       MaxDelay Path 50.000ns -datapath_only

    Location             Delay type                Incr(ns)  Path(ns)    Netlist Resource(s)
  -------------------------------------------------------------------    -------------------
    SLICE_X102Y318                                    0.000     0.000 r  dbg_hub/inst/BSCANID.u_xsdbm_id/CORE_XSDB.UUT_MASTER/U_ICON_INTERFACE/U_CMD6_RD/U_RD_FIFO/SUBCORE_FIFO.xsdbm_v3_0_0_rdfifo_inst/inst_fifo_gen/gconvfifo.rf/grf.rf/gntv_or_sync_fifo.gcx.clkx/gnxpm_cdc.rd_pntr_gc_reg[3]/C
    SLICE_X102Y318       FDCE (Prop_BFF2_SLICEL_C_Q)
                                                      0.080     0.080 r  dbg_hub/inst/BSCANID.u_xsdbm_id/CORE_XSDB.UUT_MASTER/U_ICON_INTERFACE/U_CMD6_RD/U_RD_FIFO/SUBCORE_FIFO.xsdbm_v3_0_0_rdfifo_inst/inst_fifo_gen/gconvfifo.rf/grf.rf/gntv_or_sync_fifo.gcx.clkx/gnxpm_cdc.rd_pntr_gc_reg[3]/Q
                         net (fo=1, routed)           0.604     0.684    dbg_hub/inst/BSCANID.u_xsdbm_id/CORE_XSDB.UUT_MASTER/U_ICON_INTERFACE/U_CMD6_RD/U_RD_FIFO/SUBCORE_FIFO.xsdbm_v3_0_0_rdfifo_inst/inst_fifo_gen/gconvfifo.rf/grf.rf/gntv_or_sync_fifo.gcx.clkx/gnxpm_cdc.gsync_stage[1].wr_stg_inst/Q[3]
    SLICE_X103Y318       FDCE                                         r  dbg_hub/inst/BSCANID.u_xsdbm_id/CORE_XSDB.UUT_MASTER/U_ICON_INTERFACE/U_CMD6_RD/U_RD_FIFO/SUBCORE_FIFO.xsdbm_v3_0_0_rdfifo_inst/inst_fifo_gen/gconvfifo.rf/grf.rf/gntv_or_sync_fifo.gcx.clkx/gnxpm_cdc.gsync_stage[1].wr_stg_inst/Q_reg_reg[3]/D
  -------------------------------------------------------------------    -------------------

                         max delay                   50.000    50.000
    SLICE_X103Y318       FDCE (Setup_CFF2_SLICEL_C_D)
                                                      0.025    50.025    dbg_hub/inst/BSCANID.u_xsdbm_id/CORE_XSDB.UUT_MASTER/U_ICON_INTERFACE/U_CMD6_RD/U_RD_FIFO/SUBCORE_FIFO.xsdbm_v3_0_0_rdfifo_inst/inst_fifo_gen/gconvfifo.rf/grf.rf/gntv_or_sync_fifo.gcx.clkx/gnxpm_cdc.gsync_stage[1].wr_stg_inst/Q_reg_reg[3]
  -------------------------------------------------------------------
                         required time                         50.025
                         arrival time                          -0.684
  -------------------------------------------------------------------
                         slack                                 49.341





---------------------------------------------------------------------------------------------------
Path Group:  **async_default**
From Clock:  clk
  To Clock:  clk

Setup :            0  Failing Endpoints,  Worst Slack        4.903ns,  Total Violation        0.000ns
Hold  :            0  Failing Endpoints,  Worst Slack        0.078ns,  Total Violation        0.000ns
---------------------------------------------------------------------------------------------------


Max Delay Paths
--------------------------------------------------------------------------------------
Slack (MET) :             4.903ns  (required time - arrival time)
  Source:                 dbg_hub/inst/BSCANID.u_xsdbm_id/CORE_XSDB.UUT_MASTER/U_ICON_INTERFACE/U_CMD1/ctl_reg_reg[0]/C
                            (rising edge-triggered cell FDRE clocked by clk  {rise@0.000ns fall@3.103ns period=6.206ns})
  Destination:            dbg_hub/inst/BSCANID.u_xsdbm_id/CORE_XSDB.UUT_MASTER/U_XSDB_BUS_CONTROLLER/FSM_onehot_current_state_reg[10]/CLR
                            (recovery check against rising-edge clock clk  {rise@0.000ns fall@3.103ns period=6.206ns})
  Path Group:             **async_default**
  Path Type:              Recovery (Max at Slow Process Corner)
  Requirement:            6.206ns  (clk rise@6.206ns - clk rise@0.000ns)
  Data Path Delay:        1.091ns  (logic 0.079ns (7.244%)  route 1.012ns (92.756%))
  Logic Levels:           0
  Clock Path Skew:        -0.100ns (DCD - SCD + CPR)
    Destination Clock Delay (DCD):    1.823ns = ( 8.029 - 6.206 )
    Source Clock Delay      (SCD):    2.072ns
    Clock Pessimism Removal (CPR):    0.150ns
  Clock Uncertainty:      0.046ns  ((TSJ^2 + DJ^2)^1/2) / 2 + PE
    Total System Jitter     (TSJ):    0.071ns
    Discrete Jitter          (DJ):    0.060ns
    Phase Error              (PE):    0.000ns
  Clock Net Delay (Source):      1.829ns (routing 0.413ns, distribution 1.416ns)
  Clock Net Delay (Destination): 1.610ns (routing 0.374ns, distribution 1.236ns)

    Location             Delay type                Incr(ns)  Path(ns)    Netlist Resource(s)
  -------------------------------------------------------------------    -------------------
                         (clock clk rise edge)        0.000     0.000 r
    GTHE4_CHANNEL_X0Y10  GTHE4_CHANNEL                0.000     0.000 r  v3_release_i/taxi_10gbe_frontend_0/inst/frontend_inst/sfp_mac_inst/ch[0].ch_inst/gt.gt_inst/xcvr.gt_ch_inst/inst/gen_gtwizard_gthe4_top.taxi_eth_phy_25g_us_gth_ll_full_gtwizard_gthe4_inst/gen_gtwizard_gthe4.gen_channel_container[0].gen_enabled_channel.gthe4_channel_wrapper_inst/channel_inst/gthe4_channel_gen.gen_gthe4_channel_inst[0].GTHE4_CHANNEL_PRIM_INST/RXOUTCLK
                         net (fo=3, routed)           0.113     0.113    v3_release_i/taxi_10gbe_frontend_0/inst/frontend_inst/sfp_mac_inst/ch[0].ch_inst/gt.gt_inst/xcvr.gt_ch_inst/inst/gen_gtwizard_gthe4_top.taxi_eth_phy_25g_us_gth_ll_full_gtwizard_gthe4_inst/gen_gtwizard_gthe4.gen_rx_user_clocking_internal.gen_single_instance.gtwiz_userclk_rx_inst/gtwiz_userclk_rx_srcclk_out[0]
    BUFG_GT_X0Y65        BUFG_GT (Prop_BUFG_GT_I_O)
                                                      0.130     0.243 r  v3_release_i/taxi_10gbe_frontend_0/inst/frontend_inst/sfp_mac_inst/ch[0].ch_inst/gt.gt_inst/xcvr.gt_ch_inst/inst/gen_gtwizard_gthe4_top.taxi_eth_phy_25g_us_gth_ll_full_gtwizard_gthe4_inst/gen_gtwizard_gthe4.gen_rx_user_clocking_internal.gen_single_instance.gtwiz_userclk_rx_inst/gen_gtwiz_userclk_rx_main.bufg_gt_usrclk2_inst/O
    X2Y2 (CLOCK_ROOT)    net (fo=5629, routed)        1.829     2.072    dbg_hub/inst/BSCANID.u_xsdbm_id/CORE_XSDB.UUT_MASTER/U_ICON_INTERFACE/U_CMD1/clk
    SLICE_X106Y316       FDRE                                         r  dbg_hub/inst/BSCANID.u_xsdbm_id/CORE_XSDB.UUT_MASTER/U_ICON_INTERFACE/U_CMD1/ctl_reg_reg[0]/C
  -------------------------------------------------------------------    -------------------
    SLICE_X106Y316       FDRE (Prop_DFF_SLICEL_C_Q)
                                                      0.079     2.151 f  dbg_hub/inst/BSCANID.u_xsdbm_id/CORE_XSDB.UUT_MASTER/U_ICON_INTERFACE/U_CMD1/ctl_reg_reg[0]/Q
                         net (fo=176, routed)         1.012     3.163    dbg_hub/inst/BSCANID.u_xsdbm_id/CORE_XSDB.UUT_MASTER/U_XSDB_BUS_CONTROLLER/out[0]
    SLICE_X107Y320       FDCE                                         f  dbg_hub/inst/BSCANID.u_xsdbm_id/CORE_XSDB.UUT_MASTER/U_XSDB_BUS_CONTROLLER/FSM_onehot_current_state_reg[10]/CLR
  -------------------------------------------------------------------    -------------------

                         (clock clk rise edge)        6.206     6.206 r
    GTHE4_CHANNEL_X0Y10  GTHE4_CHANNEL                0.000     6.206 r  v3_release_i/taxi_10gbe_frontend_0/inst/frontend_inst/sfp_mac_inst/ch[0].ch_inst/gt.gt_inst/xcvr.gt_ch_inst/inst/gen_gtwizard_gthe4_top.taxi_eth_phy_25g_us_gth_ll_full_gtwizard_gthe4_inst/gen_gtwizard_gthe4.gen_channel_container[0].gen_enabled_channel.gthe4_channel_wrapper_inst/channel_inst/gthe4_channel_gen.gen_gthe4_channel_inst[0].GTHE4_CHANNEL_PRIM_INST/RXOUTCLK
                         net (fo=3, routed)           0.099     6.305    v3_release_i/taxi_10gbe_frontend_0/inst/frontend_inst/sfp_mac_inst/ch[0].ch_inst/gt.gt_inst/xcvr.gt_ch_inst/inst/gen_gtwizard_gthe4_top.taxi_eth_phy_25g_us_gth_ll_full_gtwizard_gthe4_inst/gen_gtwizard_gthe4.gen_rx_user_clocking_internal.gen_single_instance.gtwiz_userclk_rx_inst/gtwiz_userclk_rx_srcclk_out[0]
    BUFG_GT_X0Y65        BUFG_GT (Prop_BUFG_GT_I_O)
                                                      0.114     6.419 r  v3_release_i/taxi_10gbe_frontend_0/inst/frontend_inst/sfp_mac_inst/ch[0].ch_inst/gt.gt_inst/xcvr.gt_ch_inst/inst/gen_gtwizard_gthe4_top.taxi_eth_phy_25g_us_gth_ll_full_gtwizard_gthe4_inst/gen_gtwizard_gthe4.gen_rx_user_clocking_internal.gen_single_instance.gtwiz_userclk_rx_inst/gen_gtwiz_userclk_rx_main.bufg_gt_usrclk2_inst/O
    X2Y2 (CLOCK_ROOT)    net (fo=5629, routed)        1.610     8.029    dbg_hub/inst/BSCANID.u_xsdbm_id/CORE_XSDB.UUT_MASTER/U_XSDB_BUS_CONTROLLER/clk
    SLICE_X107Y320       FDCE                                         r  dbg_hub/inst/BSCANID.u_xsdbm_id/CORE_XSDB.UUT_MASTER/U_XSDB_BUS_CONTROLLER/FSM_onehot_current_state_reg[10]/C
                         clock pessimism              0.150     8.178
                         clock uncertainty           -0.046     8.132
    SLICE_X107Y320       FDCE (Recov_HFF2_SLICEL_C_CLR)
                                                     -0.066     8.066    dbg_hub/inst/BSCANID.u_xsdbm_id/CORE_XSDB.UUT_MASTER/U_XSDB_BUS_CONTROLLER/FSM_onehot_current_state_reg[10]
  -------------------------------------------------------------------
                         required time                          8.066
                         arrival time                          -3.163
  -------------------------------------------------------------------
                         slack                                  4.903





Min Delay Paths
--------------------------------------------------------------------------------------
Slack (MET) :             0.078ns  (arrival time - required time)
  Source:                 dbg_hub/inst/BSCANID.u_xsdbm_id/CORE_XSDB.UUT_MASTER/U_ICON_INTERFACE/U_CMD6_WR/U_WR_FIFO/SUBCORE_FIFO.xsdbm_v3_0_0_wrfifo_inst/inst_fifo_gen/gconvfifo.rf/grf.rf/rstblk/ngwrdrst.grst.g7serrst.rst_rd_reg2_reg/C
                            (rising edge-triggered cell FDPE clocked by clk  {rise@0.000ns fall@3.103ns period=6.206ns})
  Destination:            dbg_hub/inst/BSCANID.u_xsdbm_id/CORE_XSDB.UUT_MASTER/U_ICON_INTERFACE/U_CMD6_WR/U_WR_FIFO/SUBCORE_FIFO.xsdbm_v3_0_0_wrfifo_inst/inst_fifo_gen/gconvfifo.rf/grf.rf/rstblk/ngwrdrst.grst.g7serrst.rd_rst_asreg_reg/PRE
                            (removal check against rising-edge clock clk  {rise@0.000ns fall@3.103ns period=6.206ns})
  Path Group:             **async_default**
  Path Type:              Removal (Min at Fast Process Corner)
  Requirement:            0.000ns  (clk rise@0.000ns - clk rise@0.000ns)
  Data Path Delay:        0.121ns  (logic 0.040ns (33.058%)  route 0.081ns (66.942%))
  Logic Levels:           0
  Clock Path Skew:        0.063ns (DCD - SCD - CPR)
    Destination Clock Delay (DCD):    1.312ns
    Source Clock Delay      (SCD):    1.149ns
    Clock Pessimism Removal (CPR):    0.100ns
  Clock Net Delay (Source):      1.002ns (routing 0.225ns, distribution 0.777ns)
  Clock Net Delay (Destination): 1.144ns (routing 0.249ns, distribution 0.895ns)

    Location             Delay type                Incr(ns)  Path(ns)    Netlist Resource(s)
  -------------------------------------------------------------------    -------------------
                         (clock clk rise edge)        0.000     0.000 r
    GTHE4_CHANNEL_X0Y10  GTHE4_CHANNEL                0.000     0.000 r  v3_release_i/taxi_10gbe_frontend_0/inst/frontend_inst/sfp_mac_inst/ch[0].ch_inst/gt.gt_inst/xcvr.gt_ch_inst/inst/gen_gtwizard_gthe4_top.taxi_eth_phy_25g_us_gth_ll_full_gtwizard_gthe4_inst/gen_gtwizard_gthe4.gen_channel_container[0].gen_enabled_channel.gthe4_channel_wrapper_inst/channel_inst/gthe4_channel_gen.gen_gthe4_channel_inst[0].GTHE4_CHANNEL_PRIM_INST/RXOUTCLK
                         net (fo=3, routed)           0.074     0.074    v3_release_i/taxi_10gbe_frontend_0/inst/frontend_inst/sfp_mac_inst/ch[0].ch_inst/gt.gt_inst/xcvr.gt_ch_inst/inst/gen_gtwizard_gthe4_top.taxi_eth_phy_25g_us_gth_ll_full_gtwizard_gthe4_inst/gen_gtwizard_gthe4.gen_rx_user_clocking_internal.gen_single_instance.gtwiz_userclk_rx_inst/gtwiz_userclk_rx_srcclk_out[0]
    BUFG_GT_X0Y65        BUFG_GT (Prop_BUFG_GT_I_O)
                                                      0.073     0.147 r  v3_release_i/taxi_10gbe_frontend_0/inst/frontend_inst/sfp_mac_inst/ch[0].ch_inst/gt.gt_inst/xcvr.gt_ch_inst/inst/gen_gtwizard_gthe4_top.taxi_eth_phy_25g_us_gth_ll_full_gtwizard_gthe4_inst/gen_gtwizard_gthe4.gen_rx_user_clocking_internal.gen_single_instance.gtwiz_userclk_rx_inst/gen_gtwiz_userclk_rx_main.bufg_gt_usrclk2_inst/O
    X2Y2 (CLOCK_ROOT)    net (fo=5629, routed)        1.002     1.149    dbg_hub/inst/BSCANID.u_xsdbm_id/CORE_XSDB.UUT_MASTER/U_ICON_INTERFACE/U_CMD6_WR/U_WR_FIFO/SUBCORE_FIFO.xsdbm_v3_0_0_wrfifo_inst/inst_fifo_gen/gconvfifo.rf/grf.rf/rstblk/rd_clk
    SLICE_X111Y313       FDPE                                         r  dbg_hub/inst/BSCANID.u_xsdbm_id/CORE_XSDB.UUT_MASTER/U_ICON_INTERFACE/U_CMD6_WR/U_WR_FIFO/SUBCORE_FIFO.xsdbm_v3_0_0_wrfifo_inst/inst_fifo_gen/gconvfifo.rf/grf.rf/rstblk/ngwrdrst.grst.g7serrst.rst_rd_reg2_reg/C
  -------------------------------------------------------------------    -------------------
    SLICE_X111Y313       FDPE (Prop_AFF2_SLICEL_C_Q)
                                                      0.040     1.189 f  dbg_hub/inst/BSCANID.u_xsdbm_id/CORE_XSDB.UUT_MASTER/U_ICON_INTERFACE/U_CMD6_WR/U_WR_FIFO/SUBCORE_FIFO.xsdbm_v3_0_0_wrfifo_inst/inst_fifo_gen/gconvfifo.rf/grf.rf/rstblk/ngwrdrst.grst.g7serrst.rst_rd_reg2_reg/Q
                         net (fo=1, routed)           0.081     1.270    dbg_hub/inst/BSCANID.u_xsdbm_id/CORE_XSDB.UUT_MASTER/U_ICON_INTERFACE/U_CMD6_WR/U_WR_FIFO/SUBCORE_FIFO.xsdbm_v3_0_0_wrfifo_inst/inst_fifo_gen/gconvfifo.rf/grf.rf/rstblk/ngwrdrst.grst.rst_rd_reg2
    SLICE_X110Y313       FDPE                                         f  dbg_hub/inst/BSCANID.u_xsdbm_id/CORE_XSDB.UUT_MASTER/U_ICON_INTERFACE/U_CMD6_WR/U_WR_FIFO/SUBCORE_FIFO.xsdbm_v3_0_0_wrfifo_inst/inst_fifo_gen/gconvfifo.rf/grf.rf/rstblk/ngwrdrst.grst.g7serrst.rd_rst_asreg_reg/PRE
  -------------------------------------------------------------------    -------------------

                         (clock clk rise edge)        0.000     0.000 r
    GTHE4_CHANNEL_X0Y10  GTHE4_CHANNEL                0.000     0.000 r  v3_release_i/taxi_10gbe_frontend_0/inst/frontend_inst/sfp_mac_inst/ch[0].ch_inst/gt.gt_inst/xcvr.gt_ch_inst/inst/gen_gtwizard_gthe4_top.taxi_eth_phy_25g_us_gth_ll_full_gtwizard_gthe4_inst/gen_gtwizard_gthe4.gen_channel_container[0].gen_enabled_channel.gthe4_channel_wrapper_inst/channel_inst/gthe4_channel_gen.gen_gthe4_channel_inst[0].GTHE4_CHANNEL_PRIM_INST/RXOUTCLK
                         net (fo=3, routed)           0.086     0.086    v3_release_i/taxi_10gbe_frontend_0/inst/frontend_inst/sfp_mac_inst/ch[0].ch_inst/gt.gt_inst/xcvr.gt_ch_inst/inst/gen_gtwizard_gthe4_top.taxi_eth_phy_25g_us_gth_ll_full_gtwizard_gthe4_inst/gen_gtwizard_gthe4.gen_rx_user_clocking_internal.gen_single_instance.gtwiz_userclk_rx_inst/gtwiz_userclk_rx_srcclk_out[0]
    BUFG_GT_X0Y65        BUFG_GT (Prop_BUFG_GT_I_O)
                                                      0.082     0.168 r  v3_release_i/taxi_10gbe_frontend_0/inst/frontend_inst/sfp_mac_inst/ch[0].ch_inst/gt.gt_inst/xcvr.gt_ch_inst/inst/gen_gtwizard_gthe4_top.taxi_eth_phy_25g_us_gth_ll_full_gtwizard_gthe4_inst/gen_gtwizard_gthe4.gen_rx_user_clocking_internal.gen_single_instance.gtwiz_userclk_rx_inst/gen_gtwiz_userclk_rx_main.bufg_gt_usrclk2_inst/O
    X2Y2 (CLOCK_ROOT)    net (fo=5629, routed)        1.144     1.312    dbg_hub/inst/BSCANID.u_xsdbm_id/CORE_XSDB.UUT_MASTER/U_ICON_INTERFACE/U_CMD6_WR/U_WR_FIFO/SUBCORE_FIFO.xsdbm_v3_0_0_wrfifo_inst/inst_fifo_gen/gconvfifo.rf/grf.rf/rstblk/rd_clk
    SLICE_X110Y313       FDPE                                         r  dbg_hub/inst/BSCANID.u_xsdbm_id/CORE_XSDB.UUT_MASTER/U_ICON_INTERFACE/U_CMD6_WR/U_WR_FIFO/SUBCORE_FIFO.xsdbm_v3_0_0_wrfifo_inst/inst_fifo_gen/gconvfifo.rf/grf.rf/rstblk/ngwrdrst.grst.g7serrst.rd_rst_asreg_reg/C
                         clock pessimism             -0.100     1.212
    SLICE_X110Y313       FDPE (Remov_DFF2_SLICEL_C_PRE)
                                                     -0.020     1.192    dbg_hub/inst/BSCANID.u_xsdbm_id/CORE_XSDB.UUT_MASTER/U_ICON_INTERFACE/U_CMD6_WR/U_WR_FIFO/SUBCORE_FIFO.xsdbm_v3_0_0_wrfifo_inst/inst_fifo_gen/gconvfifo.rf/grf.rf/rstblk/ngwrdrst.grst.g7serrst.rd_rst_asreg_reg
  -------------------------------------------------------------------
                         required time                         -1.192
                         arrival time                           1.270
  -------------------------------------------------------------------
                         slack                                  0.078





---------------------------------------------------------------------------------------------------
Path Group:  **async_default**
From Clock:  dbg_hub/inst/BSCANID.u_xsdbm_id/SWITCH_N_EXT_BSCAN.bscan_inst/SERIES7_BSCAN.bscan_inst/INTERNAL_TCK
  To Clock:  dbg_hub/inst/BSCANID.u_xsdbm_id/SWITCH_N_EXT_BSCAN.bscan_inst/SERIES7_BSCAN.bscan_inst/INTERNAL_TCK

Setup :            0  Failing Endpoints,  Worst Slack       46.909ns,  Total Violation        0.000ns
Hold  :            0  Failing Endpoints,  Worst Slack        0.110ns,  Total Violation        0.000ns
---------------------------------------------------------------------------------------------------


Max Delay Paths
--------------------------------------------------------------------------------------
Slack (MET) :             46.909ns  (required time - arrival time)
  Source:                 dbg_hub/inst/BSCANID.u_xsdbm_id/SWITCH_N_EXT_BSCAN.bscan_switch/portno_reg[5]/C
                            (rising edge-triggered cell FDRE clocked by dbg_hub/inst/BSCANID.u_xsdbm_id/SWITCH_N_EXT_BSCAN.bscan_inst/SERIES7_BSCAN.bscan_inst/INTERNAL_TCK  {rise@0.000ns fall@25.000ns period=50.000ns})
  Destination:            dbg_hub/inst/BSCANID.u_xsdbm_id/CORE_XSDB.U_ICON/U_CMD/iTARGET_reg[10]/CLR
                            (recovery check against rising-edge clock dbg_hub/inst/BSCANID.u_xsdbm_id/SWITCH_N_EXT_BSCAN.bscan_inst/SERIES7_BSCAN.bscan_inst/INTERNAL_TCK  {rise@0.000ns fall@25.000ns period=50.000ns})
  Path Group:             **async_default**
  Path Type:              Recovery (Max at Slow Process Corner)
  Requirement:            50.000ns  (dbg_hub/inst/BSCANID.u_xsdbm_id/SWITCH_N_EXT_BSCAN.bscan_inst/SERIES7_BSCAN.bscan_inst/INTERNAL_TCK rise@50.000ns - dbg_hub/inst/BSCANID.u_xsdbm_id/SWITCH_N_EXT_BSCAN.bscan_inst/SERIES7_BSCAN.bscan_inst/INTERNAL_TCK rise@0.000ns)
  Data Path Delay:        2.885ns  (logic 0.267ns (9.255%)  route 2.618ns (90.745%))
  Logic Levels:           2  (LUT4=1 LUT6=1)
  Clock Path Skew:        -0.104ns (DCD - SCD + CPR)
    Destination Clock Delay (DCD):    3.811ns = ( 53.811 - 50.000 )
    Source Clock Delay      (SCD):    8.472ns
    Clock Pessimism Removal (CPR):    4.557ns
  Clock Uncertainty:      0.035ns  ((TSJ^2 + TIJ^2)^1/2 + DJ) / 2 + PE
    Total System Jitter     (TSJ):    0.071ns
    Total Input Jitter      (TIJ):    0.000ns
    Discrete Jitter          (DJ):    0.000ns
    Phase Error              (PE):    0.000ns
  Clock Net Delay (Source):      2.195ns (routing 1.143ns, distribution 1.052ns)
  Clock Net Delay (Destination): 1.986ns (routing 1.038ns, distribution 0.948ns)

    Location             Delay type                Incr(ns)  Path(ns)    Netlist Resource(s)
  -------------------------------------------------------------------    -------------------
                         (clock dbg_hub/inst/BSCANID.u_xsdbm_id/SWITCH_N_EXT_BSCAN.bscan_inst/SERIES7_BSCAN.bscan_inst/INTERNAL_TCK rise edge)
                                                      0.000     0.000 r
    CONFIG_SITE_X0Y0     BSCANE2                      0.000     0.000 r  dbg_hub/inst/BSCANID.u_xsdbm_id/SWITCH_N_EXT_BSCAN.bscan_inst/SERIES7_BSCAN.bscan_inst/INTERNAL_TCK
    CONFIG_SITE_X0Y0     BSCANE2 (Prop_BSCAN1_CONFIG_SITE_INTERNAL_TCK_TCK)
                                                      4.300     4.300 r  dbg_hub/inst/BSCANID.u_xsdbm_id/SWITCH_N_EXT_BSCAN.bscan_inst/SERIES7_BSCAN.bscan_inst/TCK
                         net (fo=1, routed)           1.949     6.249    dbg_hub/inst/BSCANID.u_xsdbm_id/tck_bs
    BUFGCE_X1Y8          BUFGCE (Prop_BUFCE_BUFGCE_I_O)
                                                      0.028     6.277 r  dbg_hub/inst/BSCANID.u_xsdbm_id/SWITCH_N_EXT_BSCAN.u_bufg_icon_tck/O
    X3Y3 (CLOCK_ROOT)    net (fo=478, routed)         2.195     8.472    dbg_hub/inst/BSCANID.u_xsdbm_id/SWITCH_N_EXT_BSCAN.bscan_switch/s_bscan_tck
    SLICE_X106Y131       FDRE                                         r  dbg_hub/inst/BSCANID.u_xsdbm_id/SWITCH_N_EXT_BSCAN.bscan_switch/portno_reg[5]/C
  -------------------------------------------------------------------    -------------------
    SLICE_X106Y131       FDRE (Prop_GFF2_SLICEL_C_Q)
                                                      0.081     8.553 f  dbg_hub/inst/BSCANID.u_xsdbm_id/SWITCH_N_EXT_BSCAN.bscan_switch/portno_reg[5]/Q
                         net (fo=1, routed)           0.248     8.801    dbg_hub/inst/BSCANID.u_xsdbm_id/SWITCH_N_EXT_BSCAN.bscan_switch/portno[5]
    SLICE_X106Y131       LUT6 (Prop_H6LUT_SLICEL_I5_O)
                                                      0.090     8.891 f  dbg_hub/inst/BSCANID.u_xsdbm_id/SWITCH_N_EXT_BSCAN.bscan_switch/m_bscan_drck[0]_INST_0_i_1/O
                         net (fo=5, routed)           0.503     9.394    dbg_hub/inst/BSCANID.u_xsdbm_id/SWITCH_N_EXT_BSCAN.bscan_switch/m_bscan_drck[0]_INST_0_i_1_n_0
    SLICE_X106Y151       LUT4 (Prop_D5LUT_SLICEL_I3_O)
                                                      0.096     9.490 r  dbg_hub/inst/BSCANID.u_xsdbm_id/SWITCH_N_EXT_BSCAN.bscan_switch/m_bscan_sel[0]_INST_0/O
                         net (fo=11, routed)          1.867    11.357    dbg_hub/inst/BSCANID.u_xsdbm_id/CORE_XSDB.U_ICON/U_CMD/iTARGET_reg[6]_0
    SLICE_X107Y321       FDCE                                         f  dbg_hub/inst/BSCANID.u_xsdbm_id/CORE_XSDB.U_ICON/U_CMD/iTARGET_reg[10]/CLR  (IS_INVERTED)
  -------------------------------------------------------------------    -------------------

                         (clock dbg_hub/inst/BSCANID.u_xsdbm_id/SWITCH_N_EXT_BSCAN.bscan_inst/SERIES7_BSCAN.bscan_inst/INTERNAL_TCK rise edge)
                                                     50.000    50.000 r
    CONFIG_SITE_X0Y0     BSCANE2                      0.000    50.000 r  dbg_hub/inst/BSCANID.u_xsdbm_id/SWITCH_N_EXT_BSCAN.bscan_inst/SERIES7_BSCAN.bscan_inst/INTERNAL_TCK
    CONFIG_SITE_X0Y0     BSCANE2 (Prop_BSCAN1_CONFIG_SITE_INTERNAL_TCK_TCK)
                                                      0.465    50.465 r  dbg_hub/inst/BSCANID.u_xsdbm_id/SWITCH_N_EXT_BSCAN.bscan_inst/SERIES7_BSCAN.bscan_inst/TCK
                         net (fo=1, routed)           1.336    51.801    dbg_hub/inst/BSCANID.u_xsdbm_id/tck_bs
    BUFGCE_X1Y8          BUFGCE (Prop_BUFCE_BUFGCE_I_O)
                                                      0.024    51.825 r  dbg_hub/inst/BSCANID.u_xsdbm_id/SWITCH_N_EXT_BSCAN.u_bufg_icon_tck/O
    X3Y3 (CLOCK_ROOT)    net (fo=478, routed)         1.986    53.811    dbg_hub/inst/BSCANID.u_xsdbm_id/CORE_XSDB.U_ICON/U_CMD/m_bscan_tck[0]
    SLICE_X107Y321       FDCE                                         r  dbg_hub/inst/BSCANID.u_xsdbm_id/CORE_XSDB.U_ICON/U_CMD/iTARGET_reg[10]/C
                         clock pessimism              4.557    58.368
                         clock uncertainty           -0.035    58.333
    SLICE_X107Y321       FDCE (Recov_EFF_SLICEL_C_CLR)
                                                     -0.066    58.267    dbg_hub/inst/BSCANID.u_xsdbm_id/CORE_XSDB.U_ICON/U_CMD/iTARGET_reg[10]
  -------------------------------------------------------------------
                         required time                         58.267
                         arrival time                         -11.357
  -------------------------------------------------------------------
                         slack                                 46.909





Min Delay Paths
--------------------------------------------------------------------------------------
Slack (MET) :             0.110ns  (arrival time - required time)
  Source:                 dbg_hub/inst/BSCANID.u_xsdbm_id/CORE_XSDB.UUT_MASTER/U_ICON_INTERFACE/U_CMD6_WR/U_WR_FIFO/SUBCORE_FIFO.xsdbm_v3_0_0_wrfifo_inst/inst_fifo_gen/gconvfifo.rf/grf.rf/rstblk/ngwrdrst.grst.g7serrst.wr_rst_reg_reg[0]/C
                            (rising edge-triggered cell FDPE clocked by dbg_hub/inst/BSCANID.u_xsdbm_id/SWITCH_N_EXT_BSCAN.bscan_inst/SERIES7_BSCAN.bscan_inst/INTERNAL_TCK  {rise@0.000ns fall@25.000ns period=50.000ns})
  Destination:            dbg_hub/inst/BSCANID.u_xsdbm_id/CORE_XSDB.UUT_MASTER/U_ICON_INTERFACE/U_CMD6_WR/U_WR_FIFO/SUBCORE_FIFO.xsdbm_v3_0_0_wrfifo_inst/inst_fifo_gen/gconvfifo.rf/grf.rf/gntv_or_sync_fifo.gl0.wr/gwas.wsts/ram_full_fb_i_reg/CLR
                            (removal check against rising-edge clock dbg_hub/inst/BSCANID.u_xsdbm_id/SWITCH_N_EXT_BSCAN.bscan_inst/SERIES7_BSCAN.bscan_inst/INTERNAL_TCK  {rise@0.000ns fall@25.000ns period=50.000ns})
  Path Group:             **async_default**
  Path Type:              Removal (Min at Fast Process Corner)
  Requirement:            0.000ns  (dbg_hub/inst/BSCANID.u_xsdbm_id/SWITCH_N_EXT_BSCAN.bscan_inst/SERIES7_BSCAN.bscan_inst/INTERNAL_TCK rise@0.000ns - dbg_hub/inst/BSCANID.u_xsdbm_id/SWITCH_N_EXT_BSCAN.bscan_inst/SERIES7_BSCAN.bscan_inst/INTERNAL_TCK rise@0.000ns)
  Data Path Delay:        0.136ns  (logic 0.039ns (28.583%)  route 0.097ns (71.417%))
  Logic Levels:           0
  Clock Path Skew:        0.046ns (DCD - SCD - CPR)
    Destination Clock Delay (DCD):    7.066ns
    Source Clock Delay      (SCD):    2.737ns
    Clock Pessimism Removal (CPR):    4.283ns
  Clock Net Delay (Source):      1.239ns (routing 0.628ns, distribution 0.611ns)
  Clock Net Delay (Destination): 1.396ns (routing 0.700ns, distribution 0.696ns)

    Location             Delay type                Incr(ns)  Path(ns)    Netlist Resource(s)
  -------------------------------------------------------------------    -------------------
                         (clock dbg_hub/inst/BSCANID.u_xsdbm_id/SWITCH_N_EXT_BSCAN.bscan_inst/SERIES7_BSCAN.bscan_inst/INTERNAL_TCK rise edge)
                                                      0.000     0.000 r
    CONFIG_SITE_X0Y0     BSCANE2                      0.000     0.000 r  dbg_hub/inst/BSCANID.u_xsdbm_id/SWITCH_N_EXT_BSCAN.bscan_inst/SERIES7_BSCAN.bscan_inst/INTERNAL_TCK
    CONFIG_SITE_X0Y0     BSCANE2 (Prop_BSCAN1_CONFIG_SITE_INTERNAL_TCK_TCK)
                                                      0.465     0.465 r  dbg_hub/inst/BSCANID.u_xsdbm_id/SWITCH_N_EXT_BSCAN.bscan_inst/SERIES7_BSCAN.bscan_inst/TCK
                         net (fo=1, routed)           1.016     1.481    dbg_hub/inst/BSCANID.u_xsdbm_id/tck_bs
    BUFGCE_X1Y8          BUFGCE (Prop_BUFCE_BUFGCE_I_O)
                                                      0.017     1.498 r  dbg_hub/inst/BSCANID.u_xsdbm_id/SWITCH_N_EXT_BSCAN.u_bufg_icon_tck/O
    X3Y3 (CLOCK_ROOT)    net (fo=478, routed)         1.239     2.737    dbg_hub/inst/BSCANID.u_xsdbm_id/CORE_XSDB.UUT_MASTER/U_ICON_INTERFACE/U_CMD6_WR/U_WR_FIFO/SUBCORE_FIFO.xsdbm_v3_0_0_wrfifo_inst/inst_fifo_gen/gconvfifo.rf/grf.rf/rstblk/wr_clk
    SLICE_X110Y318       FDPE                                         r  dbg_hub/inst/BSCANID.u_xsdbm_id/CORE_XSDB.UUT_MASTER/U_ICON_INTERFACE/U_CMD6_WR/U_WR_FIFO/SUBCORE_FIFO.xsdbm_v3_0_0_wrfifo_inst/inst_fifo_gen/gconvfifo.rf/grf.rf/rstblk/ngwrdrst.grst.g7serrst.wr_rst_reg_reg[0]/C
  -------------------------------------------------------------------    -------------------
    SLICE_X110Y318       FDPE (Prop_EFF_SLICEL_C_Q)
                                                      0.039     2.776 f  dbg_hub/inst/BSCANID.u_xsdbm_id/CORE_XSDB.UUT_MASTER/U_ICON_INTERFACE/U_CMD6_WR/U_WR_FIFO/SUBCORE_FIFO.xsdbm_v3_0_0_wrfifo_inst/inst_fifo_gen/gconvfifo.rf/grf.rf/rstblk/ngwrdrst.grst.g7serrst.wr_rst_reg_reg[0]/Q
                         net (fo=18, routed)          0.097     2.873    dbg_hub/inst/BSCANID.u_xsdbm_id/CORE_XSDB.UUT_MASTER/U_ICON_INTERFACE/U_CMD6_WR/U_WR_FIFO/SUBCORE_FIFO.xsdbm_v3_0_0_wrfifo_inst/inst_fifo_gen/gconvfifo.rf/grf.rf/gntv_or_sync_fifo.gl0.wr/gwas.wsts/ram_full_fb_i_reg_2[0]
    SLICE_X111Y318       FDCE                                         f  dbg_hub/inst/BSCANID.u_xsdbm_id/CORE_XSDB.UUT_MASTER/U_ICON_INTERFACE/U_CMD6_WR/U_WR_FIFO/SUBCORE_FIFO.xsdbm_v3_0_0_wrfifo_inst/inst_fifo_gen/gconvfifo.rf/grf.rf/gntv_or_sync_fifo.gl0.wr/gwas.wsts/ram_full_fb_i_reg/CLR
  -------------------------------------------------------------------    -------------------

                         (clock dbg_hub/inst/BSCANID.u_xsdbm_id/SWITCH_N_EXT_BSCAN.bscan_inst/SERIES7_BSCAN.bscan_inst/INTERNAL_TCK rise edge)
                                                      0.000     0.000 r
    CONFIG_SITE_X0Y0     BSCANE2                      0.000     0.000 r  dbg_hub/inst/BSCANID.u_xsdbm_id/SWITCH_N_EXT_BSCAN.bscan_inst/SERIES7_BSCAN.bscan_inst/INTERNAL_TCK
    CONFIG_SITE_X0Y0     BSCANE2 (Prop_BSCAN1_CONFIG_SITE_INTERNAL_TCK_TCK)
                                                      4.300     4.300 r  dbg_hub/inst/BSCANID.u_xsdbm_id/SWITCH_N_EXT_BSCAN.bscan_inst/SERIES7_BSCAN.bscan_inst/TCK
                         net (fo=1, routed)           1.351     5.651    dbg_hub/inst/BSCANID.u_xsdbm_id/tck_bs
    BUFGCE_X1Y8          BUFGCE (Prop_BUFCE_BUFGCE_I_O)
                                                      0.019     5.670 r  dbg_hub/inst/BSCANID.u_xsdbm_id/SWITCH_N_EXT_BSCAN.u_bufg_icon_tck/O
    X3Y3 (CLOCK_ROOT)    net (fo=478, routed)         1.396     7.066    dbg_hub/inst/BSCANID.u_xsdbm_id/CORE_XSDB.UUT_MASTER/U_ICON_INTERFACE/U_CMD6_WR/U_WR_FIFO/SUBCORE_FIFO.xsdbm_v3_0_0_wrfifo_inst/inst_fifo_gen/gconvfifo.rf/grf.rf/gntv_or_sync_fifo.gl0.wr/gwas.wsts/wr_clk
    SLICE_X111Y318       FDCE                                         r  dbg_hub/inst/BSCANID.u_xsdbm_id/CORE_XSDB.UUT_MASTER/U_ICON_INTERFACE/U_CMD6_WR/U_WR_FIFO/SUBCORE_FIFO.xsdbm_v3_0_0_wrfifo_inst/inst_fifo_gen/gconvfifo.rf/grf.rf/gntv_or_sync_fifo.gl0.wr/gwas.wsts/ram_full_fb_i_reg/C
                         clock pessimism             -4.283     2.783
    SLICE_X111Y318       FDCE (Remov_EFF_SLICEL_C_CLR)
                                                     -0.020     2.763    dbg_hub/inst/BSCANID.u_xsdbm_id/CORE_XSDB.UUT_MASTER/U_ICON_INTERFACE/U_CMD6_WR/U_WR_FIFO/SUBCORE_FIFO.xsdbm_v3_0_0_wrfifo_inst/inst_fifo_gen/gconvfifo.rf/grf.rf/gntv_or_sync_fifo.gl0.wr/gwas.wsts/ram_full_fb_i_reg
  -------------------------------------------------------------------
                         required time                         -2.763
                         arrival time                           2.873
  -------------------------------------------------------------------
                         slack                                  0.110





---------------------------------------------------------------------------------------------------
Path Group:  **async_default**
From Clock:  gt.gt_inst_n_6
  To Clock:  gt.gt_inst_n_6

Setup :            0  Failing Endpoints,  Worst Slack        5.689ns,  Total Violation        0.000ns
Hold  :            0  Failing Endpoints,  Worst Slack        0.112ns,  Total Violation        0.000ns
---------------------------------------------------------------------------------------------------


Max Delay Paths
--------------------------------------------------------------------------------------
Slack (MET) :             5.689ns  (required time - arrival time)
  Source:                 v3_release_i/taxi_10gbe_frontend_0/inst/frontend_inst/sfp_mac_inst/ch[1].ch_inst/gt.gt_inst/rx_reset_sync_inst/sync_reg_reg[3]/C
                            (rising edge-triggered cell FDPE clocked by gt.gt_inst_n_6  {rise@0.000ns fall@3.103ns period=6.206ns})
  Destination:            v3_release_i/taxi_10gbe_frontend_0/inst/frontend_inst/sfp_mac_inst/ch[1].ch_inst/mac.mac_phy_inst/eth_mac_phy_10g_rx_inst/eth_phy_10g_rx_if_inst/eth_phy_10g_rx_watchdog_inst/serdes_rx_reset_req_reg_reg/CLR
                            (recovery check against rising-edge clock gt.gt_inst_n_6  {rise@0.000ns fall@3.103ns period=6.206ns})
  Path Group:             **async_default**
  Path Type:              Recovery (Max at Slow Process Corner)
  Requirement:            6.206ns  (gt.gt_inst_n_6 rise@6.206ns - gt.gt_inst_n_6 rise@0.000ns)
  Data Path Delay:        0.346ns  (logic 0.080ns (23.127%)  route 0.266ns (76.873%))
  Logic Levels:           0
  Clock Path Skew:        -0.059ns (DCD - SCD + CPR)
    Destination Clock Delay (DCD):    0.688ns = ( 6.894 - 6.206 )
    Source Clock Delay      (SCD):    0.778ns
    Clock Pessimism Removal (CPR):    0.032ns
  Clock Uncertainty:      0.046ns  ((TSJ^2 + DJ^2)^1/2) / 2 + PE
    Total System Jitter     (TSJ):    0.071ns
    Discrete Jitter          (DJ):    0.060ns
    Phase Error              (PE):    0.000ns
  Clock Net Delay (Source):      0.535ns (routing 0.002ns, distribution 0.533ns)
  Clock Net Delay (Destination): 0.475ns (routing 0.001ns, distribution 0.474ns)

    Location             Delay type                Incr(ns)  Path(ns)    Netlist Resource(s)
  -------------------------------------------------------------------    -------------------
                         (clock gt.gt_inst_n_6 rise edge)
                                                      0.000     0.000 r
    GTHE4_CHANNEL_X0Y11  GTHE4_CHANNEL                0.000     0.000 r  v3_release_i/taxi_10gbe_frontend_0/inst/frontend_inst/sfp_mac_inst/ch[1].ch_inst/gt.gt_inst/xcvr.gt_ch_inst/inst/gen_gtwizard_gthe4_top.taxi_eth_phy_25g_us_gth_ll_ch_gtwizard_gthe4_inst/gen_gtwizard_gthe4.gen_channel_container[0].gen_enabled_channel.gthe4_channel_wrapper_inst/channel_inst/gthe4_channel_gen.gen_gthe4_channel_inst[0].GTHE4_CHANNEL_PRIM_INST/RXOUTCLK
                         net (fo=3, routed)           0.113     0.113    v3_release_i/taxi_10gbe_frontend_0/inst/frontend_inst/sfp_mac_inst/ch[1].ch_inst/gt.gt_inst/xcvr.gt_ch_inst/inst/gen_gtwizard_gthe4_top.taxi_eth_phy_25g_us_gth_ll_ch_gtwizard_gthe4_inst/gen_gtwizard_gthe4.gen_rx_user_clocking_internal.gen_single_instance.gtwiz_userclk_rx_inst/gtwiz_userclk_rx_srcclk_out[0]
    BUFG_GT_X0Y61        BUFG_GT (Prop_BUFG_GT_I_O)
                                                      0.130     0.243 r  v3_release_i/taxi_10gbe_frontend_0/inst/frontend_inst/sfp_mac_inst/ch[1].ch_inst/gt.gt_inst/xcvr.gt_ch_inst/inst/gen_gtwizard_gthe4_top.taxi_eth_phy_25g_us_gth_ll_ch_gtwizard_gthe4_inst/gen_gtwizard_gthe4.gen_rx_user_clocking_internal.gen_single_instance.gtwiz_userclk_rx_inst/gen_gtwiz_userclk_rx_main.bufg_gt_usrclk2_inst/O
    X3Y2 (CLOCK_ROOT)    net (fo=338, routed)         0.535     0.778    v3_release_i/taxi_10gbe_frontend_0/inst/frontend_inst/sfp_mac_inst/ch[1].ch_inst/gt.gt_inst/rx_reset_sync_inst/CLK
    SLICE_X107Y159       FDPE                                         r  v3_release_i/taxi_10gbe_frontend_0/inst/frontend_inst/sfp_mac_inst/ch[1].ch_inst/gt.gt_inst/rx_reset_sync_inst/sync_reg_reg[3]/C
  -------------------------------------------------------------------    -------------------
    SLICE_X107Y159       FDPE (Prop_CFF2_SLICEL_C_Q)
                                                      0.080     0.858 f  v3_release_i/taxi_10gbe_frontend_0/inst/frontend_inst/sfp_mac_inst/ch[1].ch_inst/gt.gt_inst/rx_reset_sync_inst/sync_reg_reg[3]/Q
                         net (fo=32, routed)          0.266     1.124    v3_release_i/taxi_10gbe_frontend_0/inst/frontend_inst/sfp_mac_inst/ch[1].ch_inst/mac.mac_phy_inst/eth_mac_phy_10g_rx_inst/eth_phy_10g_rx_if_inst/eth_phy_10g_rx_watchdog_inst/serdes_rx_reset_req_reg_reg_0[0]
    SLICE_X106Y159       FDCE                                         f  v3_release_i/taxi_10gbe_frontend_0/inst/frontend_inst/sfp_mac_inst/ch[1].ch_inst/mac.mac_phy_inst/eth_mac_phy_10g_rx_inst/eth_phy_10g_rx_if_inst/eth_phy_10g_rx_watchdog_inst/serdes_rx_reset_req_reg_reg/CLR
  -------------------------------------------------------------------    -------------------

                         (clock gt.gt_inst_n_6 rise edge)
                                                      6.206     6.206 r
    GTHE4_CHANNEL_X0Y11  GTHE4_CHANNEL                0.000     6.206 r  v3_release_i/taxi_10gbe_frontend_0/inst/frontend_inst/sfp_mac_inst/ch[1].ch_inst/gt.gt_inst/xcvr.gt_ch_inst/inst/gen_gtwizard_gthe4_top.taxi_eth_phy_25g_us_gth_ll_ch_gtwizard_gthe4_inst/gen_gtwizard_gthe4.gen_channel_container[0].gen_enabled_channel.gthe4_channel_wrapper_inst/channel_inst/gthe4_channel_gen.gen_gthe4_channel_inst[0].GTHE4_CHANNEL_PRIM_INST/RXOUTCLK
                         net (fo=3, routed)           0.099     6.305    v3_release_i/taxi_10gbe_frontend_0/inst/frontend_inst/sfp_mac_inst/ch[1].ch_inst/gt.gt_inst/xcvr.gt_ch_inst/inst/gen_gtwizard_gthe4_top.taxi_eth_phy_25g_us_gth_ll_ch_gtwizard_gthe4_inst/gen_gtwizard_gthe4.gen_rx_user_clocking_internal.gen_single_instance.gtwiz_userclk_rx_inst/gtwiz_userclk_rx_srcclk_out[0]
    BUFG_GT_X0Y61        BUFG_GT (Prop_BUFG_GT_I_O)
                                                      0.114     6.419 r  v3_release_i/taxi_10gbe_frontend_0/inst/frontend_inst/sfp_mac_inst/ch[1].ch_inst/gt.gt_inst/xcvr.gt_ch_inst/inst/gen_gtwizard_gthe4_top.taxi_eth_phy_25g_us_gth_ll_ch_gtwizard_gthe4_inst/gen_gtwizard_gthe4.gen_rx_user_clocking_internal.gen_single_instance.gtwiz_userclk_rx_inst/gen_gtwiz_userclk_rx_main.bufg_gt_usrclk2_inst/O
    X3Y2 (CLOCK_ROOT)    net (fo=338, routed)         0.475     6.894    v3_release_i/taxi_10gbe_frontend_0/inst/frontend_inst/sfp_mac_inst/ch[1].ch_inst/mac.mac_phy_inst/eth_mac_phy_10g_rx_inst/eth_phy_10g_rx_if_inst/eth_phy_10g_rx_watchdog_inst/gtwiz_userclk_rx_usrclk2_out[0]
    SLICE_X106Y159       FDCE                                         r  v3_release_i/taxi_10gbe_frontend_0/inst/frontend_inst/sfp_mac_inst/ch[1].ch_inst/mac.mac_phy_inst/eth_mac_phy_10g_rx_inst/eth_phy_10g_rx_if_inst/eth_phy_10g_rx_watchdog_inst/serdes_rx_reset_req_reg_reg/C
                         clock pessimism              0.032     6.925
                         clock uncertainty           -0.046     6.879
    SLICE_X106Y159       FDCE (Recov_EFF_SLICEL_C_CLR)
                                                     -0.066     6.813    v3_release_i/taxi_10gbe_frontend_0/inst/frontend_inst/sfp_mac_inst/ch[1].ch_inst/mac.mac_phy_inst/eth_mac_phy_10g_rx_inst/eth_phy_10g_rx_if_inst/eth_phy_10g_rx_watchdog_inst/serdes_rx_reset_req_reg_reg
  -------------------------------------------------------------------
                         required time                          6.813
                         arrival time                          -1.124
  -------------------------------------------------------------------
                         slack                                  5.689





Min Delay Paths
--------------------------------------------------------------------------------------
Slack (MET) :             0.112ns  (arrival time - required time)
  Source:                 v3_release_i/taxi_10gbe_frontend_0/inst/frontend_inst/sfp_mac_inst/ch[1].ch_inst/gt.gt_inst/rx_reset_sync_inst/sync_reg_reg[3]/C
                            (rising edge-triggered cell FDPE clocked by gt.gt_inst_n_6  {rise@0.000ns fall@3.103ns period=6.206ns})
  Destination:            v3_release_i/taxi_10gbe_frontend_0/inst/frontend_inst/sfp_mac_inst/ch[1].ch_inst/mac.mac_phy_inst/eth_mac_phy_10g_rx_inst/eth_phy_10g_rx_if_inst/eth_phy_10g_rx_watchdog_inst/serdes_rx_reset_req_reg_reg/CLR
                            (removal check against rising-edge clock gt.gt_inst_n_6  {rise@0.000ns fall@3.103ns period=6.206ns})
  Path Group:             **async_default**
  Path Type:              Removal (Min at Fast Process Corner)
  Requirement:            0.000ns  (gt.gt_inst_n_6 rise@0.000ns - gt.gt_inst_n_6 rise@0.000ns)
  Data Path Delay:        0.150ns  (logic 0.040ns (26.751%)  route 0.110ns (73.249%))
  Logic Levels:           0
  Clock Path Skew:        0.057ns (DCD - SCD - CPR)
    Destination Clock Delay (DCD):    0.530ns
    Source Clock Delay      (SCD):    0.450ns
    Clock Pessimism Removal (CPR):    0.023ns
  Clock Net Delay (Source):      0.304ns (routing 0.001ns, distribution 0.303ns)
  Clock Net Delay (Destination): 0.363ns (routing 0.001ns, distribution 0.362ns)

    Location             Delay type                Incr(ns)  Path(ns)    Netlist Resource(s)
  -------------------------------------------------------------------    -------------------
                         (clock gt.gt_inst_n_6 rise edge)
                                                      0.000     0.000 r
    GTHE4_CHANNEL_X0Y11  GTHE4_CHANNEL                0.000     0.000 r  v3_release_i/taxi_10gbe_frontend_0/inst/frontend_inst/sfp_mac_inst/ch[1].ch_inst/gt.gt_inst/xcvr.gt_ch_inst/inst/gen_gtwizard_gthe4_top.taxi_eth_phy_25g_us_gth_ll_ch_gtwizard_gthe4_inst/gen_gtwizard_gthe4.gen_channel_container[0].gen_enabled_channel.gthe4_channel_wrapper_inst/channel_inst/gthe4_channel_gen.gen_gthe4_channel_inst[0].GTHE4_CHANNEL_PRIM_INST/RXOUTCLK
                         net (fo=3, routed)           0.073     0.073    v3_release_i/taxi_10gbe_frontend_0/inst/frontend_inst/sfp_mac_inst/ch[1].ch_inst/gt.gt_inst/xcvr.gt_ch_inst/inst/gen_gtwizard_gthe4_top.taxi_eth_phy_25g_us_gth_ll_ch_gtwizard_gthe4_inst/gen_gtwizard_gthe4.gen_rx_user_clocking_internal.gen_single_instance.gtwiz_userclk_rx_inst/gtwiz_userclk_rx_srcclk_out[0]
    BUFG_GT_X0Y61        BUFG_GT (Prop_BUFG_GT_I_O)
                                                      0.073     0.146 r  v3_release_i/taxi_10gbe_frontend_0/inst/frontend_inst/sfp_mac_inst/ch[1].ch_inst/gt.gt_inst/xcvr.gt_ch_inst/inst/gen_gtwizard_gthe4_top.taxi_eth_phy_25g_us_gth_ll_ch_gtwizard_gthe4_inst/gen_gtwizard_gthe4.gen_rx_user_clocking_internal.gen_single_instance.gtwiz_userclk_rx_inst/gen_gtwiz_userclk_rx_main.bufg_gt_usrclk2_inst/O
    X3Y2 (CLOCK_ROOT)    net (fo=338, routed)         0.304     0.450    v3_release_i/taxi_10gbe_frontend_0/inst/frontend_inst/sfp_mac_inst/ch[1].ch_inst/gt.gt_inst/rx_reset_sync_inst/CLK
    SLICE_X107Y159       FDPE                                         r  v3_release_i/taxi_10gbe_frontend_0/inst/frontend_inst/sfp_mac_inst/ch[1].ch_inst/gt.gt_inst/rx_reset_sync_inst/sync_reg_reg[3]/C
  -------------------------------------------------------------------    -------------------
    SLICE_X107Y159       FDPE (Prop_CFF2_SLICEL_C_Q)
                                                      0.040     0.490 f  v3_release_i/taxi_10gbe_frontend_0/inst/frontend_inst/sfp_mac_inst/ch[1].ch_inst/gt.gt_inst/rx_reset_sync_inst/sync_reg_reg[3]/Q
                         net (fo=32, routed)          0.110     0.600    v3_release_i/taxi_10gbe_frontend_0/inst/frontend_inst/sfp_mac_inst/ch[1].ch_inst/mac.mac_phy_inst/eth_mac_phy_10g_rx_inst/eth_phy_10g_rx_if_inst/eth_phy_10g_rx_watchdog_inst/serdes_rx_reset_req_reg_reg_0[0]
    SLICE_X106Y159       FDCE                                         f  v3_release_i/taxi_10gbe_frontend_0/inst/frontend_inst/sfp_mac_inst/ch[1].ch_inst/mac.mac_phy_inst/eth_mac_phy_10g_rx_inst/eth_phy_10g_rx_if_inst/eth_phy_10g_rx_watchdog_inst/serdes_rx_reset_req_reg_reg/CLR
  -------------------------------------------------------------------    -------------------

                         (clock gt.gt_inst_n_6 rise edge)
                                                      0.000     0.000 r
    GTHE4_CHANNEL_X0Y11  GTHE4_CHANNEL                0.000     0.000 r  v3_release_i/taxi_10gbe_frontend_0/inst/frontend_inst/sfp_mac_inst/ch[1].ch_inst/gt.gt_inst/xcvr.gt_ch_inst/inst/gen_gtwizard_gthe4_top.taxi_eth_phy_25g_us_gth_ll_ch_gtwizard_gthe4_inst/gen_gtwizard_gthe4.gen_channel_container[0].gen_enabled_channel.gthe4_channel_wrapper_inst/channel_inst/gthe4_channel_gen.gen_gthe4_channel_inst[0].GTHE4_CHANNEL_PRIM_INST/RXOUTCLK
                         net (fo=3, routed)           0.085     0.085    v3_release_i/taxi_10gbe_frontend_0/inst/frontend_inst/sfp_mac_inst/ch[1].ch_inst/gt.gt_inst/xcvr.gt_ch_inst/inst/gen_gtwizard_gthe4_top.taxi_eth_phy_25g_us_gth_ll_ch_gtwizard_gthe4_inst/gen_gtwizard_gthe4.gen_rx_user_clocking_internal.gen_single_instance.gtwiz_userclk_rx_inst/gtwiz_userclk_rx_srcclk_out[0]
    BUFG_GT_X0Y61        BUFG_GT (Prop_BUFG_GT_I_O)
                                                      0.082     0.167 r  v3_release_i/taxi_10gbe_frontend_0/inst/frontend_inst/sfp_mac_inst/ch[1].ch_inst/gt.gt_inst/xcvr.gt_ch_inst/inst/gen_gtwizard_gthe4_top.taxi_eth_phy_25g_us_gth_ll_ch_gtwizard_gthe4_inst/gen_gtwizard_gthe4.gen_rx_user_clocking_internal.gen_single_instance.gtwiz_userclk_rx_inst/gen_gtwiz_userclk_rx_main.bufg_gt_usrclk2_inst/O
    X3Y2 (CLOCK_ROOT)    net (fo=338, routed)         0.363     0.530    v3_release_i/taxi_10gbe_frontend_0/inst/frontend_inst/sfp_mac_inst/ch[1].ch_inst/mac.mac_phy_inst/eth_mac_phy_10g_rx_inst/eth_phy_10g_rx_if_inst/eth_phy_10g_rx_watchdog_inst/gtwiz_userclk_rx_usrclk2_out[0]
    SLICE_X106Y159       FDCE                                         r  v3_release_i/taxi_10gbe_frontend_0/inst/frontend_inst/sfp_mac_inst/ch[1].ch_inst/mac.mac_phy_inst/eth_mac_phy_10g_rx_inst/eth_phy_10g_rx_if_inst/eth_phy_10g_rx_watchdog_inst/serdes_rx_reset_req_reg_reg/C
                         clock pessimism             -0.023     0.507
    SLICE_X106Y159       FDCE (Remov_EFF_SLICEL_C_CLR)
                                                     -0.020     0.487    v3_release_i/taxi_10gbe_frontend_0/inst/frontend_inst/sfp_mac_inst/ch[1].ch_inst/mac.mac_phy_inst/eth_mac_phy_10g_rx_inst/eth_phy_10g_rx_if_inst/eth_phy_10g_rx_watchdog_inst/serdes_rx_reset_req_reg_reg
  -------------------------------------------------------------------
                         required time                         -0.487
                         arrival time                           0.600
  -------------------------------------------------------------------
                         slack                                  0.112
