Copyright 1986-2022 Xilinx, Inc. All Rights Reserved. Copyright 2022-2023 Advanced Micro Devices, Inc. All Rights Reserved.
---------------------------------------------------------------------------------------------------------------------------------------------
| Tool Version : Vivado v.2023.2 (win64) Build 4029153 Fri Oct 13 20:14:34 MDT 2023
| Date         : Sat Sep 12 00:17:39 2026
| Host         : dkeL running 64-bit major release  (build 9200)
| Command      : report_utilization -hierarchical -file ./design_evidence/utilization_hier.rpt
| Design       : v3_release_wrapper
| Device       : xczu7ev-ffvc1156-2-e
| Speed File   : -2
| Design State : Routed
---------------------------------------------------------------------------------------------------------------------------------------------

Utilization Design Information

Table of Contents
-----------------
1. Utilization by Hierarchy

1. Utilization by Hierarchy
---------------------------

+--------------------------------------------------------------------------------------------------------------------------+----------------------------------------------------------------------------------------------+------------+------------+---------+------+-------+--------+--------+------+------------+
|                                                         Instance                                                         |                                            Module                                            | Total LUTs | Logic LUTs | LUTRAMs | SRLs |  FFs  | RAMB36 | RAMB18 | URAM | DSP Blocks |
+--------------------------------------------------------------------------------------------------------------------------+----------------------------------------------------------------------------------------------+------------+------------+---------+------+-------+--------+--------+------+------------+
| v3_release_wrapper                                                                                                       |                                                                                        (top) |      43336 |      41425 |     450 | 1461 | 49874 |     48 |      7 |   24 |          0 |
|   (v3_release_wrapper)                                                                                                   |                                                                                        (top) |          0 |          0 |       0 |    0 |     0 |      0 |      0 |    0 |          0 |
|   dbg_hub                                                                                                                |                                                                                      dbg_hub |        431 |        411 |      20 |    0 |   741 |      0 |      0 |    0 |          0 |
|     (dbg_hub)                                                                                                            |                                                                                      dbg_hub |          0 |          0 |       0 |    0 |     0 |      0 |      0 |    0 |          0 |
|     inst                                                                                                                 |                                                                           xsdbm_v3_0_0_xsdbm |        431 |        411 |      20 |    0 |   741 |      0 |      0 |    0 |          0 |
|       BSCANID.u_xsdbm_id                                                                                                 |                                                                        xsdbm_v3_0_0_xsdbm_id |        431 |        411 |      20 |    0 |   741 |      0 |      0 |    0 |          0 |
|         (BSCANID.u_xsdbm_id)                                                                                             |                                                                        xsdbm_v3_0_0_xsdbm_id |         34 |         34 |       0 |    0 |    34 |      0 |      0 |    0 |          0 |
|         CORE_XSDB.UUT_MASTER                                                                                             |                                                                       xsdbm_v3_0_0_icon2xsdb |        260 |        240 |      20 |    0 |   554 |      0 |      0 |    0 |          0 |
|           U_ICON_INTERFACE                                                                                               |                                                                              xsdbm_v3_0_0_if |        156 |        136 |      20 |    0 |   450 |      0 |      0 |    0 |          0 |
|             (U_ICON_INTERFACE)                                                                                           |                                                                              xsdbm_v3_0_0_if |          6 |          6 |       0 |    0 |    15 |      0 |      0 |    0 |          0 |
|             U_CMD1                                                                                                       |                                                                         xsdbm_v3_0_0_ctl_reg |          2 |          2 |       0 |    0 |    10 |      0 |      0 |    0 |          0 |
|             U_CMD2                                                                                                       |                                                                        xsdbm_v3_0_0_stat_reg |          5 |          5 |       0 |    0 |    22 |      0 |      0 |    0 |          0 |
|             U_CMD3                                                                                                       |                                                        xsdbm_v3_0_0_stat_reg__parameterized0 |          4 |          4 |       0 |    0 |    18 |      0 |      0 |    0 |          0 |
|             U_CMD4                                                                                                       |                                                         xsdbm_v3_0_0_ctl_reg__parameterized0 |         11 |         11 |       0 |    0 |    62 |      0 |      0 |    0 |          0 |
|             U_CMD5                                                                                                       |                                                         xsdbm_v3_0_0_ctl_reg__parameterized1 |         10 |         10 |       0 |    0 |    42 |      0 |      0 |    0 |          0 |
|             U_CMD6_RD                                                                                                    |                                                                           xsdbm_v3_0_0_rdreg |         63 |         53 |      10 |    0 |   134 |      0 |      0 |    0 |          0 |
|               (U_CMD6_RD)                                                                                                |                                                                           xsdbm_v3_0_0_rdreg |          2 |          2 |       0 |    0 |    20 |      0 |      0 |    0 |          0 |
|               U_RD_FIFO                                                                                                  |                                                                          xsdbm_v3_0_0_rdfifo |         61 |         51 |      10 |    0 |   114 |      0 |      0 |    0 |          0 |
|                 (U_RD_FIFO)                                                                                              |                                                                          xsdbm_v3_0_0_rdfifo |         18 |         18 |       0 |    0 |     0 |      0 |      0 |    0 |          0 |
|                 SUBCORE_FIFO.xsdbm_v3_0_0_rdfifo_inst                                                                    |                                                       fifo_generator_v13_1_5__parameterized0 |         43 |         33 |      10 |    0 |   114 |      0 |      0 |    0 |          0 |
|                   (SUBCORE_FIFO.xsdbm_v3_0_0_rdfifo_inst)                                                                |                                                       fifo_generator_v13_1_5__parameterized0 |          0 |          0 |       0 |    0 |     0 |      0 |      0 |    0 |          0 |
|                   inst_fifo_gen                                                                                          |                                                 fifo_generator_v13_1_5_synth__parameterized0 |         43 |         33 |      10 |    0 |   114 |      0 |      0 |    0 |          0 |
|                     gconvfifo.rf                                                                                         |                                                           fifo_generator_top__parameterized0 |         43 |         33 |      10 |    0 |   114 |      0 |      0 |    0 |          0 |
|                       grf.rf                                                                                             |                                                       fifo_generator_ramfifo__parameterized0 |         43 |         33 |      10 |    0 |   114 |      0 |      0 |    0 |          0 |
|                         gntv_or_sync_fifo.gcx.clkx                                                                       |                                                                                clk_x_pntrs_7 |         12 |         12 |       0 |    0 |    32 |      0 |      0 |    0 |          0 |
|                           (gntv_or_sync_fifo.gcx.clkx)                                                                   |                                                                                clk_x_pntrs_7 |         10 |         10 |       0 |    0 |    16 |      0 |      0 |    0 |          0 |
|                           gnxpm_cdc.gsync_stage[1].rd_stg_inst                                                           |                                                           synchronizer_ff__parameterized0_19 |          0 |          0 |       0 |    0 |     4 |      0 |      0 |    0 |          0 |
|                           gnxpm_cdc.gsync_stage[1].wr_stg_inst                                                           |                                                           synchronizer_ff__parameterized0_20 |          0 |          0 |       0 |    0 |     4 |      0 |      0 |    0 |          0 |
|                           gnxpm_cdc.gsync_stage[2].rd_stg_inst                                                           |                                                           synchronizer_ff__parameterized0_21 |          1 |          1 |       0 |    0 |     4 |      0 |      0 |    0 |          0 |
|                           gnxpm_cdc.gsync_stage[2].wr_stg_inst                                                           |                                                           synchronizer_ff__parameterized0_22 |          1 |          1 |       0 |    0 |     4 |      0 |      0 |    0 |          0 |
|                         gntv_or_sync_fifo.gl0.rd                                                                         |                                                                     rd_logic__parameterized0 |         14 |         14 |       0 |    0 |    19 |      0 |      0 |    0 |          0 |
|                           gr1.gr1_int.rfwft                                                                              |                                                                                      rd_fwft |          7 |          7 |       0 |    0 |     8 |      0 |      0 |    0 |          0 |
|                           gras.rsts                                                                                      |                                                                        rd_status_flags_as_17 |          0 |          0 |       0 |    0 |     2 |      0 |      0 |    0 |          0 |
|                           grhf.rhf                                                                                       |                                                         rd_handshaking_flags__parameterized0 |          0 |          0 |       0 |    0 |     1 |      0 |      0 |    0 |          0 |
|                           rpntr                                                                                          |                                                                               rd_bin_cntr_18 |          7 |          7 |       0 |    0 |     8 |      0 |      0 |    0 |          0 |
|                         gntv_or_sync_fifo.gl0.wr                                                                         |                                                                     wr_logic__parameterized0 |          5 |          5 |       0 |    0 |    15 |      0 |      0 |    0 |          0 |
|                           gwas.wsts                                                                                      |                                                                        wr_status_flags_as_14 |          2 |          2 |       0 |    0 |     2 |      0 |      0 |    0 |          0 |
|                           gwhf.whf                                                                                       |                                                                      wr_handshaking_flags_15 |          0 |          0 |       0 |    0 |     1 |      0 |      0 |    0 |          0 |
|                           wpntr                                                                                          |                                                                               wr_bin_cntr_16 |          3 |          3 |       0 |    0 |    12 |      0 |      0 |    0 |          0 |
|                         gntv_or_sync_fifo.mem                                                                            |                                                                       memory__parameterized0 |         10 |          0 |      10 |    0 |    32 |      0 |      0 |    0 |          0 |
|                           (gntv_or_sync_fifo.mem)                                                                        |                                                                       memory__parameterized0 |          0 |          0 |       0 |    0 |    16 |      0 |      0 |    0 |          0 |
|                           gdm.dm_gen.dm                                                                                  |                                                                                      dmem_13 |         10 |          0 |      10 |    0 |    16 |      0 |      0 |    0 |          0 |
|                         rstblk                                                                                           |                                                                          reset_blk_ramfifo_8 |          2 |          2 |       0 |    0 |    16 |      0 |      0 |    0 |          0 |
|                           (rstblk)                                                                                       |                                                                          reset_blk_ramfifo_8 |          0 |          0 |       0 |    0 |    12 |      0 |      0 |    0 |          0 |
|                           ngwrdrst.grst.g7serrst.gwrrd_rst_sync_stage[1].rrst_inst                                       |                                                                            synchronizer_ff_9 |          1 |          1 |       0 |    0 |     1 |      0 |      0 |    0 |          0 |
|                           ngwrdrst.grst.g7serrst.gwrrd_rst_sync_stage[1].wrst_inst                                       |                                                                           synchronizer_ff_10 |          1 |          1 |       0 |    0 |     1 |      0 |      0 |    0 |          0 |
|                           ngwrdrst.grst.g7serrst.gwrrd_rst_sync_stage[2].rrst_inst                                       |                                                                           synchronizer_ff_11 |          1 |          1 |       0 |    0 |     1 |      0 |      0 |    0 |          0 |
|                           ngwrdrst.grst.g7serrst.gwrrd_rst_sync_stage[2].wrst_inst                                       |                                                                           synchronizer_ff_12 |          1 |          1 |       0 |    0 |     1 |      0 |      0 |    0 |          0 |
|             U_CMD6_WR                                                                                                    |                                                                           xsdbm_v3_0_0_wrreg |         41 |         31 |      10 |    0 |   110 |      0 |      0 |    0 |          0 |
|               (U_CMD6_WR)                                                                                                |                                                                           xsdbm_v3_0_0_wrreg |          2 |          2 |       0 |    0 |    20 |      0 |      0 |    0 |          0 |
|               U_WR_FIFO                                                                                                  |                                                                          xsdbm_v3_0_0_wrfifo |         39 |         29 |      10 |    0 |    90 |      0 |      0 |    0 |          0 |
|                 (U_WR_FIFO)                                                                                              |                                                                          xsdbm_v3_0_0_wrfifo |          1 |          1 |       0 |    0 |     0 |      0 |      0 |    0 |          0 |
|                 SUBCORE_FIFO.xsdbm_v3_0_0_wrfifo_inst                                                                    |                                                                       fifo_generator_v13_1_5 |         38 |         28 |      10 |    0 |    90 |      0 |      0 |    0 |          0 |
|                   (SUBCORE_FIFO.xsdbm_v3_0_0_wrfifo_inst)                                                                |                                                                       fifo_generator_v13_1_5 |          0 |          0 |       0 |    0 |     0 |      0 |      0 |    0 |          0 |
|                   inst_fifo_gen                                                                                          |                                                                 fifo_generator_v13_1_5_synth |         38 |         28 |      10 |    0 |    90 |      0 |      0 |    0 |          0 |
|                     gconvfifo.rf                                                                                         |                                                                           fifo_generator_top |         38 |         28 |      10 |    0 |    90 |      0 |      0 |    0 |          0 |
|                       grf.rf                                                                                             |                                                                       fifo_generator_ramfifo |         38 |         28 |      10 |    0 |    90 |      0 |      0 |    0 |          0 |
|                         gntv_or_sync_fifo.gcx.clkx                                                                       |                                                                                  clk_x_pntrs |         11 |         11 |       0 |    0 |    32 |      0 |      0 |    0 |          0 |
|                           (gntv_or_sync_fifo.gcx.clkx)                                                                   |                                                                                  clk_x_pntrs |          9 |          9 |       0 |    0 |    16 |      0 |      0 |    0 |          0 |
|                           gnxpm_cdc.gsync_stage[1].rd_stg_inst                                                           |                                                              synchronizer_ff__parameterized0 |          0 |          0 |       0 |    0 |     4 |      0 |      0 |    0 |          0 |
|                           gnxpm_cdc.gsync_stage[1].wr_stg_inst                                                           |                                                            synchronizer_ff__parameterized0_4 |          0 |          0 |       0 |    0 |     4 |      0 |      0 |    0 |          0 |
|                           gnxpm_cdc.gsync_stage[2].rd_stg_inst                                                           |                                                            synchronizer_ff__parameterized0_5 |          1 |          1 |       0 |    0 |     4 |      0 |      0 |    0 |          0 |
|                           gnxpm_cdc.gsync_stage[2].wr_stg_inst                                                           |                                                            synchronizer_ff__parameterized0_6 |          1 |          1 |       0 |    0 |     4 |      0 |      0 |    0 |          0 |
|                         gntv_or_sync_fifo.gl0.rd                                                                         |                                                                                     rd_logic |         10 |         10 |       0 |    0 |    11 |      0 |      0 |    0 |          0 |
|                           gras.rsts                                                                                      |                                                                           rd_status_flags_as |          2 |          2 |       0 |    0 |     2 |      0 |      0 |    0 |          0 |
|                           grhf.rhf                                                                                       |                                                                         rd_handshaking_flags |          0 |          0 |       0 |    0 |     1 |      0 |      0 |    0 |          0 |
|                           rpntr                                                                                          |                                                                                  rd_bin_cntr |          8 |          8 |       0 |    0 |     8 |      0 |      0 |    0 |          0 |
|                         gntv_or_sync_fifo.gl0.wr                                                                         |                                                                                     wr_logic |          5 |          5 |       0 |    0 |    15 |      0 |      0 |    0 |          0 |
|                           gwas.wsts                                                                                      |                                                                           wr_status_flags_as |          2 |          2 |       0 |    0 |     2 |      0 |      0 |    0 |          0 |
|                           gwhf.whf                                                                                       |                                                                         wr_handshaking_flags |          0 |          0 |       0 |    0 |     1 |      0 |      0 |    0 |          0 |
|                           wpntr                                                                                          |                                                                                  wr_bin_cntr |          3 |          3 |       0 |    0 |    12 |      0 |      0 |    0 |          0 |
|                         gntv_or_sync_fifo.mem                                                                            |                                                                                       memory |         10 |          0 |      10 |    0 |    16 |      0 |      0 |    0 |          0 |
|                           gdm.dm_gen.dm                                                                                  |                                                                                         dmem |         10 |          0 |      10 |    0 |    16 |      0 |      0 |    0 |          0 |
|                         rstblk                                                                                           |                                                                            reset_blk_ramfifo |          3 |          3 |       0 |    0 |    16 |      0 |      0 |    0 |          0 |
|                           (rstblk)                                                                                       |                                                                            reset_blk_ramfifo |          0 |          0 |       0 |    0 |    12 |      0 |      0 |    0 |          0 |
|                           ngwrdrst.grst.g7serrst.gwrrd_rst_sync_stage[1].rrst_inst                                       |                                                                              synchronizer_ff |          1 |          1 |       0 |    0 |     1 |      0 |      0 |    0 |          0 |
|                           ngwrdrst.grst.g7serrst.gwrrd_rst_sync_stage[1].wrst_inst                                       |                                                                            synchronizer_ff_1 |          1 |          1 |       0 |    0 |     1 |      0 |      0 |    0 |          0 |
|                           ngwrdrst.grst.g7serrst.gwrrd_rst_sync_stage[2].rrst_inst                                       |                                                                            synchronizer_ff_2 |          1 |          1 |       0 |    0 |     1 |      0 |      0 |    0 |          0 |
|                           ngwrdrst.grst.g7serrst.gwrrd_rst_sync_stage[2].wrst_inst                                       |                                                                            synchronizer_ff_3 |          1 |          1 |       0 |    0 |     1 |      0 |      0 |    0 |          0 |
|             U_CMD7_CTL                                                                                                   |                                                         xsdbm_v3_0_0_ctl_reg__parameterized2 |          2 |          2 |       0 |    0 |    12 |      0 |      0 |    0 |          0 |
|             U_CMD7_STAT                                                                                                  |                                                      xsdbm_v3_0_0_stat_reg__parameterized0_0 |          4 |          4 |       0 |    0 |    18 |      0 |      0 |    0 |          0 |
|             U_STATIC_STATUS                                                                                              |                                                                xsdbm_v3_0_0_if_static_status |          9 |          9 |       0 |    0 |     7 |      0 |      0 |    0 |          0 |
|           U_XSDB_ADDRESS_CONTROLLER                                                                                      |                                                                        xsdbm_v3_0_0_addr_ctl |         17 |         17 |       0 |    0 |    19 |      0 |      0 |    0 |          0 |
|           U_XSDB_BURST_WD_LEN_CONTROLLER                                                                                 |                                                                 xsdbm_v3_0_0_burst_wdlen_ctl |         21 |         21 |       0 |    0 |    20 |      0 |      0 |    0 |          0 |
|           U_XSDB_BUS_CONTROLLER                                                                                          |                                                                         xsdbm_v3_0_0_bus_ctl |         66 |         66 |       0 |    0 |    48 |      0 |      0 |    0 |          0 |
|             (U_XSDB_BUS_CONTROLLER)                                                                                      |                                                                         xsdbm_v3_0_0_bus_ctl |         10 |         10 |       0 |    0 |    37 |      0 |      0 |    0 |          0 |
|             U_RD_ABORT_FLAG                                                                                              |                                                     xsdbm_v3_0_0_bus_ctl_flg__parameterized0 |          3 |          3 |       0 |    0 |     1 |      0 |      0 |    0 |          0 |
|             U_RD_REQ_FLAG                                                                                                |                                                                     xsdbm_v3_0_0_bus_ctl_flg |          5 |          5 |       0 |    0 |     2 |      0 |      0 |    0 |          0 |
|             U_TIMER                                                                                                      |                                                                     xsdbm_v3_0_0_bus_ctl_cnt |         48 |         48 |       0 |    0 |     8 |      0 |      0 |    0 |          0 |
|           U_XSDB_BUS_MSTR2SL_PORT_IFACE                                                                                  |                                                                  xsdbm_v3_0_0_bus_mstr2sl_if |          0 |          0 |       0 |    0 |    17 |      0 |      0 |    0 |          0 |
|             (U_XSDB_BUS_MSTR2SL_PORT_IFACE)                                                                              |                                                                  xsdbm_v3_0_0_bus_mstr2sl_if |          0 |          0 |       0 |    0 |    17 |      0 |      0 |    0 |          0 |
|             U_RD_DIN_BUS_MUX                                                                                             |                                                                     ltlib_v1_0_1_generic_mux |          0 |          0 |       0 |    0 |     0 |      0 |      0 |    0 |          0 |
|         CORE_XSDB.U_ICON                                                                                                 |                                                                            xsdbm_v3_0_0_icon |         16 |         16 |       0 |    0 |    28 |      0 |      0 |    0 |          0 |
|           (CORE_XSDB.U_ICON)                                                                                             |                                                                            xsdbm_v3_0_0_icon |          1 |          1 |       0 |    0 |     3 |      0 |      0 |    0 |          0 |
|           U_CMD                                                                                                          |                                                                      xsdbm_v3_0_0_cmd_decode |          8 |          8 |       0 |    0 |    10 |      0 |      0 |    0 |          0 |
|           U_STAT                                                                                                         |                                                                            xsdbm_v3_0_0_stat |          5 |          5 |       0 |    0 |     7 |      0 |      0 |    0 |          0 |
|           U_SYNC                                                                                                         |                                                                            xsdbm_v3_0_0_sync |          2 |          2 |       0 |    0 |     8 |      0 |      0 |    0 |          0 |
|         SWITCH_N_EXT_BSCAN.bscan_inst                                                                                    |                                                                           ltlib_v1_0_1_bscan |          0 |          0 |       0 |    0 |     0 |      0 |      0 |    0 |          0 |
|         SWITCH_N_EXT_BSCAN.bscan_switch                                                                                  |                                                                    xsdbm_v3_0_0_bscan_switch |        121 |        121 |       0 |    0 |   125 |      0 |      0 |    0 |          0 |
|   v3_release_i                                                                                                           |                                                                                   v3_release |      42905 |      41014 |     430 | 1461 | 49133 |     48 |      7 |   24 |          0 |
|     (v3_release_i)                                                                                                       |                                                                                   v3_release |          1 |          1 |       0 |    0 |     0 |      0 |      0 |    0 |          0 |
|     axi_dma_0                                                                                                            |                                                                       v3_release_axi_dma_0_0 |        496 |        458 |       0 |   38 |   794 |      1 |      1 |    0 |          0 |
|       (axi_dma_0)                                                                                                        |                                                                       v3_release_axi_dma_0_0 |          0 |          0 |       0 |    0 |     0 |      0 |      0 |    0 |          0 |
|       U0                                                                                                                 |                                                               v3_release_axi_dma_0_0_axi_dma |        496 |        458 |       0 |   38 |   794 |      1 |      1 |    0 |          0 |
|         INCLUDE_MM2S_SOF_EOF_GENERATOR.I_MM2S_DMA_MNGR                                                                   |                                                     v3_release_axi_dma_0_0_axi_dma_mm2s_mngr |         16 |         16 |       0 |    0 |    64 |      0 |      0 |    0 |          0 |
|           (INCLUDE_MM2S_SOF_EOF_GENERATOR.I_MM2S_DMA_MNGR)                                                               |                                                     v3_release_axi_dma_0_0_axi_dma_mm2s_mngr |          0 |          0 |       0 |    0 |     1 |      0 |      0 |    0 |          0 |
|           GEN_MM2S_DMA_CONTROL.GEN_SIMPLE_DMA_MODE.I_MM2S_SMPL_SM                                                        |                                                      v3_release_axi_dma_0_0_axi_dma_smple_sm |          8 |          8 |       0 |    0 |    53 |      0 |      0 |    0 |          0 |
|           GEN_MM2S_DMA_CONTROL.I_MM2S_CMDSTS                                                                             |                                                v3_release_axi_dma_0_0_axi_dma_mm2s_cmdsts_if |          5 |          5 |       0 |    0 |     7 |      0 |      0 |    0 |          0 |
|           GEN_MM2S_DMA_CONTROL.I_MM2S_STS_MNGR                                                                           |                                                 v3_release_axi_dma_0_0_axi_dma_mm2s_sts_mngr |          3 |          3 |       0 |    0 |     3 |      0 |      0 |    0 |          0 |
|         I_AXI_DMA_REG_MODULE                                                                                             |                                                    v3_release_axi_dma_0_0_axi_dma_reg_module |         69 |         69 |       0 |    0 |   159 |      0 |      0 |    0 |          0 |
|           GEN_AXI_LITE_IF.AXI_LITE_IF_I                                                                                  |                                                       v3_release_axi_dma_0_0_axi_dma_lite_if |         39 |         39 |       0 |    0 |    81 |      0 |      0 |    0 |          0 |
|           GEN_MM2S_REGISTERS.I_MM2S_DMA_REGISTER                                                                         |                                                      v3_release_axi_dma_0_0_axi_dma_register |         30 |         30 |       0 |    0 |    78 |      0 |      0 |    0 |          0 |
|         I_PRMRY_DATAMOVER                                                                                                |                                                         v3_release_axi_dma_0_0_axi_datamover |        405 |        367 |       0 |   38 |   547 |      1 |      1 |    0 |          0 |
|           GEN_MM2S_FULL.I_MM2S_FULL_WRAPPER                                                                              |                                          v3_release_axi_dma_0_0_axi_datamover_mm2s_full_wrap |        405 |        367 |       0 |   38 |   547 |      1 |      1 |    0 |          0 |
|             ENABLE_AXIS_SKID.I_MM2S_SKID_BUF                                                                             |                                                v3_release_axi_dma_0_0_axi_datamover_skid_buf |         75 |         75 |       0 |    0 |   152 |      0 |      0 |    0 |          0 |
|             GEN_INCLUDE_MM2S_SF.I_RD_SF                                                                                  |                                                   v3_release_axi_dma_0_0_axi_datamover_rd_sf |         78 |         78 |       0 |    0 |    61 |      1 |      1 |    0 |          0 |
|               (GEN_INCLUDE_MM2S_SF.I_RD_SF)                                                                              |                                                   v3_release_axi_dma_0_0_axi_datamover_rd_sf |          5 |          5 |       0 |    0 |     7 |      0 |      0 |    0 |          0 |
|               I_DATA_FIFO                                                                                                |                                            v3_release_axi_dma_0_0_axi_datamover_sfifo_autord |         69 |         69 |       0 |    0 |    48 |      1 |      1 |    0 |          0 |
|                 BLK_MEM.I_SYNC_FIFOGEN_FIFO                                                                              |                                                          v3_release_axi_dma_0_0_sync_fifo_fg |         69 |         69 |       0 |    0 |    48 |      1 |      1 |    0 |          0 |
|                   (BLK_MEM.I_SYNC_FIFOGEN_FIFO)                                                                          |                                                          v3_release_axi_dma_0_0_sync_fifo_fg |         12 |         12 |       0 |    0 |     0 |      0 |      0 |    0 |          0 |
|                   xpm_fifo_instance.xpm_fifo_sync_inst                                                                   |                                                         v3_release_axi_dma_0_0_xpm_fifo_sync |         57 |         57 |       0 |    0 |    48 |      1 |      1 |    0 |          0 |
|                     xpm_fifo_base_inst                                                                                   |                                                         v3_release_axi_dma_0_0_xpm_fifo_base |         57 |         57 |       0 |    0 |    48 |      1 |      1 |    0 |          0 |
|                       (xpm_fifo_base_inst)                                                                               |                                                         v3_release_axi_dma_0_0_xpm_fifo_base |          2 |          2 |       0 |    0 |    10 |      0 |      0 |    0 |          0 |
|                       gen_fwft.rdpp1_inst                                                                                |                                      v3_release_axi_dma_0_0_xpm_counter_updn__parameterized1 |          5 |          5 |       0 |    0 |     2 |      0 |      0 |    0 |          0 |
|                       gen_sdpram.xpm_memory_base_inst                                                                    |                                                       v3_release_axi_dma_0_0_xpm_memory_base |          2 |          2 |       0 |    0 |     0 |      1 |      1 |    0 |          0 |
|                       rdp_inst                                                                                           |                                      v3_release_axi_dma_0_0_xpm_counter_updn__parameterized2 |         22 |         22 |       0 |    0 |     8 |      0 |      0 |    0 |          0 |
|                       rdpp1_inst                                                                                         |                                      v3_release_axi_dma_0_0_xpm_counter_updn__parameterized3 |          6 |          6 |       0 |    0 |     7 |      0 |      0 |    0 |          0 |
|                       rst_d1_inst                                                                                        |                                                      v3_release_axi_dma_0_0_xpm_fifo_reg_bit |          1 |          1 |       0 |    0 |     1 |      0 |      0 |    0 |          0 |
|                       wrp_inst                                                                                           |                                    v3_release_axi_dma_0_0_xpm_counter_updn__parameterized2_3 |         17 |         17 |       0 |    0 |     8 |      0 |      0 |    0 |          0 |
|                       wrpp1_inst                                                                                         |                                    v3_release_axi_dma_0_0_xpm_counter_updn__parameterized3_4 |          6 |          6 |       0 |    0 |     7 |      0 |      0 |    0 |          0 |
|                       xpm_fifo_rst_inst                                                                                  |                                                          v3_release_axi_dma_0_0_xpm_fifo_rst |          3 |          3 |       0 |    0 |     5 |      0 |      0 |    0 |          0 |
|               OMIT_DRE_CNTL.I_DRE_CNTL_FIFO                                                                              |                                    v3_release_axi_dma_0_0_axi_datamover_fifo__parameterized3 |          4 |          4 |       0 |    0 |     6 |      0 |      0 |    0 |          0 |
|                 (OMIT_DRE_CNTL.I_DRE_CNTL_FIFO)                                                                          |                                    v3_release_axi_dma_0_0_axi_datamover_fifo__parameterized3 |          1 |          1 |       0 |    0 |     2 |      0 |      0 |    0 |          0 |
|                 USE_SRL_FIFO.I_SYNC_FIFO                                                                                 |                                            v3_release_axi_dma_0_0_srl_fifo_f__parameterized1 |          3 |          3 |       0 |    0 |     4 |      0 |      0 |    0 |          0 |
|                   I_SRL_FIFO_RBU_F                                                                                       |                                        v3_release_axi_dma_0_0_srl_fifo_rbu_f__parameterized1 |          3 |          3 |       0 |    0 |     4 |      0 |      0 |    0 |          0 |
|                     (I_SRL_FIFO_RBU_F)                                                                                   |                                        v3_release_axi_dma_0_0_srl_fifo_rbu_f__parameterized1 |          0 |          0 |       0 |    0 |     1 |      0 |      0 |    0 |          0 |
|                     CNTR_INCR_DECR_ADDN_F_I                                                                              |                                               v3_release_axi_dma_0_0_cntr_incr_decr_addn_f_2 |          3 |          3 |       0 |    0 |     3 |      0 |      0 |    0 |          0 |
|             I_ADDR_CNTL                                                                                                  |                                               v3_release_axi_dma_0_0_axi_datamover_addr_cntl |         30 |          7 |       0 |   23 |    50 |      0 |      0 |    0 |          0 |
|               (I_ADDR_CNTL)                                                                                              |                                               v3_release_axi_dma_0_0_axi_datamover_addr_cntl |          1 |          1 |       0 |    0 |    44 |      0 |      0 |    0 |          0 |
|               GEN_ADDR_FIFO.I_ADDR_QUAL_FIFO                                                                             |                                    v3_release_axi_dma_0_0_axi_datamover_fifo__parameterized1 |         30 |          7 |       0 |   23 |     6 |      0 |      0 |    0 |          0 |
|                 (GEN_ADDR_FIFO.I_ADDR_QUAL_FIFO)                                                                         |                                    v3_release_axi_dma_0_0_axi_datamover_fifo__parameterized1 |          1 |          1 |       0 |    0 |     2 |      0 |      0 |    0 |          0 |
|                 USE_SRL_FIFO.I_SYNC_FIFO                                                                                 |                                                            v3_release_axi_dma_0_0_srl_fifo_f |         29 |          6 |       0 |   23 |     4 |      0 |      0 |    0 |          0 |
|                   I_SRL_FIFO_RBU_F                                                                                       |                                                        v3_release_axi_dma_0_0_srl_fifo_rbu_f |         29 |          6 |       0 |   23 |     4 |      0 |      0 |    0 |          0 |
|                     (I_SRL_FIFO_RBU_F)                                                                                   |                                                        v3_release_axi_dma_0_0_srl_fifo_rbu_f |          0 |          0 |       0 |    0 |     1 |      0 |      0 |    0 |          0 |
|                     CNTR_INCR_DECR_ADDN_F_I                                                                              |                                               v3_release_axi_dma_0_0_cntr_incr_decr_addn_f_1 |          4 |          4 |       0 |    0 |     3 |      0 |      0 |    0 |          0 |
|                     DYNSHREG_F_I                                                                                         |                                                            v3_release_axi_dma_0_0_dynshreg_f |         25 |          2 |       0 |   23 |     0 |      0 |      0 |    0 |          0 |
|             I_CMD_STATUS                                                                                                 |                                              v3_release_axi_dma_0_0_axi_datamover_cmd_status |          9 |          9 |       0 |    0 |    59 |      0 |      0 |    0 |          0 |
|               GEN_INCLUDE_STATUS_FIFO.I_STS_FIFO                                                                         |                                    v3_release_axi_dma_0_0_axi_datamover_fifo__parameterized0 |          4 |          4 |       0 |    0 |     6 |      0 |      0 |    0 |          0 |
|               I_CMD_FIFO                                                                                                 |                                                    v3_release_axi_dma_0_0_axi_datamover_fifo |          5 |          5 |       0 |    0 |    53 |      0 |      0 |    0 |          0 |
|             I_MSTR_PCC                                                                                                   |                                                     v3_release_axi_dma_0_0_axi_datamover_pcc |        147 |        147 |       0 |    0 |   166 |      0 |      0 |    0 |          0 |
|             I_RD_DATA_CNTL                                                                                               |                                             v3_release_axi_dma_0_0_axi_datamover_rddata_cntl |         64 |         49 |       0 |   15 |    51 |      0 |      0 |    0 |          0 |
|               (I_RD_DATA_CNTL)                                                                                           |                                             v3_release_axi_dma_0_0_axi_datamover_rddata_cntl |         27 |         27 |       0 |    0 |    45 |      0 |      0 |    0 |          0 |
|               GEN_DATA_CNTL_FIFO.I_DATA_CNTL_FIFO                                                                        |                                    v3_release_axi_dma_0_0_axi_datamover_fifo__parameterized2 |         38 |         23 |       0 |   15 |     6 |      0 |      0 |    0 |          0 |
|                 (GEN_DATA_CNTL_FIFO.I_DATA_CNTL_FIFO)                                                                    |                                    v3_release_axi_dma_0_0_axi_datamover_fifo__parameterized2 |          1 |          1 |       0 |    0 |     2 |      0 |      0 |    0 |          0 |
|                 USE_SRL_FIFO.I_SYNC_FIFO                                                                                 |                                            v3_release_axi_dma_0_0_srl_fifo_f__parameterized0 |         37 |         22 |       0 |   15 |     4 |      0 |      0 |    0 |          0 |
|                   I_SRL_FIFO_RBU_F                                                                                       |                                        v3_release_axi_dma_0_0_srl_fifo_rbu_f__parameterized0 |         37 |         22 |       0 |   15 |     4 |      0 |      0 |    0 |          0 |
|                     (I_SRL_FIFO_RBU_F)                                                                                   |                                        v3_release_axi_dma_0_0_srl_fifo_rbu_f__parameterized0 |          0 |          0 |       0 |    0 |     1 |      0 |      0 |    0 |          0 |
|                     CNTR_INCR_DECR_ADDN_F_I                                                                              |                                                 v3_release_axi_dma_0_0_cntr_incr_decr_addn_f |         16 |         16 |       0 |    0 |     3 |      0 |      0 |    0 |          0 |
|                     DYNSHREG_F_I                                                                                         |                                            v3_release_axi_dma_0_0_dynshreg_f__parameterized0 |         21 |          6 |       0 |   15 |     0 |      0 |      0 |    0 |          0 |
|             I_RD_STATUS_CNTLR                                                                                            |                                          v3_release_axi_dma_0_0_axi_datamover_rd_status_cntl |          3 |          3 |       0 |    0 |     5 |      0 |      0 |    0 |          0 |
|             I_RESET                                                                                                      |                                                   v3_release_axi_dma_0_0_axi_datamover_reset |          3 |          3 |       0 |    0 |     3 |      0 |      0 |    0 |          0 |
|         I_RST_MODULE                                                                                                     |                                                    v3_release_axi_dma_0_0_axi_dma_rst_module |          6 |          6 |       0 |    0 |    24 |      0 |      0 |    0 |          0 |
|           (I_RST_MODULE)                                                                                                 |                                                    v3_release_axi_dma_0_0_axi_dma_rst_module |          1 |          1 |       0 |    0 |     1 |      0 |      0 |    0 |          0 |
|           GEN_RESET_FOR_MM2S.RESET_I                                                                                     |                                                         v3_release_axi_dma_0_0_axi_dma_reset |          5 |          5 |       0 |    0 |    15 |      0 |      0 |    0 |          0 |
|           REG_HRD_RST                                                                                                    |                                                              v3_release_axi_dma_0_0_cdc_sync |          0 |          0 |       0 |    0 |     4 |      0 |      0 |    0 |          0 |
|           REG_HRD_RST_OUT                                                                                                |                                                            v3_release_axi_dma_0_0_cdc_sync_0 |          0 |          0 |       0 |    0 |     4 |      0 |      0 |    0 |          0 |
|     axi_gpio_bbo_ask                                                                                                     |                                                                v3_release_axi_gpio_bbo_ask_0 |        124 |        124 |       0 |    0 |   542 |      0 |      0 |    0 |          0 |
|       U0                                                                                                                 |                                                       v3_release_axi_gpio_bbo_ask_0_axi_gpio |        124 |        124 |       0 |    0 |   542 |      0 |      0 |    0 |          0 |
|         (U0)                                                                                                             |                                                       v3_release_axi_gpio_bbo_ask_0_axi_gpio |          0 |          0 |       0 |    0 |    34 |      0 |      0 |    0 |          0 |
|         AXI_LITE_IPIF_I                                                                                                  |                                                  v3_release_axi_gpio_bbo_ask_0_axi_lite_ipif |         59 |         59 |       0 |    0 |    58 |      0 |      0 |    0 |          0 |
|           I_SLAVE_ATTACHMENT                                                                                             |                                               v3_release_axi_gpio_bbo_ask_0_slave_attachment |         59 |         59 |       0 |    0 |    58 |      0 |      0 |    0 |          0 |
|             (I_SLAVE_ATTACHMENT)                                                                                         |                                               v3_release_axi_gpio_bbo_ask_0_slave_attachment |         16 |         16 |       0 |    0 |    52 |      0 |      0 |    0 |          0 |
|             I_DECODER                                                                                                    |                                                v3_release_axi_gpio_bbo_ask_0_address_decoder |         43 |         43 |       0 |    0 |     6 |      0 |      0 |    0 |          0 |
|               (I_DECODER)                                                                                                |                                                v3_release_axi_gpio_bbo_ask_0_address_decoder |         42 |         42 |       0 |    0 |     6 |      0 |      0 |    0 |          0 |
|               MEM_DECODE_GEN[0].PER_CE_GEN[0].MULTIPLE_CES_THIS_CS_GEN.CE_I                                              |                                                      v3_release_axi_gpio_bbo_ask_0_pselect_f |          1 |          1 |       0 |    0 |     0 |      0 |      0 |    0 |          0 |
|               MEM_DECODE_GEN[0].PER_CE_GEN[2].MULTIPLE_CES_THIS_CS_GEN.CE_I                                              |                                      v3_release_axi_gpio_bbo_ask_0_pselect_f__parameterized1 |          1 |          1 |       0 |    0 |     0 |      0 |      0 |    0 |          0 |
|         gpio_core_1                                                                                                      |                                                      v3_release_axi_gpio_bbo_ask_0_GPIO_Core |         66 |         66 |       0 |    0 |   450 |      0 |      0 |    0 |          0 |
|           (gpio_core_1)                                                                                                  |                                                      v3_release_axi_gpio_bbo_ask_0_GPIO_Core |         66 |         66 |       0 |    0 |   194 |      0 |      0 |    0 |          0 |
|           Dual.INPUT_DOUBLE_REGS4                                                                                        |                                                       v3_release_axi_gpio_bbo_ask_0_cdc_sync |          0 |          0 |       0 |    0 |   128 |      0 |      0 |    0 |          0 |
|           Dual.INPUT_DOUBLE_REGS5                                                                                        |                                                     v3_release_axi_gpio_bbo_ask_0_cdc_sync_0 |          0 |          0 |       0 |    0 |   128 |      0 |      0 |    0 |          0 |
|     axi_gpio_bbo_bid                                                                                                     |                                                                v3_release_axi_gpio_bbo_bid_0 |        124 |        124 |       0 |    0 |   542 |      0 |      0 |    0 |          0 |
|       U0                                                                                                                 |                                                       v3_release_axi_gpio_bbo_bid_0_axi_gpio |        124 |        124 |       0 |    0 |   542 |      0 |      0 |    0 |          0 |
|         (U0)                                                                                                             |                                                       v3_release_axi_gpio_bbo_bid_0_axi_gpio |          0 |          0 |       0 |    0 |    34 |      0 |      0 |    0 |          0 |
|         AXI_LITE_IPIF_I                                                                                                  |                                                  v3_release_axi_gpio_bbo_bid_0_axi_lite_ipif |         58 |         58 |       0 |    0 |    58 |      0 |      0 |    0 |          0 |
|           I_SLAVE_ATTACHMENT                                                                                             |                                               v3_release_axi_gpio_bbo_bid_0_slave_attachment |         58 |         58 |       0 |    0 |    58 |      0 |      0 |    0 |          0 |
|             (I_SLAVE_ATTACHMENT)                                                                                         |                                               v3_release_axi_gpio_bbo_bid_0_slave_attachment |         16 |         16 |       0 |    0 |    52 |      0 |      0 |    0 |          0 |
|             I_DECODER                                                                                                    |                                                v3_release_axi_gpio_bbo_bid_0_address_decoder |         43 |         43 |       0 |    0 |     6 |      0 |      0 |    0 |          0 |
|               (I_DECODER)                                                                                                |                                                v3_release_axi_gpio_bbo_bid_0_address_decoder |         42 |         42 |       0 |    0 |     6 |      0 |      0 |    0 |          0 |
|               MEM_DECODE_GEN[0].PER_CE_GEN[0].MULTIPLE_CES_THIS_CS_GEN.CE_I                                              |                                                      v3_release_axi_gpio_bbo_bid_0_pselect_f |          1 |          1 |       0 |    0 |     0 |      0 |      0 |    0 |          0 |
|               MEM_DECODE_GEN[0].PER_CE_GEN[2].MULTIPLE_CES_THIS_CS_GEN.CE_I                                              |                                      v3_release_axi_gpio_bbo_bid_0_pselect_f__parameterized1 |          1 |          1 |       0 |    0 |     0 |      0 |      0 |    0 |          0 |
|         gpio_core_1                                                                                                      |                                                      v3_release_axi_gpio_bbo_bid_0_GPIO_Core |         66 |         66 |       0 |    0 |   450 |      0 |      0 |    0 |          0 |
|           (gpio_core_1)                                                                                                  |                                                      v3_release_axi_gpio_bbo_bid_0_GPIO_Core |         66 |         66 |       0 |    0 |   194 |      0 |      0 |    0 |          0 |
|           Dual.INPUT_DOUBLE_REGS4                                                                                        |                                                       v3_release_axi_gpio_bbo_bid_0_cdc_sync |          0 |          0 |       0 |    0 |   128 |      0 |      0 |    0 |          0 |
|           Dual.INPUT_DOUBLE_REGS5                                                                                        |                                                     v3_release_axi_gpio_bbo_bid_0_cdc_sync_0 |          0 |          0 |       0 |    0 |   128 |      0 |      0 |    0 |          0 |
|     axi_gpio_meta                                                                                                        |                                                                   v3_release_axi_gpio_meta_0 |        111 |        111 |       0 |    0 |   332 |      0 |      0 |    0 |          0 |
|       U0                                                                                                                 |                                                          v3_release_axi_gpio_meta_0_axi_gpio |        111 |        111 |       0 |    0 |   332 |      0 |      0 |    0 |          0 |
|         (U0)                                                                                                             |                                                          v3_release_axi_gpio_meta_0_axi_gpio |          0 |          0 |       0 |    0 |    34 |      0 |      0 |    0 |          0 |
|         AXI_LITE_IPIF_I                                                                                                  |                                                     v3_release_axi_gpio_meta_0_axi_lite_ipif |         75 |         75 |       0 |    0 |    58 |      0 |      0 |    0 |          0 |
|           I_SLAVE_ATTACHMENT                                                                                             |                                                  v3_release_axi_gpio_meta_0_slave_attachment |         75 |         75 |       0 |    0 |    58 |      0 |      0 |    0 |          0 |
|             (I_SLAVE_ATTACHMENT)                                                                                         |                                                  v3_release_axi_gpio_meta_0_slave_attachment |         16 |         16 |       0 |    0 |    52 |      0 |      0 |    0 |          0 |
|             I_DECODER                                                                                                    |                                                   v3_release_axi_gpio_meta_0_address_decoder |         59 |         59 |       0 |    0 |     6 |      0 |      0 |    0 |          0 |
|               (I_DECODER)                                                                                                |                                                   v3_release_axi_gpio_meta_0_address_decoder |         58 |         58 |       0 |    0 |     6 |      0 |      0 |    0 |          0 |
|               MEM_DECODE_GEN[0].PER_CE_GEN[0].MULTIPLE_CES_THIS_CS_GEN.CE_I                                              |                                                         v3_release_axi_gpio_meta_0_pselect_f |          1 |          1 |       0 |    0 |     0 |      0 |      0 |    0 |          0 |
|               MEM_DECODE_GEN[0].PER_CE_GEN[2].MULTIPLE_CES_THIS_CS_GEN.CE_I                                              |                                         v3_release_axi_gpio_meta_0_pselect_f__parameterized1 |          1 |          1 |       0 |    0 |     0 |      0 |      0 |    0 |          0 |
|         gpio_core_1                                                                                                      |                                                         v3_release_axi_gpio_meta_0_GPIO_Core |         36 |         36 |       0 |    0 |   240 |      0 |      0 |    0 |          0 |
|           (gpio_core_1)                                                                                                  |                                                         v3_release_axi_gpio_meta_0_GPIO_Core |         36 |         36 |       0 |    0 |   104 |      0 |      0 |    0 |          0 |
|           Dual.INPUT_DOUBLE_REGS4                                                                                        |                                                          v3_release_axi_gpio_meta_0_cdc_sync |          0 |          0 |       0 |    0 |     8 |      0 |      0 |    0 |          0 |
|           Dual.INPUT_DOUBLE_REGS5                                                                                        |                                          v3_release_axi_gpio_meta_0_cdc_sync__parameterized0 |          0 |          0 |       0 |    0 |   128 |      0 |      0 |    0 |          0 |
|     axi_gpio_price                                                                                                       |                                                                  v3_release_axi_gpio_price_0 |         61 |         61 |       0 |    0 |   222 |      0 |      0 |    0 |          0 |
|       U0                                                                                                                 |                                                         v3_release_axi_gpio_price_0_axi_gpio |         61 |         61 |       0 |    0 |   222 |      0 |      0 |    0 |          0 |
|         (U0)                                                                                                             |                                                         v3_release_axi_gpio_price_0_axi_gpio |          0 |          0 |       0 |    0 |    34 |      0 |      0 |    0 |          0 |
|         AXI_LITE_IPIF_I                                                                                                  |                                                    v3_release_axi_gpio_price_0_axi_lite_ipif |         59 |         59 |       0 |    0 |    58 |      0 |      0 |    0 |          0 |
|           I_SLAVE_ATTACHMENT                                                                                             |                                                 v3_release_axi_gpio_price_0_slave_attachment |         59 |         59 |       0 |    0 |    58 |      0 |      0 |    0 |          0 |
|             (I_SLAVE_ATTACHMENT)                                                                                         |                                                 v3_release_axi_gpio_price_0_slave_attachment |         16 |         16 |       0 |    0 |    52 |      0 |      0 |    0 |          0 |
|             I_DECODER                                                                                                    |                                                  v3_release_axi_gpio_price_0_address_decoder |         43 |         43 |       0 |    0 |     6 |      0 |      0 |    0 |          0 |
|               (I_DECODER)                                                                                                |                                                  v3_release_axi_gpio_price_0_address_decoder |         42 |         42 |       0 |    0 |     6 |      0 |      0 |    0 |          0 |
|               MEM_DECODE_GEN[0].PER_CE_GEN[0].MULTIPLE_CES_THIS_CS_GEN.CE_I                                              |                                                        v3_release_axi_gpio_price_0_pselect_f |          1 |          1 |       0 |    0 |     0 |      0 |      0 |    0 |          0 |
|               MEM_DECODE_GEN[0].PER_CE_GEN[2].MULTIPLE_CES_THIS_CS_GEN.CE_I                                              |                                        v3_release_axi_gpio_price_0_pselect_f__parameterized1 |          1 |          1 |       0 |    0 |     0 |      0 |      0 |    0 |          0 |
|         gpio_core_1                                                                                                      |                                                        v3_release_axi_gpio_price_0_GPIO_Core |          2 |          2 |       0 |    0 |   130 |      0 |      0 |    0 |          0 |
|     axi_gpio_price1                                                                                                      |                                                                 v3_release_axi_gpio_price1_0 |         59 |         59 |       0 |    0 |   158 |      0 |      0 |    0 |          0 |
|       U0                                                                                                                 |                                                        v3_release_axi_gpio_price1_0_axi_gpio |         59 |         59 |       0 |    0 |   158 |      0 |      0 |    0 |          0 |
|         (U0)                                                                                                             |                                                        v3_release_axi_gpio_price1_0_axi_gpio |          0 |          0 |       0 |    0 |    34 |      0 |      0 |    0 |          0 |
|         AXI_LITE_IPIF_I                                                                                                  |                                                   v3_release_axi_gpio_price1_0_axi_lite_ipif |         24 |         24 |       0 |    0 |    58 |      0 |      0 |    0 |          0 |
|           I_SLAVE_ATTACHMENT                                                                                             |                                                v3_release_axi_gpio_price1_0_slave_attachment |         24 |         24 |       0 |    0 |    58 |      0 |      0 |    0 |          0 |
|             (I_SLAVE_ATTACHMENT)                                                                                         |                                                v3_release_axi_gpio_price1_0_slave_attachment |         16 |         16 |       0 |    0 |    52 |      0 |      0 |    0 |          0 |
|             I_DECODER                                                                                                    |                                                 v3_release_axi_gpio_price1_0_address_decoder |          8 |          8 |       0 |    0 |     6 |      0 |      0 |    0 |          0 |
|               (I_DECODER)                                                                                                |                                                 v3_release_axi_gpio_price1_0_address_decoder |          7 |          7 |       0 |    0 |     6 |      0 |      0 |    0 |          0 |
|               MEM_DECODE_GEN[0].PER_CE_GEN[0].MULTIPLE_CES_THIS_CS_GEN.CE_I                                              |                                                       v3_release_axi_gpio_price1_0_pselect_f |          1 |          1 |       0 |    0 |     0 |      0 |      0 |    0 |          0 |
|               MEM_DECODE_GEN[0].PER_CE_GEN[2].MULTIPLE_CES_THIS_CS_GEN.CE_I                                              |                                       v3_release_axi_gpio_price1_0_pselect_f__parameterized1 |          1 |          1 |       0 |    0 |     0 |      0 |      0 |    0 |          0 |
|         gpio_core_1                                                                                                      |                                                       v3_release_axi_gpio_price1_0_GPIO_Core |         35 |         35 |       0 |    0 |    66 |      0 |      0 |    0 |          0 |
|     axi_interconnect_0                                                                                                   |                                                              v3_release_axi_interconnect_0_0 |        245 |        219 |       0 |   26 |   363 |      0 |      0 |    0 |          0 |
|       s00_couplers                                                                                                       |                                                                     s00_couplers_imp_1GY6M6Y |        245 |        219 |       0 |   26 |   363 |      0 |      0 |    0 |          0 |
|         auto_us                                                                                                          |                                                                         v3_release_auto_us_0 |        245 |        219 |       0 |   26 |   363 |      0 |      0 |    0 |          0 |
|           inst                                                                                                           |                                        v3_release_auto_us_0_axi_dwidth_converter_v2_1_29_top |        245 |        219 |       0 |   26 |   363 |      0 |      0 |    0 |          0 |
|             gen_upsizer.gen_full_upsizer.axi_upsizer_inst                                                                |                                v3_release_auto_us_0_axi_dwidth_converter_v2_1_29_axi_upsizer |        245 |        219 |       0 |   26 |   363 |      0 |      0 |    0 |          0 |
|               USE_READ.gen_non_fifo_r_upsizer.mi_register_slice_inst                                                     |                           v3_release_auto_us_0_axi_register_slice_v2_1_29_axi_register_slice |         70 |         70 |       0 |    0 |   264 |      0 |      0 |    0 |          0 |
|                 r.r_pipe                                                                                                 |          v3_release_auto_us_0_axi_register_slice_v2_1_29_axic_register_slice__parameterized2 |         70 |         70 |       0 |    0 |   264 |      0 |      0 |    0 |          0 |
|               USE_READ.gen_non_fifo_r_upsizer.read_data_inst                                                             |                                  v3_release_auto_us_0_axi_dwidth_converter_v2_1_29_r_upsizer |         90 |         90 |       0 |    0 |    20 |      0 |      0 |    0 |          0 |
|               USE_READ.read_addr_inst                                                                                    |                                  v3_release_auto_us_0_axi_dwidth_converter_v2_1_29_a_upsizer |         59 |         33 |       0 |   26 |    35 |      0 |      0 |    0 |          0 |
|                 (USE_READ.read_addr_inst)                                                                                |                                  v3_release_auto_us_0_axi_dwidth_converter_v2_1_29_a_upsizer |          0 |          0 |       0 |    0 |     1 |      0 |      0 |    0 |          0 |
|                 GEN_CMD_QUEUE.cmd_queue                                                                                  |                                  v3_release_auto_us_0_generic_baseblocks_v2_1_1_command_fifo |         59 |         33 |       0 |   26 |    34 |      0 |      0 |    0 |          0 |
|               si_register_slice_inst                                                                                     |           v3_release_auto_us_0_axi_register_slice_v2_1_29_axi_register_slice__parameterized0 |         29 |         29 |       0 |    0 |    44 |      0 |      0 |    0 |          0 |
|                 ar.ar_pipe                                                                                               |                          v3_release_auto_us_0_axi_register_slice_v2_1_29_axic_register_slice |         29 |         29 |       0 |    0 |    44 |      0 |      0 |    0 |          0 |
|     axis_clock_converter_1                                                                                               |                                                          v3_release_axis_clock_converter_1_0 |        102 |         58 |      44 |    0 |   238 |      0 |      0 |    0 |          0 |
|       inst                                                                                                               |        v3_release_axis_clock_converter_1_0_axis_clock_converter_v1_1_30_axis_clock_converter |        102 |         58 |      44 |    0 |   238 |      0 |      0 |    0 |          0 |
|         gen_async_conv.axisc_async_clock_converter_0                                                                     | v3_release_axis_clock_converter_1_0_axis_clock_converter_v1_1_30_axisc_async_clock_converter |        102 |         58 |      44 |    0 |   238 |      0 |      0 |    0 |          0 |
|           (gen_async_conv.axisc_async_clock_converter_0)                                                                 | v3_release_axis_clock_converter_1_0_axis_clock_converter_v1_1_30_axisc_async_clock_converter |          2 |          2 |       0 |    0 |     1 |      0 |      0 |    0 |          0 |
|           inst_xpm_cdc_sync_rst                                                                                          |                                         v3_release_axis_clock_converter_1_0_xpm_cdc_sync_rst |          0 |          0 |       0 |    0 |     2 |      0 |      0 |    0 |          0 |
|           xpm_fifo_async_inst                                                                                            |                                           v3_release_axis_clock_converter_1_0_xpm_fifo_async |        100 |         56 |      44 |    0 |   235 |      0 |      0 |    0 |          0 |
|             gnuram_async_fifo.xpm_fifo_base_inst                                                                         |                                            v3_release_axis_clock_converter_1_0_xpm_fifo_base |        100 |         56 |      44 |    0 |   235 |      0 |      0 |    0 |          0 |
|               (gnuram_async_fifo.xpm_fifo_base_inst)                                                                     |                                            v3_release_axis_clock_converter_1_0_xpm_fifo_base |          3 |          3 |       0 |    0 |     6 |      0 |      0 |    0 |          0 |
|               gen_cdc_pntr.rd_pntr_cdc_inst                                                                              |                                             v3_release_axis_clock_converter_1_0_xpm_cdc_gray |          6 |          6 |       0 |    0 |    15 |      0 |      0 |    0 |          0 |
|               gen_cdc_pntr.rpw_gray_reg                                                                                  |                                         v3_release_axis_clock_converter_1_0_xpm_fifo_reg_vec |          2 |          2 |       0 |    0 |     5 |      0 |      0 |    0 |          0 |
|               gen_cdc_pntr.wpr_gray_reg                                                                                  |                                       v3_release_axis_clock_converter_1_0_xpm_fifo_reg_vec_0 |          3 |          3 |       0 |    0 |     5 |      0 |      0 |    0 |          0 |
|               gen_cdc_pntr.wr_pntr_cdc_inst                                                                              |                                          v3_release_axis_clock_converter_1_0_xpm_cdc_gray__2 |          6 |          6 |       0 |    0 |    15 |      0 |      0 |    0 |          0 |
|               gen_sdpram.xpm_memory_base_inst                                                                            |                                          v3_release_axis_clock_converter_1_0_xpm_memory_base |         44 |          0 |      44 |    0 |   146 |      0 |      0 |    0 |          0 |
|               rdp_inst                                                                                                   |                         v3_release_axis_clock_converter_1_0_xpm_counter_updn__parameterized0 |          5 |          5 |       0 |    0 |     5 |      0 |      0 |    0 |          0 |
|               rdpp1_inst                                                                                                 |                         v3_release_axis_clock_converter_1_0_xpm_counter_updn__parameterized1 |          5 |          5 |       0 |    0 |     5 |      0 |      0 |    0 |          0 |
|               rst_d1_inst                                                                                                |                                         v3_release_axis_clock_converter_1_0_xpm_fifo_reg_bit |          2 |          2 |       0 |    0 |     1 |      0 |      0 |    0 |          0 |
|               wrp_inst                                                                                                   |                       v3_release_axis_clock_converter_1_0_xpm_counter_updn__parameterized0_1 |          3 |          3 |       0 |    0 |     5 |      0 |      0 |    0 |          0 |
|               wrpp1_inst                                                                                                 |                       v3_release_axis_clock_converter_1_0_xpm_counter_updn__parameterized1_2 |          4 |          4 |       0 |    0 |     5 |      0 |      0 |    0 |          0 |
|               wrpp2_inst                                                                                                 |                         v3_release_axis_clock_converter_1_0_xpm_counter_updn__parameterized2 |          4 |          4 |       0 |    0 |     5 |      0 |      0 |    0 |          0 |
|               xpm_fifo_rst_inst                                                                                          |                                             v3_release_axis_clock_converter_1_0_xpm_fifo_rst |         14 |         14 |       0 |    0 |    17 |      0 |      0 |    0 |          0 |
|                 (xpm_fifo_rst_inst)                                                                                      |                                             v3_release_axis_clock_converter_1_0_xpm_fifo_rst |         14 |         14 |       0 |    0 |    13 |      0 |      0 |    0 |          0 |
|                 gen_rst_ic.rrst_wr_inst                                                                                  |                         v3_release_axis_clock_converter_1_0_xpm_cdc_sync_rst__parameterized0 |          0 |          0 |       0 |    0 |     2 |      0 |      0 |    0 |          0 |
|                 gen_rst_ic.wrst_rd_inst                                                                                  |                      v3_release_axis_clock_converter_1_0_xpm_cdc_sync_rst__parameterized0__2 |          0 |          0 |       0 |    0 |     2 |      0 |      0 |    0 |          0 |
|     bbo_counter                                                                                                          |                                                                     v3_release_bbo_counter_0 |          1 |          1 |       0 |    0 |    32 |      0 |      0 |    0 |          0 |
|       U0                                                                                                                 |                                           v3_release_bbo_counter_0_c_counter_binary_v12_0_17 |          1 |          1 |       0 |    0 |    32 |      0 |      0 |    0 |          0 |
|         i_synth                                                                                                          |                                       v3_release_bbo_counter_0_c_counter_binary_v12_0_17_viv |          1 |          1 |       0 |    0 |    32 |      0 |      0 |    0 |          0 |
|           i_baseblox.i_baseblox_counter                                                                                  |                                    v3_release_bbo_counter_0_c_counter_binary_v12_0_17_legacy |          1 |          1 |       0 |    0 |    32 |      0 |      0 |    0 |          0 |
|             the_addsub                                                                                                   |                                            v3_release_bbo_counter_0_c_addsub_v12_0_16_legacy |          1 |          1 |       0 |    0 |    32 |      0 |      0 |    0 |          0 |
|               no_pipelining.the_addsub                                                                                   |                                     v3_release_bbo_counter_0_c_addsub_v12_0_16_fabric_legacy |          1 |          1 |       0 |    0 |    32 |      0 |      0 |    0 |          0 |
|                 i_lut6.i_lut6_addsub                                                                                     |                                       v3_release_bbo_counter_0_c_addsub_v12_0_16_lut6_legacy |          1 |          1 |       0 |    0 |    32 |      0 |      0 |    0 |          0 |
|                   (i_lut6.i_lut6_addsub)                                                                                 |                                       v3_release_bbo_counter_0_c_addsub_v12_0_16_lut6_legacy |          0 |          0 |       0 |    0 |     0 |      0 |      0 |    0 |          0 |
|                   i_q.i_simple.qreg                                                                                      |                                                v3_release_bbo_counter_0_c_reg_fd_v12_0_7_viv |          1 |          1 |       0 |    0 |    32 |      0 |      0 |    0 |          0 |
|     clk_wiz_0                                                                                                            |                                                                       v3_release_clk_wiz_0_0 |          0 |          0 |       0 |    0 |     0 |      0 |      0 |    0 |          0 |
|       inst                                                                                                               |                                                               v3_release_clk_wiz_0_0_clk_wiz |          0 |          0 |       0 |    0 |     0 |      0 |      0 |    0 |          0 |
|     event_async_fifo_0                                                                                                   |                                                              v3_release_event_async_fifo_0_0 |        180 |         52 |     128 |    0 |   509 |      0 |      0 |    0 |          0 |
|       inst                                                                                                               |                                             v3_release_event_async_fifo_0_0_event_async_fifo |        180 |         52 |     128 |    0 |   509 |      0 |      0 |    0 |          0 |
|         (inst)                                                                                                           |                                             v3_release_event_async_fifo_0_0_event_async_fifo |          3 |          3 |       0 |    0 |     0 |      0 |      0 |    0 |          0 |
|         u_event_fifo                                                                                                     |                                               v3_release_event_async_fifo_0_0_xpm_fifo_async |        177 |         49 |     128 |    0 |   509 |      0 |      0 |    0 |          0 |
|           gnuram_async_fifo.xpm_fifo_base_inst                                                                           |                                                v3_release_event_async_fifo_0_0_xpm_fifo_base |        177 |         49 |     128 |    0 |   509 |      0 |      0 |    0 |          0 |
|             (gnuram_async_fifo.xpm_fifo_base_inst)                                                                       |                                                v3_release_event_async_fifo_0_0_xpm_fifo_base |          3 |          3 |       0 |    0 |     5 |      0 |      0 |    0 |          0 |
|             gen_cdc_pntr.rd_pntr_cdc_inst                                                                                |                                                 v3_release_event_async_fifo_0_0_xpm_cdc_gray |          5 |          5 |       0 |    0 |    12 |      0 |      0 |    0 |          0 |
|             gen_cdc_pntr.rpw_gray_reg                                                                                    |                                             v3_release_event_async_fifo_0_0_xpm_fifo_reg_vec |          3 |          3 |       0 |    0 |     4 |      0 |      0 |    0 |          0 |
|             gen_cdc_pntr.wpr_gray_reg                                                                                    |                                           v3_release_event_async_fifo_0_0_xpm_fifo_reg_vec_0 |          3 |          3 |       0 |    0 |     4 |      0 |      0 |    0 |          0 |
|             gen_cdc_pntr.wr_pntr_cdc_inst                                                                                |                                              v3_release_event_async_fifo_0_0_xpm_cdc_gray__2 |          5 |          5 |       0 |    0 |    12 |      0 |      0 |    0 |          0 |
|             gen_sdpram.xpm_memory_base_inst                                                                              |                                              v3_release_event_async_fifo_0_0_xpm_memory_base |        128 |          0 |     128 |    0 |   434 |      0 |      0 |    0 |          0 |
|             rdp_inst                                                                                                     |                             v3_release_event_async_fifo_0_0_xpm_counter_updn__parameterized0 |          4 |          4 |       0 |    0 |     4 |      0 |      0 |    0 |          0 |
|             rdpp1_inst                                                                                                   |                             v3_release_event_async_fifo_0_0_xpm_counter_updn__parameterized1 |          3 |          3 |       0 |    0 |     4 |      0 |      0 |    0 |          0 |
|             rst_d1_inst                                                                                                  |                                             v3_release_event_async_fifo_0_0_xpm_fifo_reg_bit |          0 |          0 |       0 |    0 |     1 |      0 |      0 |    0 |          0 |
|             wrp_inst                                                                                                     |                           v3_release_event_async_fifo_0_0_xpm_counter_updn__parameterized0_1 |          2 |          2 |       0 |    0 |     4 |      0 |      0 |    0 |          0 |
|             wrpp1_inst                                                                                                   |                           v3_release_event_async_fifo_0_0_xpm_counter_updn__parameterized1_2 |          3 |          3 |       0 |    0 |     4 |      0 |      0 |    0 |          0 |
|             wrpp2_inst                                                                                                   |                             v3_release_event_async_fifo_0_0_xpm_counter_updn__parameterized2 |          3 |          3 |       0 |    0 |     4 |      0 |      0 |    0 |          0 |
|             xpm_fifo_rst_inst                                                                                            |                                                 v3_release_event_async_fifo_0_0_xpm_fifo_rst |         15 |         15 |       0 |    0 |    17 |      0 |      0 |    0 |          0 |
|               (xpm_fifo_rst_inst)                                                                                        |                                                 v3_release_event_async_fifo_0_0_xpm_fifo_rst |         15 |         15 |       0 |    0 |    13 |      0 |      0 |    0 |          0 |
|               gen_rst_ic.rrst_wr_inst                                                                                    |                                             v3_release_event_async_fifo_0_0_xpm_cdc_sync_rst |          0 |          0 |       0 |    0 |     2 |      0 |      0 |    0 |          0 |
|               gen_rst_ic.wrst_rd_inst                                                                                    |                                          v3_release_event_async_fifo_0_0_xpm_cdc_sync_rst__2 |          0 |          0 |       0 |    0 |     2 |      0 |      0 |    0 |          0 |
|     ingress_source_bound_0                                                                                               |                                                          v3_release_ingress_source_bound_0_0 |         39 |         39 |       0 |    0 |     0 |      0 |      0 |    0 |          0 |
|       (ingress_source_bound_0)                                                                                           |                                                          v3_release_ingress_source_bound_0_0 |          3 |          3 |       0 |    0 |     0 |      0 |      0 |    0 |          0 |
|       inst                                                                                                               |                                  v3_release_ingress_source_bound_0_0_ingress_source_boundary |         36 |         36 |       0 |    0 |     0 |      0 |      0 |    0 |          0 |
|         axis_source_mux_inst                                                                                             |                                          v3_release_ingress_source_bound_0_0_axis_source_mux |         36 |         36 |       0 |    0 |     0 |      0 |      0 |    0 |          0 |
|     network_ingress_top_0                                                                                                |                                                    v3_release_network_ingress_refresh_test_0 |       5679 |       5649 |      30 |    0 |  1703 |      0 |      0 |    0 |          0 |
|       inst                                                                                                               |                               v3_release_network_ingress_refresh_test_0_network_ingress_v1_0 |       5679 |       5649 |      30 |    0 |  1703 |      0 |      0 |    0 |          0 |
|         ingress_data_realign_top_inst                                                                                    |                           v3_release_network_ingress_refresh_test_0_ingress_data_realign_top |       5679 |       5649 |      30 |    0 |  1703 |      0 |      0 |    0 |          0 |
|           (ingress_data_realign_top_inst)                                                                                |                           v3_release_network_ingress_refresh_test_0_ingress_data_realign_top |          4 |          4 |       0 |    0 |     0 |      0 |      0 |    0 |          0 |
|           u_data_realign                                                                                                 |                                       v3_release_network_ingress_refresh_test_0_data_realign |       3188 |       3168 |      20 |    0 |   485 |      0 |      0 |    0 |          0 |
|           u_frame_crack                                                                                                  |                                        v3_release_network_ingress_refresh_test_0_frame_crack |        419 |        419 |       0 |    0 |   241 |      0 |      0 |    0 |          0 |
|           u_mold_deframe                                                                                                 |                                       v3_release_network_ingress_refresh_test_0_mold_deframe |       2075 |       2065 |      10 |    0 |   977 |      0 |      0 |    0 |          0 |
|             (u_mold_deframe)                                                                                             |                                       v3_release_network_ingress_refresh_test_0_mold_deframe |       1967 |       1957 |      10 |    0 |   912 |      0 |      0 |    0 |          0 |
|             u_mold_seq_guard                                                                                             |                                     v3_release_network_ingress_refresh_test_0_mold_seq_guard |        109 |        109 |       0 |    0 |    65 |      0 |      0 |    0 |          0 |
|     order_book_top_0                                                                                                     |                                                                v3_release_order_book_top_0_0 |      32384 |      31031 |     228 | 1125 | 38883 |     42 |      6 |   24 |          0 |
|       inst                                                                                                               |                                                 v3_release_order_book_top_0_0_order_book_top |      32384 |      31031 |     228 | 1125 | 38883 |     42 |      6 |   24 |          0 |
|         (inst)                                                                                                           |                                                 v3_release_order_book_top_0_0_order_book_top |        376 |        148 |     228 |    0 |   162 |      0 |      0 |    0 |          0 |
|         ob_stock0                                                                                                        |                                                     v3_release_order_book_top_0_0_order_book |      10502 |      10127 |       0 |  375 | 12821 |     14 |      2 |    8 |          0 |
|           (ob_stock0)                                                                                                    |                                                     v3_release_order_book_top_0_0_order_book |        119 |        119 |       0 |    0 |  8563 |      0 |      0 |    0 |          0 |
|           ask_chunks                                                                                                     |                               v3_release_order_book_top_0_0_ob_bram_block__parameterized0_28 |          0 |          0 |       0 |    0 |    64 |      1 |      0 |    0 |          0 |
|           ask_price_book                                                                                                 |                                               v3_release_order_book_top_0_0_ob_uram_block_29 |         83 |         83 |       0 |    0 |   163 |      0 |      0 |    4 |          0 |
|           bbo_out_block                                                                                                  |                                                  v3_release_order_book_top_0_0_ob_bbo_out_30 |          1 |          1 |       0 |    0 |   129 |      0 |      0 |    0 |          0 |
|           bbo_resolve_block                                                                                              |                                              v3_release_order_book_top_0_0_ob_bbo_resolve_31 |          0 |          0 |       0 |    0 |     1 |      0 |      0 |    0 |          0 |
|           bid_chunks                                                                                                     |                               v3_release_order_book_top_0_0_ob_bram_block__parameterized0_32 |          0 |          0 |       0 |    0 |    64 |      1 |      0 |    0 |          0 |
|           bid_price_book                                                                                                 |                                               v3_release_order_book_top_0_0_ob_uram_block_33 |         82 |         82 |       0 |    0 |   163 |      0 |      0 |    4 |          0 |
|           evaluate_bbo_block                                                                                             |                                             v3_release_order_book_top_0_0_ob_evaluate_bbo_34 |        899 |        899 |       0 |    0 |    46 |      0 |      0 |    0 |          0 |
|           idle_block                                                                                                     |                                                     v3_release_order_book_top_0_0_ob_idle_35 |       1545 |       1545 |       0 |    0 |    90 |      0 |      0 |    0 |          0 |
|           idx_req_block                                                                                                  |                                                  v3_release_order_book_top_0_0_ob_idx_req_36 |        212 |        212 |       0 |    0 |    93 |      0 |      0 |    0 |          0 |
|           idx_search_block                                                                                               |                                               v3_release_order_book_top_0_0_ob_idx_search_37 |       3905 |       3904 |       0 |    1 |  1708 |      0 |      0 |    0 |          0 |
|           issue_book_read_block                                                                                          |                                          v3_release_order_book_top_0_0_ob_issue_book_read_38 |          0 |          0 |       0 |    0 |     1 |      0 |      0 |    0 |          0 |
|           order_table                                                                                                    |                                               v3_release_order_book_top_0_0_ob_bram_block_39 |          0 |          0 |       0 |    0 |     0 |     10 |      2 |    0 |          0 |
|           replace_check_block                                                                                            |                                            v3_release_order_book_top_0_0_ob_replace_check_40 |         85 |         85 |       0 |    0 |   218 |      0 |      0 |    0 |          0 |
|           shadow_ask_chunks                                                                                              |                               v3_release_order_book_top_0_0_ob_bram_block__parameterized1_41 |        314 |        314 |       0 |    0 |     0 |      1 |      0 |    0 |          0 |
|           shadow_bid_chunks                                                                                              |                               v3_release_order_book_top_0_0_ob_bram_block__parameterized1_42 |        316 |        316 |       0 |    0 |     0 |      1 |      0 |    0 |          0 |
|           update_read_book_block                                                                                         |                                         v3_release_order_book_top_0_0_ob_update_read_book_43 |       2334 |       2333 |       0 |    1 |   953 |      0 |      0 |    0 |          0 |
|           update_read_tbl_block                                                                                          |                                          v3_release_order_book_top_0_0_ob_update_read_tbl_44 |         30 |         30 |       0 |    0 |   137 |      0 |      0 |    0 |          0 |
|           update_write_block                                                                                             |                                             v3_release_order_book_top_0_0_ob_update_write_45 |         78 |         78 |       0 |    0 |   323 |      0 |      0 |    0 |          0 |
|           uram_delay_bbo_block                                                                                           |                                           v3_release_order_book_top_0_0_ob_uram_delay_bbo_46 |          0 |          0 |       0 |    0 |     1 |      0 |      0 |    0 |          0 |
|           uram_delay_bbo_block_2                                                                                         |                                         v3_release_order_book_top_0_0_ob_uram_delay_bbo_2_47 |          3 |          0 |       0 |    3 |     1 |      0 |      0 |    0 |          0 |
|           uram_delay_bbo_block_3                                                                                         |                                         v3_release_order_book_top_0_0_ob_uram_delay_bbo_3_48 |          2 |          2 |       0 |    0 |     4 |      0 |      0 |    0 |          0 |
|           uram_delay_block_1                                                                                             |                                             v3_release_order_book_top_0_0_ob_uram_delay_1_49 |         52 |          0 |       0 |   52 |     1 |      0 |      0 |    0 |          0 |
|           uram_delay_block_2                                                                                             |                                             v3_release_order_book_top_0_0_ob_uram_delay_2_50 |        512 |        194 |       0 |  318 |    98 |      0 |      0 |    0 |          0 |
|         ob_stock1                                                                                                        |                                                   v3_release_order_book_top_0_0_order_book_0 |      10505 |      10130 |       0 |  375 | 12827 |     14 |      2 |    8 |          0 |
|           (ob_stock1)                                                                                                    |                                                   v3_release_order_book_top_0_0_order_book_0 |        118 |        118 |       0 |    0 |  8569 |      0 |      0 |    0 |          0 |
|           ask_chunks                                                                                                     |                                v3_release_order_book_top_0_0_ob_bram_block__parameterized0_5 |          0 |          0 |       0 |    0 |    64 |      1 |      0 |    0 |          0 |
|           ask_price_book                                                                                                 |                                                v3_release_order_book_top_0_0_ob_uram_block_6 |         83 |         83 |       0 |    0 |   163 |      0 |      0 |    4 |          0 |
|           bbo_out_block                                                                                                  |                                                   v3_release_order_book_top_0_0_ob_bbo_out_7 |          1 |          1 |       0 |    0 |   129 |      0 |      0 |    0 |          0 |
|           bbo_resolve_block                                                                                              |                                               v3_release_order_book_top_0_0_ob_bbo_resolve_8 |          0 |          0 |       0 |    0 |     1 |      0 |      0 |    0 |          0 |
|           bid_chunks                                                                                                     |                                v3_release_order_book_top_0_0_ob_bram_block__parameterized0_9 |          0 |          0 |       0 |    0 |    64 |      1 |      0 |    0 |          0 |
|           bid_price_book                                                                                                 |                                               v3_release_order_book_top_0_0_ob_uram_block_10 |         82 |         82 |       0 |    0 |   163 |      0 |      0 |    4 |          0 |
|           evaluate_bbo_block                                                                                             |                                             v3_release_order_book_top_0_0_ob_evaluate_bbo_11 |        899 |        899 |       0 |    0 |    46 |      0 |      0 |    0 |          0 |
|           idle_block                                                                                                     |                                                     v3_release_order_book_top_0_0_ob_idle_12 |       1544 |       1544 |       0 |    0 |    90 |      0 |      0 |    0 |          0 |
|           idx_req_block                                                                                                  |                                                  v3_release_order_book_top_0_0_ob_idx_req_13 |        212 |        212 |       0 |    0 |    93 |      0 |      0 |    0 |          0 |
|           idx_search_block                                                                                               |                                               v3_release_order_book_top_0_0_ob_idx_search_14 |       3905 |       3904 |       0 |    1 |  1708 |      0 |      0 |    0 |          0 |
|           issue_book_read_block                                                                                          |                                          v3_release_order_book_top_0_0_ob_issue_book_read_15 |          0 |          0 |       0 |    0 |     1 |      0 |      0 |    0 |          0 |
|           order_table                                                                                                    |                                               v3_release_order_book_top_0_0_ob_bram_block_16 |          0 |          0 |       0 |    0 |     0 |     10 |      2 |    0 |          0 |
|           replace_check_block                                                                                            |                                            v3_release_order_book_top_0_0_ob_replace_check_17 |         85 |         85 |       0 |    0 |   218 |      0 |      0 |    0 |          0 |
|           shadow_ask_chunks                                                                                              |                               v3_release_order_book_top_0_0_ob_bram_block__parameterized1_18 |        320 |        320 |       0 |    0 |     0 |      1 |      0 |    0 |          0 |
|           shadow_bid_chunks                                                                                              |                               v3_release_order_book_top_0_0_ob_bram_block__parameterized1_19 |        317 |        317 |       0 |    0 |     0 |      1 |      0 |    0 |          0 |
|           update_read_book_block                                                                                         |                                         v3_release_order_book_top_0_0_ob_update_read_book_20 |       2319 |       2318 |       0 |    1 |   953 |      0 |      0 |    0 |          0 |
|           update_read_tbl_block                                                                                          |                                          v3_release_order_book_top_0_0_ob_update_read_tbl_21 |         29 |         29 |       0 |    0 |   137 |      0 |      0 |    0 |          0 |
|           update_write_block                                                                                             |                                             v3_release_order_book_top_0_0_ob_update_write_22 |         78 |         78 |       0 |    0 |   323 |      0 |      0 |    0 |          0 |
|           uram_delay_bbo_block                                                                                           |                                           v3_release_order_book_top_0_0_ob_uram_delay_bbo_23 |          0 |          0 |       0 |    0 |     1 |      0 |      0 |    0 |          0 |
|           uram_delay_bbo_block_2                                                                                         |                                         v3_release_order_book_top_0_0_ob_uram_delay_bbo_2_24 |          3 |          0 |       0 |    3 |     1 |      0 |      0 |    0 |          0 |
|           uram_delay_bbo_block_3                                                                                         |                                         v3_release_order_book_top_0_0_ob_uram_delay_bbo_3_25 |          2 |          2 |       0 |    0 |     4 |      0 |      0 |    0 |          0 |
|           uram_delay_block_1                                                                                             |                                             v3_release_order_book_top_0_0_ob_uram_delay_1_26 |         52 |          0 |       0 |   52 |     1 |      0 |      0 |    0 |          0 |
|           uram_delay_block_2                                                                                             |                                             v3_release_order_book_top_0_0_ob_uram_delay_2_27 |        512 |        194 |       0 |  318 |    98 |      0 |      0 |    0 |          0 |
|         ob_stock2                                                                                                        |                                                   v3_release_order_book_top_0_0_order_book_1 |      10562 |      10187 |       0 |  375 | 12837 |     14 |      2 |    8 |          0 |
|           (ob_stock2)                                                                                                    |                                                   v3_release_order_book_top_0_0_order_book_1 |        118 |        118 |       0 |    0 |  8569 |      0 |      0 |    0 |          0 |
|           ask_chunks                                                                                                     |                                  v3_release_order_book_top_0_0_ob_bram_block__parameterized0 |          0 |          0 |       0 |    0 |    64 |      1 |      0 |    0 |          0 |
|           ask_price_book                                                                                                 |                                                  v3_release_order_book_top_0_0_ob_uram_block |         83 |         83 |       0 |    0 |   163 |      0 |      0 |    4 |          0 |
|           bbo_out_block                                                                                                  |                                                     v3_release_order_book_top_0_0_ob_bbo_out |          1 |          1 |       0 |    0 |   129 |      0 |      0 |    0 |          0 |
|           bbo_resolve_block                                                                                              |                                                 v3_release_order_book_top_0_0_ob_bbo_resolve |          0 |          0 |       0 |    0 |     1 |      0 |      0 |    0 |          0 |
|           bid_chunks                                                                                                     |                                v3_release_order_book_top_0_0_ob_bram_block__parameterized0_2 |          0 |          0 |       0 |    0 |    64 |      1 |      0 |    0 |          0 |
|           bid_price_book                                                                                                 |                                                v3_release_order_book_top_0_0_ob_uram_block_3 |         82 |         82 |       0 |    0 |   163 |      0 |      0 |    4 |          0 |
|           evaluate_bbo_block                                                                                             |                                                v3_release_order_book_top_0_0_ob_evaluate_bbo |        895 |        895 |       0 |    0 |    46 |      0 |      0 |    0 |          0 |
|           idle_block                                                                                                     |                                                        v3_release_order_book_top_0_0_ob_idle |       1545 |       1545 |       0 |    0 |    90 |      0 |      0 |    0 |          0 |
|           idx_req_block                                                                                                  |                                                     v3_release_order_book_top_0_0_ob_idx_req |        214 |        214 |       0 |    0 |    93 |      0 |      0 |    0 |          0 |
|           idx_search_block                                                                                               |                                                  v3_release_order_book_top_0_0_ob_idx_search |       3909 |       3908 |       0 |    1 |  1708 |      0 |      0 |    0 |          0 |
|           issue_book_read_block                                                                                          |                                             v3_release_order_book_top_0_0_ob_issue_book_read |          0 |          0 |       0 |    0 |     1 |      0 |      0 |    0 |          0 |
|           order_table                                                                                                    |                                                  v3_release_order_book_top_0_0_ob_bram_block |          0 |          0 |       0 |    0 |     0 |     10 |      2 |    0 |          0 |
|           replace_check_block                                                                                            |                                               v3_release_order_book_top_0_0_ob_replace_check |         83 |         83 |       0 |    0 |   218 |      0 |      0 |    0 |          0 |
|           shadow_ask_chunks                                                                                              |                                  v3_release_order_book_top_0_0_ob_bram_block__parameterized1 |        318 |        318 |       0 |    0 |     0 |      1 |      0 |    0 |          0 |
|           shadow_bid_chunks                                                                                              |                                v3_release_order_book_top_0_0_ob_bram_block__parameterized1_4 |        356 |        356 |       0 |    0 |     0 |      1 |      0 |    0 |          0 |
|           update_read_book_block                                                                                         |                                            v3_release_order_book_top_0_0_ob_update_read_book |       2329 |       2328 |       0 |    1 |   963 |      0 |      0 |    0 |          0 |
|           update_read_tbl_block                                                                                          |                                             v3_release_order_book_top_0_0_ob_update_read_tbl |         29 |         29 |       0 |    0 |   137 |      0 |      0 |    0 |          0 |
|           update_write_block                                                                                             |                                                v3_release_order_book_top_0_0_ob_update_write |         80 |         80 |       0 |    0 |   323 |      0 |      0 |    0 |          0 |
|           uram_delay_bbo_block                                                                                           |                                              v3_release_order_book_top_0_0_ob_uram_delay_bbo |          0 |          0 |       0 |    0 |     1 |      0 |      0 |    0 |          0 |
|           uram_delay_bbo_block_2                                                                                         |                                            v3_release_order_book_top_0_0_ob_uram_delay_bbo_2 |          3 |          0 |       0 |    3 |     1 |      0 |      0 |    0 |          0 |
|           uram_delay_bbo_block_3                                                                                         |                                            v3_release_order_book_top_0_0_ob_uram_delay_bbo_3 |          2 |          2 |       0 |    0 |     4 |      0 |      0 |    0 |          0 |
|           uram_delay_block_1                                                                                             |                                                v3_release_order_book_top_0_0_ob_uram_delay_1 |         52 |          0 |       0 |   52 |     1 |      0 |      0 |    0 |          0 |
|           uram_delay_block_2                                                                                             |                                                v3_release_order_book_top_0_0_ob_uram_delay_2 |        512 |        194 |       0 |  318 |    98 |      0 |      0 |    0 |          0 |
|         router                                                                                                           |                                                  v3_release_order_book_top_0_0_symbol_router |        440 |        440 |       0 |    0 |   236 |      0 |      0 |    0 |          0 |
|     proc_sys_reset_1                                                                                                     |                                                                v3_release_proc_sys_reset_1_0 |         15 |         14 |       0 |    1 |    34 |      0 |      0 |    0 |          0 |
|       U0                                                                                                                 |                                                 v3_release_proc_sys_reset_1_0_proc_sys_reset |         15 |         14 |       0 |    1 |    34 |      0 |      0 |    0 |          0 |
|         (U0)                                                                                                             |                                                 v3_release_proc_sys_reset_1_0_proc_sys_reset |          0 |          0 |       0 |    0 |     2 |      0 |      0 |    0 |          0 |
|         EXT_LPF                                                                                                          |                                                            v3_release_proc_sys_reset_1_0_lpf |          5 |          4 |       0 |    1 |    17 |      0 |      0 |    0 |          0 |
|           (EXT_LPF)                                                                                                      |                                                            v3_release_proc_sys_reset_1_0_lpf |          2 |          1 |       0 |    1 |     9 |      0 |      0 |    0 |          0 |
|           ACTIVE_LOW_AUX.ACT_LO_AUX                                                                                      |                                                       v3_release_proc_sys_reset_1_0_cdc_sync |          1 |          1 |       0 |    0 |     4 |      0 |      0 |    0 |          0 |
|           ACTIVE_LOW_EXT.ACT_LO_EXT                                                                                      |                                                     v3_release_proc_sys_reset_1_0_cdc_sync_0 |          2 |          2 |       0 |    0 |     4 |      0 |      0 |    0 |          0 |
|         SEQ                                                                                                              |                                                   v3_release_proc_sys_reset_1_0_sequence_psr |         10 |         10 |       0 |    0 |    15 |      0 |      0 |    0 |          0 |
|           (SEQ)                                                                                                          |                                                   v3_release_proc_sys_reset_1_0_sequence_psr |          6 |          6 |       0 |    0 |     9 |      0 |      0 |    0 |          0 |
|           SEQ_COUNTER                                                                                                    |                                                        v3_release_proc_sys_reset_1_0_upcnt_n |          4 |          4 |       0 |    0 |     6 |      0 |      0 |    0 |          0 |
|     proc_sys_reset_2                                                                                                     |                                                                v3_release_proc_sys_reset_2_0 |         14 |         13 |       0 |    1 |    34 |      0 |      0 |    0 |          0 |
|       U0                                                                                                                 |                                                 v3_release_proc_sys_reset_2_0_proc_sys_reset |         14 |         13 |       0 |    1 |    34 |      0 |      0 |    0 |          0 |
|         (U0)                                                                                                             |                                                 v3_release_proc_sys_reset_2_0_proc_sys_reset |          0 |          0 |       0 |    0 |     2 |      0 |      0 |    0 |          0 |
|         EXT_LPF                                                                                                          |                                                            v3_release_proc_sys_reset_2_0_lpf |          5 |          4 |       0 |    1 |    17 |      0 |      0 |    0 |          0 |
|           (EXT_LPF)                                                                                                      |                                                            v3_release_proc_sys_reset_2_0_lpf |          2 |          1 |       0 |    1 |     9 |      0 |      0 |    0 |          0 |
|           ACTIVE_HIGH_AUX.ACT_HI_AUX                                                                                     |                                                       v3_release_proc_sys_reset_2_0_cdc_sync |          1 |          1 |       0 |    0 |     4 |      0 |      0 |    0 |          0 |
|           ACTIVE_LOW_EXT.ACT_LO_EXT                                                                                      |                                                     v3_release_proc_sys_reset_2_0_cdc_sync_0 |          2 |          2 |       0 |    0 |     4 |      0 |      0 |    0 |          0 |
|         SEQ                                                                                                              |                                                   v3_release_proc_sys_reset_2_0_sequence_psr |          9 |          9 |       0 |    0 |    15 |      0 |      0 |    0 |          0 |
|           (SEQ)                                                                                                          |                                                   v3_release_proc_sys_reset_2_0_sequence_psr |          5 |          5 |       0 |    0 |     9 |      0 |      0 |    0 |          0 |
|           SEQ_COUNTER                                                                                                    |                                                        v3_release_proc_sys_reset_2_0_upcnt_n |          4 |          4 |       0 |    0 |     6 |      0 |      0 |    0 |          0 |
|     ps8_0_axi_periph                                                                                                     |                                                                v3_release_ps8_0_axi_periph_0 |        648 |        579 |       0 |   69 |   742 |      0 |      0 |    0 |          0 |
|       s00_couplers                                                                                                       |                                                                     s00_couplers_imp_1J91SOD |        432 |        363 |       0 |   69 |   608 |      0 |      0 |    0 |          0 |
|         auto_pc                                                                                                          |                                                                         v3_release_auto_pc_0 |        432 |        363 |       0 |   69 |   608 |      0 |      0 |    0 |          0 |
|           inst                                                                                                           |                   v3_release_auto_pc_0_axi_protocol_converter_v2_1_29_axi_protocol_converter |        432 |        363 |       0 |   69 |   608 |      0 |      0 |    0 |          0 |
|             gen_axilite.gen_b2s_conv.axilite_b2s                                                                         |                                      v3_release_auto_pc_0_axi_protocol_converter_v2_1_29_b2s |        432 |        363 |       0 |   69 |   608 |      0 |      0 |    0 |          0 |
|               (gen_axilite.gen_b2s_conv.axilite_b2s)                                                                     |                                      v3_release_auto_pc_0_axi_protocol_converter_v2_1_29_b2s |          0 |          0 |       0 |    0 |     1 |      0 |      0 |    0 |          0 |
|               RD.ar_channel_0                                                                                            |                           v3_release_auto_pc_0_axi_protocol_converter_v2_1_29_b2s_ar_channel |         73 |         73 |       0 |    0 |    79 |      0 |      0 |    0 |          0 |
|                 (RD.ar_channel_0)                                                                                        |                           v3_release_auto_pc_0_axi_protocol_converter_v2_1_29_b2s_ar_channel |          0 |          0 |       0 |    0 |    16 |      0 |      0 |    0 |          0 |
|                 ar_cmd_fsm_0                                                                                             |                           v3_release_auto_pc_0_axi_protocol_converter_v2_1_29_b2s_rd_cmd_fsm |         16 |         16 |       0 |    0 |     2 |      0 |      0 |    0 |          0 |
|                 cmd_translator_0                                                                                         |                     v3_release_auto_pc_0_axi_protocol_converter_v2_1_29_b2s_cmd_translator_1 |         57 |         57 |       0 |    0 |    61 |      0 |      0 |    0 |          0 |
|                   (cmd_translator_0)                                                                                     |                     v3_release_auto_pc_0_axi_protocol_converter_v2_1_29_b2s_cmd_translator_1 |          1 |          1 |       0 |    0 |     3 |      0 |      0 |    0 |          0 |
|                   incr_cmd_0                                                                                             |                           v3_release_auto_pc_0_axi_protocol_converter_v2_1_29_b2s_incr_cmd_2 |         22 |         22 |       0 |    0 |    20 |      0 |      0 |    0 |          0 |
|                   wrap_cmd_0                                                                                             |                           v3_release_auto_pc_0_axi_protocol_converter_v2_1_29_b2s_wrap_cmd_3 |         34 |         34 |       0 |    0 |    38 |      0 |      0 |    0 |          0 |
|               RD.r_channel_0                                                                                             |                            v3_release_auto_pc_0_axi_protocol_converter_v2_1_29_b2s_r_channel |         65 |         14 |       0 |   51 |    28 |      0 |      0 |    0 |          0 |
|                 (RD.r_channel_0)                                                                                         |                            v3_release_auto_pc_0_axi_protocol_converter_v2_1_29_b2s_r_channel |          0 |          0 |       0 |    0 |    18 |      0 |      0 |    0 |          0 |
|                 rd_data_fifo_0                                                                                           |          v3_release_auto_pc_0_axi_protocol_converter_v2_1_29_b2s_simple_fifo__parameterized1 |         41 |          7 |       0 |   34 |     5 |      0 |      0 |    0 |          0 |
|                 transaction_fifo_0                                                                                       |          v3_release_auto_pc_0_axi_protocol_converter_v2_1_29_b2s_simple_fifo__parameterized2 |         24 |          7 |       0 |   17 |     5 |      0 |      0 |    0 |          0 |
|               SI_REG                                                                                                     |                           v3_release_auto_pc_0_axi_register_slice_v2_1_29_axi_register_slice |        181 |        181 |       0 |    0 |   396 |      0 |      0 |    0 |          0 |
|                 ar.ar_pipe                                                                                               |                          v3_release_auto_pc_0_axi_register_slice_v2_1_29_axic_register_slice |         69 |         69 |       0 |    0 |   127 |      0 |      0 |    0 |          0 |
|                 aw.aw_pipe                                                                                               |                        v3_release_auto_pc_0_axi_register_slice_v2_1_29_axic_register_slice_0 |         72 |         72 |       0 |    0 |   127 |      0 |      0 |    0 |          0 |
|                 b.b_pipe                                                                                                 |          v3_release_auto_pc_0_axi_register_slice_v2_1_29_axic_register_slice__parameterized1 |         11 |         11 |       0 |    0 |    38 |      0 |      0 |    0 |          0 |
|                 r.r_pipe                                                                                                 |          v3_release_auto_pc_0_axi_register_slice_v2_1_29_axic_register_slice__parameterized2 |         29 |         29 |       0 |    0 |   104 |      0 |      0 |    0 |          0 |
|               WR.aw_channel_0                                                                                            |                           v3_release_auto_pc_0_axi_protocol_converter_v2_1_29_b2s_aw_channel |         75 |         75 |       0 |    0 |    87 |      0 |      0 |    0 |          0 |
|                 (WR.aw_channel_0)                                                                                        |                           v3_release_auto_pc_0_axi_protocol_converter_v2_1_29_b2s_aw_channel |          0 |          0 |       0 |    0 |    24 |      0 |      0 |    0 |          0 |
|                 aw_cmd_fsm_0                                                                                             |                           v3_release_auto_pc_0_axi_protocol_converter_v2_1_29_b2s_wr_cmd_fsm |         18 |         18 |       0 |    0 |     2 |      0 |      0 |    0 |          0 |
|                 cmd_translator_0                                                                                         |                       v3_release_auto_pc_0_axi_protocol_converter_v2_1_29_b2s_cmd_translator |         57 |         57 |       0 |    0 |    61 |      0 |      0 |    0 |          0 |
|                   (cmd_translator_0)                                                                                     |                       v3_release_auto_pc_0_axi_protocol_converter_v2_1_29_b2s_cmd_translator |          1 |          1 |       0 |    0 |     3 |      0 |      0 |    0 |          0 |
|                   incr_cmd_0                                                                                             |                             v3_release_auto_pc_0_axi_protocol_converter_v2_1_29_b2s_incr_cmd |         22 |         22 |       0 |    0 |    20 |      0 |      0 |    0 |          0 |
|                   wrap_cmd_0                                                                                             |                             v3_release_auto_pc_0_axi_protocol_converter_v2_1_29_b2s_wrap_cmd |         34 |         34 |       0 |    0 |    38 |      0 |      0 |    0 |          0 |
|               WR.b_channel_0                                                                                             |                            v3_release_auto_pc_0_axi_protocol_converter_v2_1_29_b2s_b_channel |         38 |         20 |       0 |   18 |    17 |      0 |      0 |    0 |          0 |
|                 (WR.b_channel_0)                                                                                         |                            v3_release_auto_pc_0_axi_protocol_converter_v2_1_29_b2s_b_channel |          7 |          7 |       0 |    0 |    13 |      0 |      0 |    0 |          0 |
|                 bid_fifo_0                                                                                               |                          v3_release_auto_pc_0_axi_protocol_converter_v2_1_29_b2s_simple_fifo |         26 |         10 |       0 |   16 |     2 |      0 |      0 |    0 |          0 |
|                 bresp_fifo_0                                                                                             |          v3_release_auto_pc_0_axi_protocol_converter_v2_1_29_b2s_simple_fifo__parameterized0 |          5 |          3 |       0 |    2 |     2 |      0 |      0 |    0 |          0 |
|       xbar                                                                                                               |                                                                            v3_release_xbar_0 |        216 |        216 |       0 |    0 |   134 |      0 |      0 |    0 |          0 |
|         inst                                                                                                             |                                          v3_release_xbar_0_axi_crossbar_v2_1_30_axi_crossbar |        216 |        216 |       0 |    0 |   134 |      0 |      0 |    0 |          0 |
|           gen_sasd.crossbar_sasd_0                                                                                       |                                         v3_release_xbar_0_axi_crossbar_v2_1_30_crossbar_sasd |        216 |        216 |       0 |    0 |   134 |      0 |      0 |    0 |          0 |
|             (gen_sasd.crossbar_sasd_0)                                                                                   |                                         v3_release_xbar_0_axi_crossbar_v2_1_30_crossbar_sasd |          1 |          1 |       0 |    0 |    11 |      0 |      0 |    0 |          0 |
|             addr_arbiter_inst                                                                                            |                                     v3_release_xbar_0_axi_crossbar_v2_1_30_addr_arbiter_sasd |         87 |         87 |       0 |    0 |    40 |      0 |      0 |    0 |          0 |
|             gen_decerr.decerr_slave_inst                                                                                 |                                          v3_release_xbar_0_axi_crossbar_v2_1_30_decerr_slave |          9 |          9 |       0 |    0 |     4 |      0 |      0 |    0 |          0 |
|             reg_slice_r                                                                                                  |                             v3_release_xbar_0_axi_register_slice_v2_1_29_axic_register_slice |        109 |        109 |       0 |    0 |    74 |      0 |      0 |    0 |          0 |
|             splitter_ar                                                                                                  |                              v3_release_xbar_0_axi_crossbar_v2_1_30_splitter__parameterized0 |          2 |          2 |       0 |    0 |     2 |      0 |      0 |    0 |          0 |
|             splitter_aw                                                                                                  |                                              v3_release_xbar_0_axi_crossbar_v2_1_30_splitter |          9 |          9 |       0 |    0 |     3 |      0 |      0 |    0 |          0 |
|     taxi_10gbe_frontend_0                                                                                                |                                                           v3_release_taxi_10gbe_frontend_0_0 |       1356 |       1356 |       0 |    0 |  2019 |      0 |      0 |    0 |          0 |
|       (taxi_10gbe_frontend_0)                                                                                            |                                                           v3_release_taxi_10gbe_frontend_0_0 |          0 |          0 |       0 |    0 |     0 |      0 |      0 |    0 |          0 |
|       inst                                                                                                               |                                    v3_release_taxi_10gbe_frontend_0_0_taxi_10gbe_frontend_bd |       1356 |       1356 |       0 |    0 |  2019 |      0 |      0 |    0 |          0 |
|         frontend_inst                                                                                                    |                                       v3_release_taxi_10gbe_frontend_0_0_taxi_10gbe_frontend |       1356 |       1356 |       0 |    0 |  2019 |      0 |      0 |    0 |          0 |
|           (frontend_inst)                                                                                                |                                       v3_release_taxi_10gbe_frontend_0_0_taxi_10gbe_frontend |          0 |          0 |       0 |    0 |     0 |      0 |      0 |    0 |          0 |
|           sfp_mac_inst                                                                                                   |                                       v3_release_taxi_10gbe_frontend_0_0_taxi_eth_mac_25g_us |       1356 |       1356 |       0 |    0 |  2015 |      0 |      0 |    0 |          0 |
|             (sfp_mac_inst)                                                                                               |                                       v3_release_taxi_10gbe_frontend_0_0_taxi_eth_mac_25g_us |          9 |          9 |       0 |    0 |     0 |      0 |      0 |    0 |          0 |
|             ch[0].ch_inst                                                                                                |                                    v3_release_taxi_10gbe_frontend_0_0_taxi_eth_mac_25g_us_ch |        936 |        936 |       0 |    0 |  1205 |      0 |      0 |    0 |          0 |
|               (ch[0].ch_inst)                                                                                            |                                    v3_release_taxi_10gbe_frontend_0_0_taxi_eth_mac_25g_us_ch |          8 |          8 |       0 |    0 |     0 |      0 |      0 |    0 |          0 |
|               gt.gt_inst                                                                                                 |                                 v3_release_taxi_10gbe_frontend_0_0_taxi_eth_phy_25g_us_gt_ll |         71 |         71 |       0 |    0 |   171 |      0 |      0 |    0 |          0 |
|                 (gt.gt_inst)                                                                                             |                                 v3_release_taxi_10gbe_frontend_0_0_taxi_eth_phy_25g_us_gt_ll |         10 |         10 |       0 |    0 |    14 |      0 |      0 |    0 |          0 |
|                 common_ctrl.qpll0_reset_inst                                                                             |                                        v3_release_taxi_10gbe_frontend_0_0_taxi_gt_qpll_reset |          8 |          8 |       0 |    0 |    11 |      0 |      0 |    0 |          0 |
|                   (common_ctrl.qpll0_reset_inst)                                                                         |                                        v3_release_taxi_10gbe_frontend_0_0_taxi_gt_qpll_reset |          7 |          7 |       0 |    0 |     9 |      0 |      0 |    0 |          0 |
|                   qpll_lock_sync_inst                                                                                    |                                       v3_release_taxi_10gbe_frontend_0_0_taxi_sync_signal_37 |          1 |          1 |       0 |    0 |     2 |      0 |      0 |    0 |          0 |
|                 ctrl_regs_inst                                                                                           |                                v3_release_taxi_10gbe_frontend_0_0_taxi_eth_phy_25g_us_gt_apb |          0 |          0 |       0 |    0 |     8 |      0 |      0 |    0 |          0 |
|                   rx_ctrl_sync_inst                                                                                      |                       v3_release_taxi_10gbe_frontend_0_0_taxi_sync_signal__parameterized1_34 |          0 |          0 |       0 |    0 |     2 |      0 |      0 |    0 |          0 |
|                   tx_ctrl_sync_inst                                                                                      |                       v3_release_taxi_10gbe_frontend_0_0_taxi_sync_signal__parameterized0_35 |          0 |          0 |       0 |    0 |     6 |      0 |      0 |    0 |          0 |
|                 gt_rx_reset_inst                                                                                         |                                       v3_release_taxi_10gbe_frontend_0_0_taxi_gt_rx_reset_22 |         21 |         21 |       0 |    0 |    55 |      0 |      0 |    0 |          0 |
|                   (gt_rx_reset_inst)                                                                                     |                                       v3_release_taxi_10gbe_frontend_0_0_taxi_gt_rx_reset_22 |         10 |         10 |       0 |    0 |    37 |      0 |      0 |    0 |          0 |
|                   gt_ctrl_sync_inst                                                                                      |                                       v3_release_taxi_10gbe_frontend_0_0_taxi_sync_signal_30 |          0 |          0 |       0 |    0 |     2 |      0 |      0 |    0 |          0 |
|                   gt_status_sync_inst                                                                                    |                       v3_release_taxi_10gbe_frontend_0_0_taxi_sync_signal__parameterized1_31 |         10 |         10 |       0 |    0 |     8 |      0 |      0 |    0 |          0 |
|                   gt_userclk_rx_active_sync_inst                                                                         |                                        v3_release_taxi_10gbe_frontend_0_0_taxi_sync_reset_32 |          1 |          1 |       0 |    0 |     4 |      0 |      0 |    0 |          0 |
|                   reset_sync_inst                                                                                        |                                        v3_release_taxi_10gbe_frontend_0_0_taxi_sync_reset_33 |          0 |          0 |       0 |    0 |     4 |      0 |      0 |    0 |          0 |
|                 gt_tx_reset_inst                                                                                         |                                       v3_release_taxi_10gbe_frontend_0_0_taxi_gt_tx_reset_23 |         15 |         15 |       0 |    0 |    30 |      0 |      0 |    0 |          0 |
|                   (gt_tx_reset_inst)                                                                                     |                                       v3_release_taxi_10gbe_frontend_0_0_taxi_gt_tx_reset_23 |          4 |          4 |       0 |    0 |    14 |      0 |      0 |    0 |          0 |
|                   gt_ctrl_sync_inst                                                                                      |                                       v3_release_taxi_10gbe_frontend_0_0_taxi_sync_signal_26 |          0 |          0 |       0 |    0 |     2 |      0 |      0 |    0 |          0 |
|                   gt_status_sync_inst                                                                                    |                       v3_release_taxi_10gbe_frontend_0_0_taxi_sync_signal__parameterized2_27 |         10 |         10 |       0 |    0 |     6 |      0 |      0 |    0 |          0 |
|                   gt_userclk_tx_active_sync_inst                                                                         |                                        v3_release_taxi_10gbe_frontend_0_0_taxi_sync_reset_28 |          1 |          1 |       0 |    0 |     4 |      0 |      0 |    0 |          0 |
|                   reset_sync_inst                                                                                        |                                        v3_release_taxi_10gbe_frontend_0_0_taxi_sync_reset_29 |          0 |          0 |       0 |    0 |     4 |      0 |      0 |    0 |          0 |
|                 rx_reset_sync_inst                                                                                       |                                        v3_release_taxi_10gbe_frontend_0_0_taxi_sync_reset_24 |          2 |          2 |       0 |    0 |     4 |      0 |      0 |    0 |          0 |
|                 tx_reset_sync_inst                                                                                       |                                        v3_release_taxi_10gbe_frontend_0_0_taxi_sync_reset_25 |          4 |          4 |       0 |    0 |     4 |      0 |      0 |    0 |          0 |
|                 xcvr.gt_ch_inst                                                                                          |                                                              taxi_eth_phy_25g_us_gth_ll_full |         11 |         11 |       0 |    0 |    45 |      0 |      0 |    0 |          0 |
|                   inst                                                                                                   |                                                 taxi_eth_phy_25g_us_gth_ll_full_gtwizard_top |         11 |         11 |       0 |    0 |    45 |      0 |      0 |    0 |          0 |
|                     gen_gtwizard_gthe4_top.taxi_eth_phy_25g_us_gth_ll_full_gtwizard_gthe4_inst                           |                                               taxi_eth_phy_25g_us_gth_ll_full_gtwizard_gthe4 |         11 |         11 |       0 |    0 |    45 |      0 |      0 |    0 |          0 |
|                       gen_gtwizard_gthe4.gen_channel_container[0].gen_enabled_channel.gthe4_channel_wrapper_inst         |                                        taxi_eth_phy_25g_us_gth_ll_full_gthe4_channel_wrapper |          0 |          0 |       0 |    0 |     0 |      0 |      0 |    0 |          0 |
|                         channel_inst                                                                                     |                    taxi_eth_phy_25g_us_gth_ll_full_gtwizard_ultrascale_v1_7_17_gthe4_channel |          0 |          0 |       0 |    0 |     0 |      0 |      0 |    0 |          0 |
|                       gen_gtwizard_gthe4.gen_common.gen_common_container[0].gen_enabled_common.gthe4_common_wrapper_inst |                                         taxi_eth_phy_25g_us_gth_ll_full_gthe4_common_wrapper |          0 |          0 |       0 |    0 |     0 |      0 |      0 |    0 |          0 |
|                         common_inst                                                                                      |                     taxi_eth_phy_25g_us_gth_ll_full_gtwizard_ultrascale_v1_7_17_gthe4_common |          0 |          0 |       0 |    0 |     0 |      0 |      0 |    0 |          0 |
|                       gen_gtwizard_gthe4.gen_pwrgood_delay_inst[0].delay_powergood_inst                                  |            taxi_eth_phy_25g_us_gth_ll_full_gtwizard_ultrascale_v1_7_17_gthe4_delay_powergood |          4 |          4 |       0 |    0 |    15 |      0 |      0 |    0 |          0 |
|                       gen_gtwizard_gthe4.gen_rx_buffer_bypass_internal.gen_single_instance.gtwiz_buffbypass_rx_inst      |              taxi_eth_phy_25g_us_gth_ll_full_gtwizard_ultrascale_v1_7_17_gtwiz_buffbypass_rx |          4 |          4 |       0 |    0 |    15 |      0 |      0 |    0 |          0 |
|                         (gen_gtwizard_gthe4.gen_rx_buffer_bypass_internal.gen_single_instance.gtwiz_buffbypass_rx_inst)  |              taxi_eth_phy_25g_us_gth_ll_full_gtwizard_ultrascale_v1_7_17_gtwiz_buffbypass_rx |          0 |          0 |       0 |    0 |     5 |      0 |      0 |    0 |          0 |
|                         gen_gtwiz_buffbypass_rx_main.gen_auto_mode.bit_synchronizer_mastersyncdone_inst                  |               taxi_eth_phy_25g_us_gth_ll_full_gtwizard_ultrascale_v1_7_17_bit_synchronizer_2 |          1 |          1 |       0 |    0 |     5 |      0 |      0 |    0 |          0 |
|                         gen_gtwiz_buffbypass_rx_main.gen_auto_mode.reset_synchronizer_resetdone_inst                     |         taxi_eth_phy_25g_us_gth_ll_full_gtwizard_ultrascale_v1_7_17_reset_inv_synchronizer_3 |          3 |          3 |       0 |    0 |     5 |      0 |      0 |    0 |          0 |
|                       gen_gtwizard_gthe4.gen_rx_user_clocking_internal.gen_single_instance.gtwiz_userclk_rx_inst         |                 taxi_eth_phy_25g_us_gth_ll_full_gtwizard_ultrascale_v1_7_17_gtwiz_userclk_rx |          0 |          0 |       0 |    0 |     0 |      0 |      0 |    0 |          0 |
|                       gen_gtwizard_gthe4.gen_tx_buffer_bypass_internal.gen_single_instance.gtwiz_buffbypass_tx_inst      |              taxi_eth_phy_25g_us_gth_ll_full_gtwizard_ultrascale_v1_7_17_gtwiz_buffbypass_tx |          3 |          3 |       0 |    0 |    15 |      0 |      0 |    0 |          0 |
|                         (gen_gtwizard_gthe4.gen_tx_buffer_bypass_internal.gen_single_instance.gtwiz_buffbypass_tx_inst)  |              taxi_eth_phy_25g_us_gth_ll_full_gtwizard_ultrascale_v1_7_17_gtwiz_buffbypass_tx |          0 |          0 |       0 |    0 |     5 |      0 |      0 |    0 |          0 |
|                         gen_gtwiz_buffbypass_tx_main.gen_auto_mode.bit_synchronizer_master_syncdone_inst                 |               taxi_eth_phy_25g_us_gth_ll_full_gtwizard_ultrascale_v1_7_17_bit_synchronizer_0 |          1 |          1 |       0 |    0 |     5 |      0 |      0 |    0 |          0 |
|                         gen_gtwiz_buffbypass_tx_main.gen_auto_mode.reset_synchronizer_resetdone_inst                     |           taxi_eth_phy_25g_us_gth_ll_full_gtwizard_ultrascale_v1_7_17_reset_inv_synchronizer |          2 |          2 |       0 |    0 |     5 |      0 |      0 |    0 |          0 |
|                       gen_gtwizard_gthe4.gen_tx_user_clocking_internal.gen_single_instance.gtwiz_userclk_tx_inst         |                 taxi_eth_phy_25g_us_gth_ll_full_gtwizard_ultrascale_v1_7_17_gtwiz_userclk_tx |          0 |          0 |       0 |    0 |     0 |      0 |      0 |    0 |          0 |
|               mac.mac_phy_inst                                                                                           |                                      v3_release_taxi_10gbe_frontend_0_0_taxi_eth_mac_phy_10g |        858 |        858 |       0 |    0 |  1034 |      0 |      0 |    0 |          0 |
|                 an.an_inst                                                                                               |                            v3_release_taxi_10gbe_frontend_0_0_taxi_eth_phy_10g_usxgmii_an_10 |         64 |         64 |       0 |    0 |    61 |      0 |      0 |    0 |          0 |
|                 an.rx_sync_ctrl_inst                                                                                     |                       v3_release_taxi_10gbe_frontend_0_0_taxi_sync_signal__parameterized1_11 |         13 |         13 |       0 |    0 |    10 |      0 |      0 |    0 |          0 |
|                 an.rx_sync_inst                                                                                          |                       v3_release_taxi_10gbe_frontend_0_0_taxi_sync_signal__parameterized3_12 |         21 |         21 |       0 |    0 |    54 |      0 |      0 |    0 |          0 |
|                 eth_mac_phy_10g_rx_inst                                                                                  |                                v3_release_taxi_10gbe_frontend_0_0_taxi_eth_mac_phy_10g_rx_13 |        708 |        708 |       0 |    0 |   690 |      0 |      0 |    0 |          0 |
|                   (eth_mac_phy_10g_rx_inst)                                                                              |                                v3_release_taxi_10gbe_frontend_0_0_taxi_eth_mac_phy_10g_rx_13 |         11 |         11 |       0 |    0 |     0 |      0 |      0 |    0 |          0 |
|                   axis_baser_rx_inst                                                                                     |                                  v3_release_taxi_10gbe_frontend_0_0_taxi_axis_baser_rx_64_17 |        361 |        361 |       0 |    0 |   426 |      0 |      0 |    0 |          0 |
|                     (axis_baser_rx_inst)                                                                                 |                                  v3_release_taxi_10gbe_frontend_0_0_taxi_axis_baser_rx_64_17 |        206 |        206 |       0 |    0 |   426 |      0 |      0 |    0 |          0 |
|                     eth_crc                                                                                              |                                                 v3_release_taxi_10gbe_frontend_0_0_taxi_lfsr |        157 |        157 |       0 |    0 |     0 |      0 |      0 |    0 |          0 |
|                   eth_phy_10g_rx_if_inst                                                                                 |                                 v3_release_taxi_10gbe_frontend_0_0_taxi_eth_phy_10g_rx_if_18 |        338 |        338 |       0 |    0 |   264 |      0 |      0 |    0 |          0 |
|                     (eth_phy_10g_rx_if_inst)                                                                             |                                 v3_release_taxi_10gbe_frontend_0_0_taxi_eth_phy_10g_rx_if_18 |        219 |        219 |       0 |    0 |   193 |      0 |      0 |    0 |          0 |
|                     descrambler_inst                                                                                     |                              v3_release_taxi_10gbe_frontend_0_0_taxi_lfsr__parameterized0_19 |         39 |         39 |       0 |    0 |     0 |      0 |      0 |    0 |          0 |
|                     eth_phy_10g_rx_ber_mon_inst                                                                          |                               v3_release_taxi_10gbe_frontend_0_0_taxi_eth_phy_10g_rx_ber_mon |         25 |         25 |       0 |    0 |    20 |      0 |      0 |    0 |          0 |
|                     eth_phy_10g_rx_frame_sync_inst                                                                       |                         v3_release_taxi_10gbe_frontend_0_0_taxi_eth_phy_10g_rx_frame_sync_20 |         19 |         19 |       0 |    0 |    15 |      0 |      0 |    0 |          0 |
|                     eth_phy_10g_rx_watchdog_inst                                                                         |                           v3_release_taxi_10gbe_frontend_0_0_taxi_eth_phy_10g_rx_watchdog_21 |         38 |         38 |       0 |    0 |    36 |      0 |      0 |    0 |          0 |
|                 eth_mac_phy_10g_tx_inst                                                                                  |                                v3_release_taxi_10gbe_frontend_0_0_taxi_eth_mac_phy_10g_tx_14 |         54 |         54 |       0 |    0 |   219 |      0 |      0 |    0 |          0 |
|                   (eth_mac_phy_10g_tx_inst)                                                                              |                                v3_release_taxi_10gbe_frontend_0_0_taxi_eth_mac_phy_10g_tx_14 |          3 |          3 |       0 |    0 |     0 |      0 |      0 |    0 |          0 |
|                   axis_baser_tx_inst                                                                                     |                                  v3_release_taxi_10gbe_frontend_0_0_taxi_axis_baser_tx_64_15 |         13 |         13 |       0 |    0 |    27 |      0 |      0 |    0 |          0 |
|                   eth_phy_10g_tx_if_inst                                                                                 |                                 v3_release_taxi_10gbe_frontend_0_0_taxi_eth_phy_10g_tx_if_16 |         38 |         38 |       0 |    0 |   192 |      0 |      0 |    0 |          0 |
|             ch[1].ch_inst                                                                                                |                    v3_release_taxi_10gbe_frontend_0_0_taxi_eth_mac_25g_us_ch__parameterized0 |        411 |        411 |       0 |    0 |   806 |      0 |      0 |    0 |          0 |
|               gt.gt_inst                                                                                                 |                 v3_release_taxi_10gbe_frontend_0_0_taxi_eth_phy_25g_us_gt_ll__parameterized0 |         61 |         61 |       0 |    0 |   162 |      0 |      0 |    0 |          0 |
|                 (gt.gt_inst)                                                                                             |                 v3_release_taxi_10gbe_frontend_0_0_taxi_eth_phy_25g_us_gt_ll__parameterized0 |         10 |         10 |       0 |    0 |    14 |      0 |      0 |    0 |          0 |
|                 common_ctrl.qpll_lock_sync_inst                                                                          |                          v3_release_taxi_10gbe_frontend_0_0_taxi_sync_signal__parameterized4 |          2 |          2 |       0 |    0 |     2 |      0 |      0 |    0 |          0 |
|                 ctrl_regs_inst                                                                                           |                v3_release_taxi_10gbe_frontend_0_0_taxi_eth_phy_25g_us_gt_apb__parameterized0 |          0 |          0 |       0 |    0 |     8 |      0 |      0 |    0 |          0 |
|                   rx_ctrl_sync_inst                                                                                      |                        v3_release_taxi_10gbe_frontend_0_0_taxi_sync_signal__parameterized1_9 |          0 |          0 |       0 |    0 |     2 |      0 |      0 |    0 |          0 |
|                   tx_ctrl_sync_inst                                                                                      |                          v3_release_taxi_10gbe_frontend_0_0_taxi_sync_signal__parameterized0 |          0 |          0 |       0 |    0 |     6 |      0 |      0 |    0 |          0 |
|                 gt_rx_reset_inst                                                                                         |                                          v3_release_taxi_10gbe_frontend_0_0_taxi_gt_rx_reset |         20 |         20 |       0 |    0 |    55 |      0 |      0 |    0 |          0 |
|                   (gt_rx_reset_inst)                                                                                     |                                          v3_release_taxi_10gbe_frontend_0_0_taxi_gt_rx_reset |         10 |         10 |       0 |    0 |    37 |      0 |      0 |    0 |          0 |
|                   gt_ctrl_sync_inst                                                                                      |                                        v3_release_taxi_10gbe_frontend_0_0_taxi_sync_signal_5 |          0 |          0 |       0 |    0 |     2 |      0 |      0 |    0 |          0 |
|                   gt_status_sync_inst                                                                                    |                        v3_release_taxi_10gbe_frontend_0_0_taxi_sync_signal__parameterized1_6 |         10 |         10 |       0 |    0 |     8 |      0 |      0 |    0 |          0 |
|                   gt_userclk_rx_active_sync_inst                                                                         |                                         v3_release_taxi_10gbe_frontend_0_0_taxi_sync_reset_7 |          0 |          0 |       0 |    0 |     4 |      0 |      0 |    0 |          0 |
|                   reset_sync_inst                                                                                        |                                         v3_release_taxi_10gbe_frontend_0_0_taxi_sync_reset_8 |          0 |          0 |       0 |    0 |     4 |      0 |      0 |    0 |          0 |
|                 gt_tx_reset_inst                                                                                         |                                          v3_release_taxi_10gbe_frontend_0_0_taxi_gt_tx_reset |         14 |         14 |       0 |    0 |    30 |      0 |      0 |    0 |          0 |
|                   (gt_tx_reset_inst)                                                                                     |                                          v3_release_taxi_10gbe_frontend_0_0_taxi_gt_tx_reset |          4 |          4 |       0 |    0 |    14 |      0 |      0 |    0 |          0 |
|                   gt_ctrl_sync_inst                                                                                      |                                          v3_release_taxi_10gbe_frontend_0_0_taxi_sync_signal |          0 |          0 |       0 |    0 |     2 |      0 |      0 |    0 |          0 |
|                   gt_status_sync_inst                                                                                    |                          v3_release_taxi_10gbe_frontend_0_0_taxi_sync_signal__parameterized2 |         10 |         10 |       0 |    0 |     6 |      0 |      0 |    0 |          0 |
|                   gt_userclk_tx_active_sync_inst                                                                         |                                         v3_release_taxi_10gbe_frontend_0_0_taxi_sync_reset_3 |          0 |          0 |       0 |    0 |     4 |      0 |      0 |    0 |          0 |
|                   reset_sync_inst                                                                                        |                                         v3_release_taxi_10gbe_frontend_0_0_taxi_sync_reset_4 |          0 |          0 |       0 |    0 |     4 |      0 |      0 |    0 |          0 |
|                 rx_reset_sync_inst                                                                                       |                                         v3_release_taxi_10gbe_frontend_0_0_taxi_sync_reset_1 |          1 |          1 |       0 |    0 |     4 |      0 |      0 |    0 |          0 |
|                 tx_reset_sync_inst                                                                                       |                                         v3_release_taxi_10gbe_frontend_0_0_taxi_sync_reset_2 |          4 |          4 |       0 |    0 |     4 |      0 |      0 |    0 |          0 |
|                 xcvr.gt_ch_inst                                                                                          |                                                                taxi_eth_phy_25g_us_gth_ll_ch |         10 |         10 |       0 |    0 |    45 |      0 |      0 |    0 |          0 |
|                   inst                                                                                                   |                                                   taxi_eth_phy_25g_us_gth_ll_ch_gtwizard_top |         10 |         10 |       0 |    0 |    45 |      0 |      0 |    0 |          0 |
|                     gen_gtwizard_gthe4_top.taxi_eth_phy_25g_us_gth_ll_ch_gtwizard_gthe4_inst                             |                                                 taxi_eth_phy_25g_us_gth_ll_ch_gtwizard_gthe4 |         10 |         10 |       0 |    0 |    45 |      0 |      0 |    0 |          0 |
|                       gen_gtwizard_gthe4.gen_channel_container[0].gen_enabled_channel.gthe4_channel_wrapper_inst         |                                          taxi_eth_phy_25g_us_gth_ll_ch_gthe4_channel_wrapper |          0 |          0 |       0 |    0 |     0 |      0 |      0 |    0 |          0 |
|                         channel_inst                                                                                     |                      taxi_eth_phy_25g_us_gth_ll_ch_gtwizard_ultrascale_v1_7_17_gthe4_channel |          0 |          0 |       0 |    0 |     0 |      0 |      0 |    0 |          0 |
|                       gen_gtwizard_gthe4.gen_pwrgood_delay_inst[0].delay_powergood_inst                                  |              taxi_eth_phy_25g_us_gth_ll_ch_gtwizard_ultrascale_v1_7_17_gthe4_delay_powergood |          4 |          4 |       0 |    0 |    15 |      0 |      0 |    0 |          0 |
|                       gen_gtwizard_gthe4.gen_rx_buffer_bypass_internal.gen_single_instance.gtwiz_buffbypass_rx_inst      |                taxi_eth_phy_25g_us_gth_ll_ch_gtwizard_ultrascale_v1_7_17_gtwiz_buffbypass_rx |          3 |          3 |       0 |    0 |    15 |      0 |      0 |    0 |          0 |
|                         (gen_gtwizard_gthe4.gen_rx_buffer_bypass_internal.gen_single_instance.gtwiz_buffbypass_rx_inst)  |                taxi_eth_phy_25g_us_gth_ll_ch_gtwizard_ultrascale_v1_7_17_gtwiz_buffbypass_rx |          0 |          0 |       0 |    0 |     5 |      0 |      0 |    0 |          0 |
|                         gen_gtwiz_buffbypass_rx_main.gen_auto_mode.bit_synchronizer_mastersyncdone_inst                  |                 taxi_eth_phy_25g_us_gth_ll_ch_gtwizard_ultrascale_v1_7_17_bit_synchronizer_2 |          1 |          1 |       0 |    0 |     5 |      0 |      0 |    0 |          0 |
|                         gen_gtwiz_buffbypass_rx_main.gen_auto_mode.reset_synchronizer_resetdone_inst                     |           taxi_eth_phy_25g_us_gth_ll_ch_gtwizard_ultrascale_v1_7_17_reset_inv_synchronizer_3 |          2 |          2 |       0 |    0 |     5 |      0 |      0 |    0 |          0 |
|                       gen_gtwizard_gthe4.gen_rx_user_clocking_internal.gen_single_instance.gtwiz_userclk_rx_inst         |                   taxi_eth_phy_25g_us_gth_ll_ch_gtwizard_ultrascale_v1_7_17_gtwiz_userclk_rx |          0 |          0 |       0 |    0 |     0 |      0 |      0 |    0 |          0 |
|                       gen_gtwizard_gthe4.gen_tx_buffer_bypass_internal.gen_single_instance.gtwiz_buffbypass_tx_inst      |                taxi_eth_phy_25g_us_gth_ll_ch_gtwizard_ultrascale_v1_7_17_gtwiz_buffbypass_tx |          3 |          3 |       0 |    0 |    15 |      0 |      0 |    0 |          0 |
|                         (gen_gtwizard_gthe4.gen_tx_buffer_bypass_internal.gen_single_instance.gtwiz_buffbypass_tx_inst)  |                taxi_eth_phy_25g_us_gth_ll_ch_gtwizard_ultrascale_v1_7_17_gtwiz_buffbypass_tx |          0 |          0 |       0 |    0 |     5 |      0 |      0 |    0 |          0 |
|                         gen_gtwiz_buffbypass_tx_main.gen_auto_mode.bit_synchronizer_master_syncdone_inst                 |                 taxi_eth_phy_25g_us_gth_ll_ch_gtwizard_ultrascale_v1_7_17_bit_synchronizer_0 |          1 |          1 |       0 |    0 |     5 |      0 |      0 |    0 |          0 |
|                         gen_gtwiz_buffbypass_tx_main.gen_auto_mode.reset_synchronizer_resetdone_inst                     |             taxi_eth_phy_25g_us_gth_ll_ch_gtwizard_ultrascale_v1_7_17_reset_inv_synchronizer |          2 |          2 |       0 |    0 |     5 |      0 |      0 |    0 |          0 |
|                       gen_gtwizard_gthe4.gen_tx_user_clocking_internal.gen_single_instance.gtwiz_userclk_tx_inst         |                   taxi_eth_phy_25g_us_gth_ll_ch_gtwizard_ultrascale_v1_7_17_gtwiz_userclk_tx |          0 |          0 |       0 |    0 |     0 |      0 |      0 |    0 |          0 |
|               mac.mac_phy_inst                                                                                           |                      v3_release_taxi_10gbe_frontend_0_0_taxi_eth_mac_phy_10g__parameterized0 |        352 |        352 |       0 |    0 |   644 |      0 |      0 |    0 |          0 |
|                 an.an_inst                                                                                               |                               v3_release_taxi_10gbe_frontend_0_0_taxi_eth_phy_10g_usxgmii_an |         63 |         63 |       0 |    0 |    61 |      0 |      0 |    0 |          0 |
|                 an.rx_sync_ctrl_inst                                                                                     |                          v3_release_taxi_10gbe_frontend_0_0_taxi_sync_signal__parameterized1 |         11 |         11 |       0 |    0 |    10 |      0 |      0 |    0 |          0 |
|                 an.rx_sync_inst                                                                                          |                          v3_release_taxi_10gbe_frontend_0_0_taxi_sync_signal__parameterized3 |         21 |         21 |       0 |    0 |    54 |      0 |      0 |    0 |          0 |
|                 eth_mac_phy_10g_rx_inst                                                                                  |                                   v3_release_taxi_10gbe_frontend_0_0_taxi_eth_mac_phy_10g_rx |        203 |        203 |       0 |    0 |   300 |      0 |      0 |    0 |          0 |
|                   (eth_mac_phy_10g_rx_inst)                                                                              |                                   v3_release_taxi_10gbe_frontend_0_0_taxi_eth_mac_phy_10g_rx |          8 |          8 |       0 |    0 |     0 |      0 |      0 |    0 |          0 |
|                   axis_baser_rx_inst                                                                                     |                                     v3_release_taxi_10gbe_frontend_0_0_taxi_axis_baser_rx_64 |         30 |         30 |       0 |    0 |    61 |      0 |      0 |    0 |          0 |
|                   eth_phy_10g_rx_if_inst                                                                                 |                                    v3_release_taxi_10gbe_frontend_0_0_taxi_eth_phy_10g_rx_if |        165 |        165 |       0 |    0 |   239 |      0 |      0 |    0 |          0 |
|                     (eth_phy_10g_rx_if_inst)                                                                             |                                    v3_release_taxi_10gbe_frontend_0_0_taxi_eth_phy_10g_rx_if |         77 |         77 |       0 |    0 |   193 |      0 |      0 |    0 |          0 |
|                     descrambler_inst                                                                                     |                                 v3_release_taxi_10gbe_frontend_0_0_taxi_lfsr__parameterized0 |         39 |         39 |       0 |    0 |     0 |      0 |      0 |    0 |          0 |
|                     eth_phy_10g_rx_frame_sync_inst                                                                       |                            v3_release_taxi_10gbe_frontend_0_0_taxi_eth_phy_10g_rx_frame_sync |         18 |         18 |       0 |    0 |    15 |      0 |      0 |    0 |          0 |
|                     eth_phy_10g_rx_watchdog_inst                                                                         |                              v3_release_taxi_10gbe_frontend_0_0_taxi_eth_phy_10g_rx_watchdog |         31 |         31 |       0 |    0 |    31 |      0 |      0 |    0 |          0 |
|                 eth_mac_phy_10g_tx_inst                                                                                  |                                   v3_release_taxi_10gbe_frontend_0_0_taxi_eth_mac_phy_10g_tx |         55 |         55 |       0 |    0 |   219 |      0 |      0 |    0 |          0 |
|                   (eth_mac_phy_10g_tx_inst)                                                                              |                                   v3_release_taxi_10gbe_frontend_0_0_taxi_eth_mac_phy_10g_tx |          3 |          3 |       0 |    0 |     0 |      0 |      0 |    0 |          0 |
|                   axis_baser_tx_inst                                                                                     |                                     v3_release_taxi_10gbe_frontend_0_0_taxi_axis_baser_tx_64 |         13 |         13 |       0 |    0 |    27 |      0 |      0 |    0 |          0 |
|                   eth_phy_10g_tx_if_inst                                                                                 |                                    v3_release_taxi_10gbe_frontend_0_0_taxi_eth_phy_10g_tx_if |         39 |         39 |       0 |    0 |   192 |      0 |      0 |    0 |          0 |
|             reset_sync_inst                                                                                              |                                         v3_release_taxi_10gbe_frontend_0_0_taxi_sync_reset_0 |          0 |          0 |       0 |    0 |     4 |      0 |      0 |    0 |          0 |
|           sfp_sync_reset_inst                                                                                            |                                           v3_release_taxi_10gbe_frontend_0_0_taxi_sync_reset |          0 |          0 |       0 |    0 |     4 |      0 |      0 |    0 |          0 |
|     taxi_ctrl_clk_wiz_0                                                                                                  |                                                             v3_release_taxi_ctrl_clk_wiz_0_0 |          0 |          0 |       0 |    0 |     0 |      0 |      0 |    0 |          0 |
|       inst                                                                                                               |                                                     v3_release_taxi_ctrl_clk_wiz_0_0_clk_wiz |          0 |          0 |       0 |    0 |     0 |      0 |      0 |    0 |          0 |
|     taxi_ctrl_reset_0                                                                                                    |                                                               v3_release_taxi_ctrl_reset_0_0 |         14 |         13 |       0 |    1 |    33 |      0 |      0 |    0 |          0 |
|       U0                                                                                                                 |                                                v3_release_taxi_ctrl_reset_0_0_proc_sys_reset |         14 |         13 |       0 |    1 |    33 |      0 |      0 |    0 |          0 |
|         (U0)                                                                                                             |                                                v3_release_taxi_ctrl_reset_0_0_proc_sys_reset |          0 |          0 |       0 |    0 |     1 |      0 |      0 |    0 |          0 |
|         EXT_LPF                                                                                                          |                                                           v3_release_taxi_ctrl_reset_0_0_lpf |          5 |          4 |       0 |    1 |    17 |      0 |      0 |    0 |          0 |
|           (EXT_LPF)                                                                                                      |                                                           v3_release_taxi_ctrl_reset_0_0_lpf |          2 |          1 |       0 |    1 |     9 |      0 |      0 |    0 |          0 |
|           ACTIVE_LOW_AUX.ACT_LO_AUX                                                                                      |                                                      v3_release_taxi_ctrl_reset_0_0_cdc_sync |          1 |          1 |       0 |    0 |     4 |      0 |      0 |    0 |          0 |
|           ACTIVE_LOW_EXT.ACT_LO_EXT                                                                                      |                                                    v3_release_taxi_ctrl_reset_0_0_cdc_sync_0 |          2 |          2 |       0 |    0 |     4 |      0 |      0 |    0 |          0 |
|         SEQ                                                                                                              |                                                  v3_release_taxi_ctrl_reset_0_0_sequence_psr |          9 |          9 |       0 |    0 |    15 |      0 |      0 |    0 |          0 |
|           (SEQ)                                                                                                          |                                                  v3_release_taxi_ctrl_reset_0_0_sequence_psr |          5 |          5 |       0 |    0 |     9 |      0 |      0 |    0 |          0 |
|           SEQ_COUNTER                                                                                                    |                                                       v3_release_taxi_ctrl_reset_0_0_upcnt_n |          4 |          4 |       0 |    0 |     6 |      0 |      0 |    0 |          0 |
|     taxi_rx_ila_0                                                                                                        |                                                                   v3_release_taxi_rx_ila_0_1 |       1257 |       1057 |       0 |  200 |  1953 |      5 |      0 |    0 |          0 |
|       (taxi_rx_ila_0)                                                                                                    |                                                                   v3_release_taxi_rx_ila_0_1 |          0 |          0 |       0 |    0 |     0 |      0 |      0 |    0 |          0 |
|       inst                                                                                                               |                                                   v3_release_taxi_rx_ila_0_1_ila_v6_2_14_ila |       1257 |       1057 |       0 |  200 |  1953 |      5 |      0 |    0 |          0 |
|         (inst)                                                                                                           |                                                   v3_release_taxi_rx_ila_0_1_ila_v6_2_14_ila |          1 |          1 |       0 |    0 |     6 |      0 |      0 |    0 |          0 |
|         ila_core_inst                                                                                                    |                                              v3_release_taxi_rx_ila_0_1_ila_v6_2_14_ila_core |       1256 |       1056 |       0 |  200 |  1947 |      5 |      0 |    0 |          0 |
|           (ila_core_inst)                                                                                                |                                              v3_release_taxi_rx_ila_0_1_ila_v6_2_14_ila_core |         48 |          0 |       0 |   48 |   132 |      0 |      0 |    0 |          0 |
|           ila_trace_memory_inst                                                                                          |                                      v3_release_taxi_rx_ila_0_1_ila_v6_2_14_ila_trace_memory |          0 |          0 |       0 |    0 |     0 |      5 |      0 |    0 |          0 |
|             SUBCORE_RAM_BLK_MEM_1.trace_block_memory                                                                     |                                                v3_release_taxi_rx_ila_0_1_blk_mem_gen_v8_4_7 |          0 |          0 |       0 |    0 |     0 |      5 |      0 |    0 |          0 |
|               inst_blk_mem_gen                                                                                           |                                          v3_release_taxi_rx_ila_0_1_blk_mem_gen_v8_4_7_synth |          0 |          0 |       0 |    0 |     0 |      5 |      0 |    0 |          0 |
|                 gnbram.gnativebmg.native_blk_mem_gen                                                                     |                                v3_release_taxi_rx_ila_0_1_blk_mem_gen_v8_4_7_blk_mem_gen_top |          0 |          0 |       0 |    0 |     0 |      5 |      0 |    0 |          0 |
|                   valid.cstr                                                                                             |                       v3_release_taxi_rx_ila_0_1_blk_mem_gen_v8_4_7_blk_mem_gen_generic_cstr |          0 |          0 |       0 |    0 |     0 |      5 |      0 |    0 |          0 |
|                     ramloop[0].ram.r                                                                                     |                         v3_release_taxi_rx_ila_0_1_blk_mem_gen_v8_4_7_blk_mem_gen_prim_width |          0 |          0 |       0 |    0 |     0 |      1 |      0 |    0 |          0 |
|                       prim_noinit.ram                                                                                    |                       v3_release_taxi_rx_ila_0_1_blk_mem_gen_v8_4_7_blk_mem_gen_prim_wrapper |          0 |          0 |       0 |    0 |     0 |      1 |      0 |    0 |          0 |
|                     ramloop[1].ram.r                                                                                     |         v3_release_taxi_rx_ila_0_1_blk_mem_gen_v8_4_7_blk_mem_gen_prim_width__parameterized0 |          0 |          0 |       0 |    0 |     0 |      1 |      0 |    0 |          0 |
|                       prim_noinit.ram                                                                                    |       v3_release_taxi_rx_ila_0_1_blk_mem_gen_v8_4_7_blk_mem_gen_prim_wrapper__parameterized0 |          0 |          0 |       0 |    0 |     0 |      1 |      0 |    0 |          0 |
|                     ramloop[2].ram.r                                                                                     |         v3_release_taxi_rx_ila_0_1_blk_mem_gen_v8_4_7_blk_mem_gen_prim_width__parameterized1 |          0 |          0 |       0 |    0 |     0 |      1 |      0 |    0 |          0 |
|                       prim_noinit.ram                                                                                    |       v3_release_taxi_rx_ila_0_1_blk_mem_gen_v8_4_7_blk_mem_gen_prim_wrapper__parameterized1 |          0 |          0 |       0 |    0 |     0 |      1 |      0 |    0 |          0 |
|                     ramloop[3].ram.r                                                                                     |         v3_release_taxi_rx_ila_0_1_blk_mem_gen_v8_4_7_blk_mem_gen_prim_width__parameterized2 |          0 |          0 |       0 |    0 |     0 |      1 |      0 |    0 |          0 |
|                       prim_noinit.ram                                                                                    |       v3_release_taxi_rx_ila_0_1_blk_mem_gen_v8_4_7_blk_mem_gen_prim_wrapper__parameterized2 |          0 |          0 |       0 |    0 |     0 |      1 |      0 |    0 |          0 |
|                     ramloop[4].ram.r                                                                                     |         v3_release_taxi_rx_ila_0_1_blk_mem_gen_v8_4_7_blk_mem_gen_prim_width__parameterized3 |          0 |          0 |       0 |    0 |     0 |      1 |      0 |    0 |          0 |
|                       prim_noinit.ram                                                                                    |       v3_release_taxi_rx_ila_0_1_blk_mem_gen_v8_4_7_blk_mem_gen_prim_wrapper__parameterized3 |          0 |          0 |       0 |    0 |     0 |      1 |      0 |    0 |          0 |
|           u_ila_cap_ctrl                                                                                                 |                                   v3_release_taxi_rx_ila_0_1_ila_v6_2_14_ila_cap_ctrl_legacy |         81 |         34 |       0 |   47 |   137 |      0 |      0 |    0 |          0 |
|             (u_ila_cap_ctrl)                                                                                             |                                   v3_release_taxi_rx_ila_0_1_ila_v6_2_14_ila_cap_ctrl_legacy |          2 |          2 |       0 |    0 |     3 |      0 |      0 |    0 |          0 |
|             U_CDONE                                                                                                      |                              v3_release_taxi_rx_ila_0_1_ltlib_v1_0_1_cfglut6__parameterized0 |          3 |          1 |       0 |    2 |     1 |      0 |      0 |    0 |          0 |
|             U_NS0                                                                                                        |                                              v3_release_taxi_rx_ila_0_1_ltlib_v1_0_1_cfglut7 |          5 |          1 |       0 |    4 |     1 |      0 |      0 |    0 |          0 |
|             U_NS1                                                                                                        |                                           v3_release_taxi_rx_ila_0_1_ltlib_v1_0_1_cfglut7__1 |          5 |          1 |       0 |    4 |     1 |      0 |      0 |    0 |          0 |
|             u_cap_addrgen                                                                                                |                                       v3_release_taxi_rx_ila_0_1_ila_v6_2_14_ila_cap_addrgen |         66 |         29 |       0 |   37 |   131 |      0 |      0 |    0 |          0 |
|               (u_cap_addrgen)                                                                                            |                                       v3_release_taxi_rx_ila_0_1_ila_v6_2_14_ila_cap_addrgen |          1 |          0 |       0 |    1 |    73 |      0 |      0 |    0 |          0 |
|               U_CMPRESET                                                                                                 |                                           v3_release_taxi_rx_ila_0_1_ltlib_v1_0_1_cfglut6__1 |          3 |          1 |       0 |    2 |     0 |      0 |      0 |    0 |          0 |
|               u_cap_sample_counter                                                                                       |                                v3_release_taxi_rx_ila_0_1_ila_v6_2_14_ila_cap_sample_counter |         33 |         20 |       0 |   13 |    23 |      0 |      0 |    0 |          0 |
|                 (u_cap_sample_counter)                                                                                   |                                v3_release_taxi_rx_ila_0_1_ila_v6_2_14_ila_cap_sample_counter |         19 |         19 |       0 |    0 |    12 |      0 |      0 |    0 |          0 |
|                 U_SCE                                                                                                    |                                           v3_release_taxi_rx_ila_0_1_ltlib_v1_0_1_cfglut4__1 |          1 |          0 |       0 |    1 |     0 |      0 |      0 |    0 |          0 |
|                 U_SCMPCE                                                                                                 |                                           v3_release_taxi_rx_ila_0_1_ltlib_v1_0_1_cfglut5__1 |          1 |          0 |       0 |    1 |     0 |      0 |      0 |    0 |          0 |
|                 U_SCRST                                                                                                  |                                              v3_release_taxi_rx_ila_0_1_ltlib_v1_0_1_cfglut6 |          3 |          1 |       0 |    2 |     0 |      0 |      0 |    0 |          0 |
|                 u_scnt_cmp                                                                                               |                                     v3_release_taxi_rx_ila_0_1_ltlib_v1_0_1_match_nodelay__1 |          9 |          0 |       0 |    9 |    11 |      0 |      0 |    0 |          0 |
|                   allx_typeA_match_detection.ltlib_v1_0_1_allx_typeA_inst                                                |                                v3_release_taxi_rx_ila_0_1_ltlib_v1_0_1_allx_typeA_nodelay_61 |          9 |          0 |       0 |    9 |    11 |      0 |      0 |    0 |          0 |
|                     (allx_typeA_match_detection.ltlib_v1_0_1_allx_typeA_inst)                                            |                                v3_release_taxi_rx_ila_0_1_ltlib_v1_0_1_allx_typeA_nodelay_61 |          0 |          0 |       0 |    0 |    11 |      0 |      0 |    0 |          0 |
|                     DUT                                                                                                  |                         v3_release_taxi_rx_ila_0_1_ltlib_v1_0_1_all_typeA__parameterized2_62 |          9 |          0 |       0 |    9 |     0 |      0 |      0 |    0 |          0 |
|                       (DUT)                                                                                              |                         v3_release_taxi_rx_ila_0_1_ltlib_v1_0_1_all_typeA__parameterized2_62 |          1 |          0 |       0 |    1 |     0 |      0 |      0 |    0 |          0 |
|                       I_WHOLE_SLICE.G_SLICE_IDX[0].U_ALL_SRL_SLICE                                                       |                   v3_release_taxi_rx_ila_0_1_ltlib_v1_0_1_all_typeA_slice__parameterized1_63 |          4 |          0 |       0 |    4 |     0 |      0 |      0 |    0 |          0 |
|                       I_WHOLE_SLICE.G_SLICE_IDX[1].U_ALL_SRL_SLICE                                                       |                   v3_release_taxi_rx_ila_0_1_ltlib_v1_0_1_all_typeA_slice__parameterized2_64 |          4 |          0 |       0 |    4 |     0 |      0 |      0 |    0 |          0 |
|               u_cap_window_counter                                                                                       |                                v3_release_taxi_rx_ila_0_1_ila_v6_2_14_ila_cap_window_counter |         30 |          9 |       0 |   21 |    35 |      0 |      0 |    0 |          0 |
|                 (u_cap_window_counter)                                                                                   |                                v3_release_taxi_rx_ila_0_1_ila_v6_2_14_ila_cap_window_counter |          9 |          9 |       0 |    0 |    13 |      0 |      0 |    0 |          0 |
|                 U_WCE                                                                                                    |                                              v3_release_taxi_rx_ila_0_1_ltlib_v1_0_1_cfglut4 |          1 |          0 |       0 |    1 |     0 |      0 |      0 |    0 |          0 |
|                 U_WHCMPCE                                                                                                |                                              v3_release_taxi_rx_ila_0_1_ltlib_v1_0_1_cfglut5 |          1 |          0 |       0 |    1 |     0 |      0 |      0 |    0 |          0 |
|                 U_WLCMPCE                                                                                                |                                           v3_release_taxi_rx_ila_0_1_ltlib_v1_0_1_cfglut5__2 |          1 |          0 |       0 |    1 |     0 |      0 |      0 |    0 |          0 |
|                 u_wcnt_hcmp                                                                                              |                                        v3_release_taxi_rx_ila_0_1_ltlib_v1_0_1_match_nodelay |          9 |          0 |       0 |    9 |    11 |      0 |      0 |    0 |          0 |
|                   allx_typeA_match_detection.ltlib_v1_0_1_allx_typeA_inst                                                |                                   v3_release_taxi_rx_ila_0_1_ltlib_v1_0_1_allx_typeA_nodelay |          9 |          0 |       0 |    9 |    11 |      0 |      0 |    0 |          0 |
|                     (allx_typeA_match_detection.ltlib_v1_0_1_allx_typeA_inst)                                            |                                   v3_release_taxi_rx_ila_0_1_ltlib_v1_0_1_allx_typeA_nodelay |          0 |          0 |       0 |    0 |    11 |      0 |      0 |    0 |          0 |
|                     DUT                                                                                                  |                            v3_release_taxi_rx_ila_0_1_ltlib_v1_0_1_all_typeA__parameterized2 |          9 |          0 |       0 |    9 |     0 |      0 |      0 |    0 |          0 |
|                       (DUT)                                                                                              |                            v3_release_taxi_rx_ila_0_1_ltlib_v1_0_1_all_typeA__parameterized2 |          1 |          0 |       0 |    1 |     0 |      0 |      0 |    0 |          0 |
|                       I_WHOLE_SLICE.G_SLICE_IDX[0].U_ALL_SRL_SLICE                                                       |                      v3_release_taxi_rx_ila_0_1_ltlib_v1_0_1_all_typeA_slice__parameterized1 |          4 |          0 |       0 |    4 |     0 |      0 |      0 |    0 |          0 |
|                       I_WHOLE_SLICE.G_SLICE_IDX[1].U_ALL_SRL_SLICE                                                       |                      v3_release_taxi_rx_ila_0_1_ltlib_v1_0_1_all_typeA_slice__parameterized2 |          4 |          0 |       0 |    4 |     0 |      0 |      0 |    0 |          0 |
|                 u_wcnt_lcmp                                                                                              |                                     v3_release_taxi_rx_ila_0_1_ltlib_v1_0_1_match_nodelay__2 |          9 |          0 |       0 |    9 |    11 |      0 |      0 |    0 |          0 |
|                   allx_typeA_match_detection.ltlib_v1_0_1_allx_typeA_inst                                                |                                v3_release_taxi_rx_ila_0_1_ltlib_v1_0_1_allx_typeA_nodelay_57 |          9 |          0 |       0 |    9 |    11 |      0 |      0 |    0 |          0 |
|                     (allx_typeA_match_detection.ltlib_v1_0_1_allx_typeA_inst)                                            |                                v3_release_taxi_rx_ila_0_1_ltlib_v1_0_1_allx_typeA_nodelay_57 |          0 |          0 |       0 |    0 |    11 |      0 |      0 |    0 |          0 |
|                     DUT                                                                                                  |                         v3_release_taxi_rx_ila_0_1_ltlib_v1_0_1_all_typeA__parameterized2_58 |          9 |          0 |       0 |    9 |     0 |      0 |      0 |    0 |          0 |
|                       (DUT)                                                                                              |                         v3_release_taxi_rx_ila_0_1_ltlib_v1_0_1_all_typeA__parameterized2_58 |          1 |          0 |       0 |    1 |     0 |      0 |      0 |    0 |          0 |
|                       I_WHOLE_SLICE.G_SLICE_IDX[0].U_ALL_SRL_SLICE                                                       |                   v3_release_taxi_rx_ila_0_1_ltlib_v1_0_1_all_typeA_slice__parameterized1_59 |          4 |          0 |       0 |    4 |     0 |      0 |      0 |    0 |          0 |
|                       I_WHOLE_SLICE.G_SLICE_IDX[1].U_ALL_SRL_SLICE                                                       |                   v3_release_taxi_rx_ila_0_1_ltlib_v1_0_1_all_typeA_slice__parameterized2_60 |          4 |          0 |       0 |    4 |     0 |      0 |      0 |    0 |          0 |
|           u_ila_regs                                                                                                     |                                          v3_release_taxi_rx_ila_0_1_ila_v6_2_14_ila_register |        904 |        903 |       0 |    1 |  1310 |      0 |      0 |    0 |          0 |
|             (u_ila_regs)                                                                                                 |                                          v3_release_taxi_rx_ila_0_1_ila_v6_2_14_ila_register |        323 |        322 |       0 |    1 |   161 |      0 |      0 |    0 |          0 |
|             MU_SRL[0].mu_srl_reg                                                                                         |                                              v3_release_taxi_rx_ila_0_1_xsdbs_v1_0_3_reg_p2s |         32 |         32 |       0 |    0 |    43 |      0 |      0 |    0 |          0 |
|             MU_SRL[10].mu_srl_reg                                                                                        |                              v3_release_taxi_rx_ila_0_1_xsdbs_v1_0_3_reg_p2s__parameterized9 |         31 |         31 |       0 |    0 |    43 |      0 |      0 |    0 |          0 |
|             MU_SRL[11].mu_srl_reg                                                                                        |                             v3_release_taxi_rx_ila_0_1_xsdbs_v1_0_3_reg_p2s__parameterized10 |         32 |         32 |       0 |    0 |    43 |      0 |      0 |    0 |          0 |
|             MU_SRL[12].mu_srl_reg                                                                                        |                             v3_release_taxi_rx_ila_0_1_xsdbs_v1_0_3_reg_p2s__parameterized11 |         32 |         32 |       0 |    0 |    43 |      0 |      0 |    0 |          0 |
|             MU_SRL[1].mu_srl_reg                                                                                         |                              v3_release_taxi_rx_ila_0_1_xsdbs_v1_0_3_reg_p2s__parameterized0 |         32 |         32 |       0 |    0 |    43 |      0 |      0 |    0 |          0 |
|             MU_SRL[2].mu_srl_reg                                                                                         |                              v3_release_taxi_rx_ila_0_1_xsdbs_v1_0_3_reg_p2s__parameterized1 |         32 |         32 |       0 |    0 |    43 |      0 |      0 |    0 |          0 |
|             MU_SRL[3].mu_srl_reg                                                                                         |                              v3_release_taxi_rx_ila_0_1_xsdbs_v1_0_3_reg_p2s__parameterized2 |         32 |         32 |       0 |    0 |    43 |      0 |      0 |    0 |          0 |
|             MU_SRL[4].mu_srl_reg                                                                                         |                              v3_release_taxi_rx_ila_0_1_xsdbs_v1_0_3_reg_p2s__parameterized3 |         31 |         31 |       0 |    0 |    43 |      0 |      0 |    0 |          0 |
|             MU_SRL[5].mu_srl_reg                                                                                         |                              v3_release_taxi_rx_ila_0_1_xsdbs_v1_0_3_reg_p2s__parameterized4 |         32 |         32 |       0 |    0 |    43 |      0 |      0 |    0 |          0 |
|             MU_SRL[6].mu_srl_reg                                                                                         |                              v3_release_taxi_rx_ila_0_1_xsdbs_v1_0_3_reg_p2s__parameterized5 |         32 |         32 |       0 |    0 |    43 |      0 |      0 |    0 |          0 |
|             MU_SRL[7].mu_srl_reg                                                                                         |                              v3_release_taxi_rx_ila_0_1_xsdbs_v1_0_3_reg_p2s__parameterized6 |         32 |         32 |       0 |    0 |    43 |      0 |      0 |    0 |          0 |
|             MU_SRL[8].mu_srl_reg                                                                                         |                              v3_release_taxi_rx_ila_0_1_xsdbs_v1_0_3_reg_p2s__parameterized7 |         31 |         31 |       0 |    0 |    43 |      0 |      0 |    0 |          0 |
|             MU_SRL[9].mu_srl_reg                                                                                         |                              v3_release_taxi_rx_ila_0_1_xsdbs_v1_0_3_reg_p2s__parameterized8 |         32 |         32 |       0 |    0 |    43 |      0 |      0 |    0 |          0 |
|             TC_SRL[0].tc_srl_reg                                                                                         |                             v3_release_taxi_rx_ila_0_1_xsdbs_v1_0_3_reg_p2s__parameterized12 |         31 |         31 |       0 |    0 |    43 |      0 |      0 |    0 |          0 |
|             U_XSDB_SLAVE                                                                                                 |                                                v3_release_taxi_rx_ila_0_1_xsdbs_v1_0_3_xsdbs |         76 |         76 |       0 |    0 |   213 |      0 |      0 |    0 |          0 |
|             reg_15                                                                                                       |                                 v3_release_taxi_rx_ila_0_1_xsdbs_v1_0_3_reg__parameterized50 |          3 |          3 |       0 |    0 |    16 |      0 |      0 |    0 |          0 |
|               I_EN_CTL_EQ1.U_CTL                                                                                         |                                           v3_release_taxi_rx_ila_0_1_xsdbs_v1_0_3_reg_ctl_53 |          3 |          3 |       0 |    0 |    16 |      0 |      0 |    0 |          0 |
|             reg_16                                                                                                       |                                 v3_release_taxi_rx_ila_0_1_xsdbs_v1_0_3_reg__parameterized51 |          3 |          3 |       0 |    0 |    16 |      0 |      0 |    0 |          0 |
|               I_EN_CTL_EQ1.U_CTL                                                                                         |                                           v3_release_taxi_rx_ila_0_1_xsdbs_v1_0_3_reg_ctl_52 |          3 |          3 |       0 |    0 |    16 |      0 |      0 |    0 |          0 |
|             reg_17                                                                                                       |                                 v3_release_taxi_rx_ila_0_1_xsdbs_v1_0_3_reg__parameterized52 |          3 |          3 |       0 |    0 |    16 |      0 |      0 |    0 |          0 |
|               I_EN_CTL_EQ1.U_CTL                                                                                         |                                           v3_release_taxi_rx_ila_0_1_xsdbs_v1_0_3_reg_ctl_51 |          3 |          3 |       0 |    0 |    16 |      0 |      0 |    0 |          0 |
|             reg_18                                                                                                       |                                 v3_release_taxi_rx_ila_0_1_xsdbs_v1_0_3_reg__parameterized53 |          3 |          3 |       0 |    0 |    16 |      0 |      0 |    0 |          0 |
|               I_EN_CTL_EQ1.U_CTL                                                                                         |                                           v3_release_taxi_rx_ila_0_1_xsdbs_v1_0_3_reg_ctl_50 |          3 |          3 |       0 |    0 |    16 |      0 |      0 |    0 |          0 |
|             reg_19                                                                                                       |                                 v3_release_taxi_rx_ila_0_1_xsdbs_v1_0_3_reg__parameterized54 |          3 |          3 |       0 |    0 |    16 |      0 |      0 |    0 |          0 |
|               I_EN_CTL_EQ1.U_CTL                                                                                         |                                           v3_release_taxi_rx_ila_0_1_xsdbs_v1_0_3_reg_ctl_49 |          3 |          3 |       0 |    0 |    16 |      0 |      0 |    0 |          0 |
|             reg_1a                                                                                                       |                                 v3_release_taxi_rx_ila_0_1_xsdbs_v1_0_3_reg__parameterized55 |          3 |          3 |       0 |    0 |    16 |      0 |      0 |    0 |          0 |
|               I_EN_CTL_EQ1.U_CTL                                                                                         |                           v3_release_taxi_rx_ila_0_1_xsdbs_v1_0_3_reg_ctl__parameterized1_48 |          3 |          3 |       0 |    0 |    16 |      0 |      0 |    0 |          0 |
|             reg_6                                                                                                        |                                 v3_release_taxi_rx_ila_0_1_xsdbs_v1_0_3_reg__parameterized35 |          3 |          3 |       0 |    0 |    16 |      0 |      0 |    0 |          0 |
|               I_EN_CTL_EQ1.U_CTL                                                                                         |                                           v3_release_taxi_rx_ila_0_1_xsdbs_v1_0_3_reg_ctl_56 |          3 |          3 |       0 |    0 |    16 |      0 |      0 |    0 |          0 |
|             reg_7                                                                                                        |                                 v3_release_taxi_rx_ila_0_1_xsdbs_v1_0_3_reg__parameterized36 |          3 |          3 |       0 |    0 |    16 |      0 |      0 |    0 |          0 |
|               I_EN_CTL_EQ1.U_CTL                                                                                         |                              v3_release_taxi_rx_ila_0_1_xsdbs_v1_0_3_reg_ctl__parameterized0 |          3 |          3 |       0 |    0 |    16 |      0 |      0 |    0 |          0 |
|             reg_8                                                                                                        |                                 v3_release_taxi_rx_ila_0_1_xsdbs_v1_0_3_reg__parameterized37 |          0 |          0 |       0 |    0 |     5 |      0 |      0 |    0 |          0 |
|               I_EN_STAT_EQ1.U_STAT                                                                                       |                                          v3_release_taxi_rx_ila_0_1_xsdbs_v1_0_3_reg_stat_55 |          0 |          0 |       0 |    0 |     5 |      0 |      0 |    0 |          0 |
|             reg_80                                                                                                       |                                 v3_release_taxi_rx_ila_0_1_xsdbs_v1_0_3_reg__parameterized56 |          3 |          3 |       0 |    0 |    16 |      0 |      0 |    0 |          0 |
|               I_EN_CTL_EQ1.U_CTL                                                                                         |                           v3_release_taxi_rx_ila_0_1_xsdbs_v1_0_3_reg_ctl__parameterized1_47 |          3 |          3 |       0 |    0 |    16 |      0 |      0 |    0 |          0 |
|             reg_81                                                                                                       |                                 v3_release_taxi_rx_ila_0_1_xsdbs_v1_0_3_reg__parameterized57 |          3 |          3 |       0 |    0 |    16 |      0 |      0 |    0 |          0 |
|               I_EN_CTL_EQ1.U_CTL                                                                                         |                                           v3_release_taxi_rx_ila_0_1_xsdbs_v1_0_3_reg_ctl_46 |          3 |          3 |       0 |    0 |    16 |      0 |      0 |    0 |          0 |
|             reg_82                                                                                                       |                                 v3_release_taxi_rx_ila_0_1_xsdbs_v1_0_3_reg__parameterized58 |          3 |          3 |       0 |    0 |    16 |      0 |      0 |    0 |          0 |
|               I_EN_CTL_EQ1.U_CTL                                                                                         |                              v3_release_taxi_rx_ila_0_1_xsdbs_v1_0_3_reg_ctl__parameterized1 |          3 |          3 |       0 |    0 |    16 |      0 |      0 |    0 |          0 |
|             reg_83                                                                                                       |                                 v3_release_taxi_rx_ila_0_1_xsdbs_v1_0_3_reg__parameterized59 |          3 |          3 |       0 |    0 |    16 |      0 |      0 |    0 |          0 |
|               I_EN_CTL_EQ1.U_CTL                                                                                         |                                           v3_release_taxi_rx_ila_0_1_xsdbs_v1_0_3_reg_ctl_45 |          3 |          3 |       0 |    0 |    16 |      0 |      0 |    0 |          0 |
|             reg_84                                                                                                       |                                 v3_release_taxi_rx_ila_0_1_xsdbs_v1_0_3_reg__parameterized60 |          3 |          3 |       0 |    0 |    16 |      0 |      0 |    0 |          0 |
|               I_EN_CTL_EQ1.U_CTL                                                                                         |                                           v3_release_taxi_rx_ila_0_1_xsdbs_v1_0_3_reg_ctl_44 |          3 |          3 |       0 |    0 |    16 |      0 |      0 |    0 |          0 |
|             reg_85                                                                                                       |                                 v3_release_taxi_rx_ila_0_1_xsdbs_v1_0_3_reg__parameterized61 |          3 |          3 |       0 |    0 |    16 |      0 |      0 |    0 |          0 |
|               I_EN_CTL_EQ1.U_CTL                                                                                         |                                           v3_release_taxi_rx_ila_0_1_xsdbs_v1_0_3_reg_ctl_43 |          3 |          3 |       0 |    0 |    16 |      0 |      0 |    0 |          0 |
|             reg_887                                                                                                      |                                 v3_release_taxi_rx_ila_0_1_xsdbs_v1_0_3_reg__parameterized63 |          1 |          1 |       0 |    0 |     1 |      0 |      0 |    0 |          0 |
|               I_EN_STAT_EQ1.U_STAT                                                                                       |                                          v3_release_taxi_rx_ila_0_1_xsdbs_v1_0_3_reg_stat_42 |          1 |          1 |       0 |    0 |     1 |      0 |      0 |    0 |          0 |
|             reg_88d                                                                                                      |                                 v3_release_taxi_rx_ila_0_1_xsdbs_v1_0_3_reg__parameterized65 |          0 |          0 |       0 |    0 |     2 |      0 |      0 |    0 |          0 |
|               I_EN_STAT_EQ1.U_STAT                                                                                       |                                          v3_release_taxi_rx_ila_0_1_xsdbs_v1_0_3_reg_stat_41 |          0 |          0 |       0 |    0 |     2 |      0 |      0 |    0 |          0 |
|             reg_890                                                                                                      |                                 v3_release_taxi_rx_ila_0_1_xsdbs_v1_0_3_reg__parameterized68 |          0 |          0 |       0 |    0 |    16 |      0 |      0 |    0 |          0 |
|               (reg_890)                                                                                                  |                                 v3_release_taxi_rx_ila_0_1_xsdbs_v1_0_3_reg__parameterized68 |          0 |          0 |       0 |    0 |     0 |      0 |      0 |    0 |          0 |
|               I_EN_STAT_EQ1.U_STAT                                                                                       |                                          v3_release_taxi_rx_ila_0_1_xsdbs_v1_0_3_reg_stat_40 |          0 |          0 |       0 |    0 |    16 |      0 |      0 |    0 |          0 |
|             reg_9                                                                                                        |                                 v3_release_taxi_rx_ila_0_1_xsdbs_v1_0_3_reg__parameterized38 |          0 |          0 |       0 |    0 |    11 |      0 |      0 |    0 |          0 |
|               I_EN_STAT_EQ1.U_STAT                                                                                       |                                          v3_release_taxi_rx_ila_0_1_xsdbs_v1_0_3_reg_stat_54 |          0 |          0 |       0 |    0 |    11 |      0 |      0 |    0 |          0 |
|             reg_srl_fff                                                                                                  |                             v3_release_taxi_rx_ila_0_1_xsdbs_v1_0_3_reg_p2s__parameterized13 |         32 |         32 |       0 |    0 |    43 |      0 |      0 |    0 |          0 |
|             reg_stream_ffd                                                                                               |                                           v3_release_taxi_rx_ila_0_1_xsdbs_v1_0_3_reg_stream |          3 |          3 |       0 |    0 |    16 |      0 |      0 |    0 |          0 |
|               I_EN_CTL_EQ1.U_CTL                                                                                         |                                              v3_release_taxi_rx_ila_0_1_xsdbs_v1_0_3_reg_ctl |          3 |          3 |       0 |    0 |    16 |      0 |      0 |    0 |          0 |
|             reg_stream_ffe                                                                                               |                           v3_release_taxi_rx_ila_0_1_xsdbs_v1_0_3_reg_stream__parameterized0 |          3 |          3 |       0 |    0 |    16 |      0 |      0 |    0 |          0 |
|               (reg_stream_ffe)                                                                                           |                           v3_release_taxi_rx_ila_0_1_xsdbs_v1_0_3_reg_stream__parameterized0 |          3 |          3 |       0 |    0 |     0 |      0 |      0 |    0 |          0 |
|               I_EN_STAT_EQ1.U_STAT                                                                                       |                                             v3_release_taxi_rx_ila_0_1_xsdbs_v1_0_3_reg_stat |          0 |          0 |       0 |    0 |    16 |      0 |      0 |    0 |          0 |
|           u_ila_reset_ctrl                                                                                               |                                        v3_release_taxi_rx_ila_0_1_ila_v6_2_14_ila_reset_ctrl |          9 |          9 |       0 |    0 |    34 |      0 |      0 |    0 |          0 |
|             (u_ila_reset_ctrl)                                                                                           |                                        v3_release_taxi_rx_ila_0_1_ila_v6_2_14_ila_reset_ctrl |          3 |          3 |       0 |    0 |     8 |      0 |      0 |    0 |          0 |
|             arm_detection_inst                                                                                           |                                v3_release_taxi_rx_ila_0_1_ltlib_v1_0_1_rising_edge_detection |          1 |          1 |       0 |    0 |     3 |      0 |      0 |    0 |          0 |
|             asyncrounous_transfer.arm_in_transfer_inst                                                                   |                                   v3_release_taxi_rx_ila_0_1_ltlib_v1_0_1_async_edge_xfer__2 |          1 |          1 |       0 |    0 |     5 |      0 |      0 |    0 |          0 |
|             asyncrounous_transfer.arm_out_transfer_inst                                                                  |                                   v3_release_taxi_rx_ila_0_1_ltlib_v1_0_1_async_edge_xfer__3 |          1 |          1 |       0 |    0 |     5 |      0 |      0 |    0 |          0 |
|             asyncrounous_transfer.halt_in_transfer_inst                                                                  |                                   v3_release_taxi_rx_ila_0_1_ltlib_v1_0_1_async_edge_xfer__1 |          1 |          1 |       0 |    0 |     5 |      0 |      0 |    0 |          0 |
|             asyncrounous_transfer.halt_out_transfer_inst                                                                 |                                      v3_release_taxi_rx_ila_0_1_ltlib_v1_0_1_async_edge_xfer |          1 |          1 |       0 |    0 |     5 |      0 |      0 |    0 |          0 |
|             halt_detection_inst                                                                                          |                             v3_release_taxi_rx_ila_0_1_ltlib_v1_0_1_rising_edge_detection__1 |          1 |          1 |       0 |    0 |     3 |      0 |      0 |    0 |          0 |
|           u_trig                                                                                                         |                                           v3_release_taxi_rx_ila_0_1_ila_v6_2_14_ila_trigger |        148 |         46 |       0 |  102 |   220 |      0 |      0 |    0 |          0 |
|             (u_trig)                                                                                                     |                                           v3_release_taxi_rx_ila_0_1_ila_v6_2_14_ila_trigger |          1 |          1 |       0 |    0 |     1 |      0 |      0 |    0 |          0 |
|             N_DDR_TC.N_DDR_TC_INST[0].U_TC                                                                               |                                                v3_release_taxi_rx_ila_0_1_ltlib_v1_0_1_match |          9 |          0 |       0 |    9 |    15 |      0 |      0 |    0 |          0 |
|               (N_DDR_TC.N_DDR_TC_INST[0].U_TC)                                                                           |                                                v3_release_taxi_rx_ila_0_1_ltlib_v1_0_1_match |          0 |          0 |       0 |    0 |     1 |      0 |      0 |    0 |          0 |
|               allx_typeA_match_detection.ltlib_v1_0_1_allx_typeA_inst                                                    |                                           v3_release_taxi_rx_ila_0_1_ltlib_v1_0_1_allx_typeA |          9 |          0 |       0 |    9 |    14 |      0 |      0 |    0 |          0 |
|                 (allx_typeA_match_detection.ltlib_v1_0_1_allx_typeA_inst)                                                |                                           v3_release_taxi_rx_ila_0_1_ltlib_v1_0_1_allx_typeA |          0 |          0 |       0 |    0 |    13 |      0 |      0 |    0 |          0 |
|                 DUT                                                                                                      |                                            v3_release_taxi_rx_ila_0_1_ltlib_v1_0_1_all_typeA |          9 |          0 |       0 |    9 |     1 |      0 |      0 |    0 |          0 |
|                   (DUT)                                                                                                  |                                            v3_release_taxi_rx_ila_0_1_ltlib_v1_0_1_all_typeA |          1 |          0 |       0 |    1 |     0 |      0 |      0 |    0 |          0 |
|                   I_WHOLE_SLICE.G_SLICE_IDX[0].U_ALL_SRL_SLICE                                                           |                                   v3_release_taxi_rx_ila_0_1_ltlib_v1_0_1_all_typeA_slice_38 |          4 |          0 |       0 |    4 |     0 |      0 |      0 |    0 |          0 |
|                   I_WHOLE_SLICE.G_SLICE_IDX[1].U_ALL_SRL_SLICE                                                           |                   v3_release_taxi_rx_ila_0_1_ltlib_v1_0_1_all_typeA_slice__parameterized0_39 |          4 |          0 |       0 |    4 |     1 |      0 |      0 |    0 |          0 |
|             U_TM                                                                                                         |                                        v3_release_taxi_rx_ila_0_1_ila_v6_2_14_ila_trig_match |        138 |         45 |       0 |   93 |   204 |      0 |      0 |    0 |          0 |
|               (U_TM)                                                                                                     |                                        v3_release_taxi_rx_ila_0_1_ila_v6_2_14_ila_trig_match |         45 |         45 |       0 |    0 |     0 |      0 |      0 |    0 |          0 |
|               N_DDR_MODE.G_NMU[0].U_M                                                                                    |                             v3_release_taxi_rx_ila_0_1_ltlib_v1_0_1_match__parameterized0__1 |          5 |          0 |       0 |    5 |     4 |      0 |      0 |    0 |          0 |
|                 (N_DDR_MODE.G_NMU[0].U_M)                                                                                |                             v3_release_taxi_rx_ila_0_1_ltlib_v1_0_1_match__parameterized0__1 |          0 |          0 |       0 |    0 |     1 |      0 |      0 |    0 |          0 |
|                 allx_typeA_match_detection.ltlib_v1_0_1_allx_typeA_inst                                                  |                        v3_release_taxi_rx_ila_0_1_ltlib_v1_0_1_allx_typeA__parameterized0_35 |          5 |          0 |       0 |    5 |     3 |      0 |      0 |    0 |          0 |
|                   (allx_typeA_match_detection.ltlib_v1_0_1_allx_typeA_inst)                                              |                        v3_release_taxi_rx_ila_0_1_ltlib_v1_0_1_allx_typeA__parameterized0_35 |          0 |          0 |       0 |    0 |     2 |      0 |      0 |    0 |          0 |
|                   DUT                                                                                                    |                         v3_release_taxi_rx_ila_0_1_ltlib_v1_0_1_all_typeA__parameterized0_36 |          5 |          0 |       0 |    5 |     1 |      0 |      0 |    0 |          0 |
|                     (DUT)                                                                                                |                         v3_release_taxi_rx_ila_0_1_ltlib_v1_0_1_all_typeA__parameterized0_36 |          1 |          0 |       0 |    1 |     0 |      0 |      0 |    0 |          0 |
|                     I_WHOLE_SLICE.G_SLICE_IDX[0].U_ALL_SRL_SLICE                                                         |                   v3_release_taxi_rx_ila_0_1_ltlib_v1_0_1_all_typeA_slice__parameterized0_37 |          4 |          0 |       0 |    4 |     1 |      0 |      0 |    0 |          0 |
|               N_DDR_MODE.G_NMU[10].U_M                                                                                   |                             v3_release_taxi_rx_ila_0_1_ltlib_v1_0_1_match__parameterized0__8 |          5 |          0 |       0 |    5 |     4 |      0 |      0 |    0 |          0 |
|                 (N_DDR_MODE.G_NMU[10].U_M)                                                                               |                             v3_release_taxi_rx_ila_0_1_ltlib_v1_0_1_match__parameterized0__8 |          0 |          0 |       0 |    0 |     1 |      0 |      0 |    0 |          0 |
|                 allx_typeA_match_detection.ltlib_v1_0_1_allx_typeA_inst                                                  |                         v3_release_taxi_rx_ila_0_1_ltlib_v1_0_1_allx_typeA__parameterized0_3 |          5 |          0 |       0 |    5 |     3 |      0 |      0 |    0 |          0 |
|                   (allx_typeA_match_detection.ltlib_v1_0_1_allx_typeA_inst)                                              |                         v3_release_taxi_rx_ila_0_1_ltlib_v1_0_1_allx_typeA__parameterized0_3 |          0 |          0 |       0 |    0 |     2 |      0 |      0 |    0 |          0 |
|                   DUT                                                                                                    |                          v3_release_taxi_rx_ila_0_1_ltlib_v1_0_1_all_typeA__parameterized0_4 |          5 |          0 |       0 |    5 |     1 |      0 |      0 |    0 |          0 |
|                     (DUT)                                                                                                |                          v3_release_taxi_rx_ila_0_1_ltlib_v1_0_1_all_typeA__parameterized0_4 |          1 |          0 |       0 |    1 |     0 |      0 |      0 |    0 |          0 |
|                     I_WHOLE_SLICE.G_SLICE_IDX[0].U_ALL_SRL_SLICE                                                         |                    v3_release_taxi_rx_ila_0_1_ltlib_v1_0_1_all_typeA_slice__parameterized0_5 |          4 |          0 |       0 |    4 |     1 |      0 |      0 |    0 |          0 |
|               N_DDR_MODE.G_NMU[11].U_M                                                                                   |                             v3_release_taxi_rx_ila_0_1_ltlib_v1_0_1_match__parameterized0__9 |          5 |          0 |       0 |    5 |     4 |      0 |      0 |    0 |          0 |
|                 (N_DDR_MODE.G_NMU[11].U_M)                                                                               |                             v3_release_taxi_rx_ila_0_1_ltlib_v1_0_1_match__parameterized0__9 |          0 |          0 |       0 |    0 |     1 |      0 |      0 |    0 |          0 |
|                 allx_typeA_match_detection.ltlib_v1_0_1_allx_typeA_inst                                                  |                         v3_release_taxi_rx_ila_0_1_ltlib_v1_0_1_allx_typeA__parameterized0_0 |          5 |          0 |       0 |    5 |     3 |      0 |      0 |    0 |          0 |
|                   (allx_typeA_match_detection.ltlib_v1_0_1_allx_typeA_inst)                                              |                         v3_release_taxi_rx_ila_0_1_ltlib_v1_0_1_allx_typeA__parameterized0_0 |          0 |          0 |       0 |    0 |     2 |      0 |      0 |    0 |          0 |
|                   DUT                                                                                                    |                          v3_release_taxi_rx_ila_0_1_ltlib_v1_0_1_all_typeA__parameterized0_1 |          5 |          0 |       0 |    5 |     1 |      0 |      0 |    0 |          0 |
|                     (DUT)                                                                                                |                          v3_release_taxi_rx_ila_0_1_ltlib_v1_0_1_all_typeA__parameterized0_1 |          1 |          0 |       0 |    1 |     0 |      0 |      0 |    0 |          0 |
|                     I_WHOLE_SLICE.G_SLICE_IDX[0].U_ALL_SRL_SLICE                                                         |                    v3_release_taxi_rx_ila_0_1_ltlib_v1_0_1_all_typeA_slice__parameterized0_2 |          4 |          0 |       0 |    4 |     1 |      0 |      0 |    0 |          0 |
|               N_DDR_MODE.G_NMU[12].U_M                                                                                   |                                v3_release_taxi_rx_ila_0_1_ltlib_v1_0_1_match__parameterized0 |          5 |          0 |       0 |    5 |     4 |      0 |      0 |    0 |          0 |
|                 (N_DDR_MODE.G_NMU[12].U_M)                                                                               |                                v3_release_taxi_rx_ila_0_1_ltlib_v1_0_1_match__parameterized0 |          0 |          0 |       0 |    0 |     1 |      0 |      0 |    0 |          0 |
|                 allx_typeA_match_detection.ltlib_v1_0_1_allx_typeA_inst                                                  |                           v3_release_taxi_rx_ila_0_1_ltlib_v1_0_1_allx_typeA__parameterized0 |          5 |          0 |       0 |    5 |     3 |      0 |      0 |    0 |          0 |
|                   (allx_typeA_match_detection.ltlib_v1_0_1_allx_typeA_inst)                                              |                           v3_release_taxi_rx_ila_0_1_ltlib_v1_0_1_allx_typeA__parameterized0 |          0 |          0 |       0 |    0 |     2 |      0 |      0 |    0 |          0 |
|                   DUT                                                                                                    |                            v3_release_taxi_rx_ila_0_1_ltlib_v1_0_1_all_typeA__parameterized0 |          5 |          0 |       0 |    5 |     1 |      0 |      0 |    0 |          0 |
|                     (DUT)                                                                                                |                            v3_release_taxi_rx_ila_0_1_ltlib_v1_0_1_all_typeA__parameterized0 |          1 |          0 |       0 |    1 |     0 |      0 |      0 |    0 |          0 |
|                     I_WHOLE_SLICE.G_SLICE_IDX[0].U_ALL_SRL_SLICE                                                         |                      v3_release_taxi_rx_ila_0_1_ltlib_v1_0_1_all_typeA_slice__parameterized0 |          4 |          0 |       0 |    4 |     1 |      0 |      0 |    0 |          0 |
|               N_DDR_MODE.G_NMU[1].U_M                                                                                    |                             v3_release_taxi_rx_ila_0_1_ltlib_v1_0_1_match__parameterized0__2 |          5 |          0 |       0 |    5 |     4 |      0 |      0 |    0 |          0 |
|                 (N_DDR_MODE.G_NMU[1].U_M)                                                                                |                             v3_release_taxi_rx_ila_0_1_ltlib_v1_0_1_match__parameterized0__2 |          0 |          0 |       0 |    0 |     1 |      0 |      0 |    0 |          0 |
|                 allx_typeA_match_detection.ltlib_v1_0_1_allx_typeA_inst                                                  |                        v3_release_taxi_rx_ila_0_1_ltlib_v1_0_1_allx_typeA__parameterized0_32 |          5 |          0 |       0 |    5 |     3 |      0 |      0 |    0 |          0 |
|                   (allx_typeA_match_detection.ltlib_v1_0_1_allx_typeA_inst)                                              |                        v3_release_taxi_rx_ila_0_1_ltlib_v1_0_1_allx_typeA__parameterized0_32 |          0 |          0 |       0 |    0 |     2 |      0 |      0 |    0 |          0 |
|                   DUT                                                                                                    |                         v3_release_taxi_rx_ila_0_1_ltlib_v1_0_1_all_typeA__parameterized0_33 |          5 |          0 |       0 |    5 |     1 |      0 |      0 |    0 |          0 |
|                     (DUT)                                                                                                |                         v3_release_taxi_rx_ila_0_1_ltlib_v1_0_1_all_typeA__parameterized0_33 |          1 |          0 |       0 |    1 |     0 |      0 |      0 |    0 |          0 |
|                     I_WHOLE_SLICE.G_SLICE_IDX[0].U_ALL_SRL_SLICE                                                         |                   v3_release_taxi_rx_ila_0_1_ltlib_v1_0_1_all_typeA_slice__parameterized0_34 |          4 |          0 |       0 |    4 |     1 |      0 |      0 |    0 |          0 |
|               N_DDR_MODE.G_NMU[2].U_M                                                                                    |                             v3_release_taxi_rx_ila_0_1_ltlib_v1_0_1_match__parameterized0__3 |          5 |          0 |       0 |    5 |     4 |      0 |      0 |    0 |          0 |
|                 (N_DDR_MODE.G_NMU[2].U_M)                                                                                |                             v3_release_taxi_rx_ila_0_1_ltlib_v1_0_1_match__parameterized0__3 |          0 |          0 |       0 |    0 |     1 |      0 |      0 |    0 |          0 |
|                 allx_typeA_match_detection.ltlib_v1_0_1_allx_typeA_inst                                                  |                        v3_release_taxi_rx_ila_0_1_ltlib_v1_0_1_allx_typeA__parameterized0_29 |          5 |          0 |       0 |    5 |     3 |      0 |      0 |    0 |          0 |
|                   (allx_typeA_match_detection.ltlib_v1_0_1_allx_typeA_inst)                                              |                        v3_release_taxi_rx_ila_0_1_ltlib_v1_0_1_allx_typeA__parameterized0_29 |          0 |          0 |       0 |    0 |     2 |      0 |      0 |    0 |          0 |
|                   DUT                                                                                                    |                         v3_release_taxi_rx_ila_0_1_ltlib_v1_0_1_all_typeA__parameterized0_30 |          5 |          0 |       0 |    5 |     1 |      0 |      0 |    0 |          0 |
|                     (DUT)                                                                                                |                         v3_release_taxi_rx_ila_0_1_ltlib_v1_0_1_all_typeA__parameterized0_30 |          1 |          0 |       0 |    1 |     0 |      0 |      0 |    0 |          0 |
|                     I_WHOLE_SLICE.G_SLICE_IDX[0].U_ALL_SRL_SLICE                                                         |                   v3_release_taxi_rx_ila_0_1_ltlib_v1_0_1_all_typeA_slice__parameterized0_31 |          4 |          0 |       0 |    4 |     1 |      0 |      0 |    0 |          0 |
|               N_DDR_MODE.G_NMU[3].U_M                                                                                    |                             v3_release_taxi_rx_ila_0_1_ltlib_v1_0_1_match__parameterized0__4 |          5 |          0 |       0 |    5 |     4 |      0 |      0 |    0 |          0 |
|                 (N_DDR_MODE.G_NMU[3].U_M)                                                                                |                             v3_release_taxi_rx_ila_0_1_ltlib_v1_0_1_match__parameterized0__4 |          0 |          0 |       0 |    0 |     1 |      0 |      0 |    0 |          0 |
|                 allx_typeA_match_detection.ltlib_v1_0_1_allx_typeA_inst                                                  |                        v3_release_taxi_rx_ila_0_1_ltlib_v1_0_1_allx_typeA__parameterized0_26 |          5 |          0 |       0 |    5 |     3 |      0 |      0 |    0 |          0 |
|                   (allx_typeA_match_detection.ltlib_v1_0_1_allx_typeA_inst)                                              |                        v3_release_taxi_rx_ila_0_1_ltlib_v1_0_1_allx_typeA__parameterized0_26 |          0 |          0 |       0 |    0 |     2 |      0 |      0 |    0 |          0 |
|                   DUT                                                                                                    |                         v3_release_taxi_rx_ila_0_1_ltlib_v1_0_1_all_typeA__parameterized0_27 |          5 |          0 |       0 |    5 |     1 |      0 |      0 |    0 |          0 |
|                     (DUT)                                                                                                |                         v3_release_taxi_rx_ila_0_1_ltlib_v1_0_1_all_typeA__parameterized0_27 |          1 |          0 |       0 |    1 |     0 |      0 |      0 |    0 |          0 |
|                     I_WHOLE_SLICE.G_SLICE_IDX[0].U_ALL_SRL_SLICE                                                         |                   v3_release_taxi_rx_ila_0_1_ltlib_v1_0_1_all_typeA_slice__parameterized0_28 |          4 |          0 |       0 |    4 |     1 |      0 |      0 |    0 |          0 |
|               N_DDR_MODE.G_NMU[4].U_M                                                                                    |                                v3_release_taxi_rx_ila_0_1_ltlib_v1_0_1_match__parameterized1 |          5 |          0 |       0 |    5 |    16 |      0 |      0 |    0 |          0 |
|                 (N_DDR_MODE.G_NMU[4].U_M)                                                                                |                                v3_release_taxi_rx_ila_0_1_ltlib_v1_0_1_match__parameterized1 |          0 |          0 |       0 |    0 |     1 |      0 |      0 |    0 |          0 |
|                 allx_typeA_match_detection.ltlib_v1_0_1_allx_typeA_inst                                                  |                           v3_release_taxi_rx_ila_0_1_ltlib_v1_0_1_allx_typeA__parameterized1 |          5 |          0 |       0 |    5 |    15 |      0 |      0 |    0 |          0 |
|                   (allx_typeA_match_detection.ltlib_v1_0_1_allx_typeA_inst)                                              |                           v3_release_taxi_rx_ila_0_1_ltlib_v1_0_1_allx_typeA__parameterized1 |          0 |          0 |       0 |    0 |    14 |      0 |      0 |    0 |          0 |
|                   DUT                                                                                                    |                         v3_release_taxi_rx_ila_0_1_ltlib_v1_0_1_all_typeA__parameterized0_24 |          5 |          0 |       0 |    5 |     1 |      0 |      0 |    0 |          0 |
|                     (DUT)                                                                                                |                         v3_release_taxi_rx_ila_0_1_ltlib_v1_0_1_all_typeA__parameterized0_24 |          1 |          0 |       0 |    1 |     0 |      0 |      0 |    0 |          0 |
|                     I_WHOLE_SLICE.G_SLICE_IDX[0].U_ALL_SRL_SLICE                                                         |                   v3_release_taxi_rx_ila_0_1_ltlib_v1_0_1_all_typeA_slice__parameterized0_25 |          4 |          0 |       0 |    4 |     1 |      0 |      0 |    0 |          0 |
|               N_DDR_MODE.G_NMU[5].U_M                                                                                    |                             v3_release_taxi_rx_ila_0_1_ltlib_v1_0_1_match__parameterized0__5 |          5 |          0 |       0 |    5 |     4 |      0 |      0 |    0 |          0 |
|                 (N_DDR_MODE.G_NMU[5].U_M)                                                                                |                             v3_release_taxi_rx_ila_0_1_ltlib_v1_0_1_match__parameterized0__5 |          0 |          0 |       0 |    0 |     1 |      0 |      0 |    0 |          0 |
|                 allx_typeA_match_detection.ltlib_v1_0_1_allx_typeA_inst                                                  |                        v3_release_taxi_rx_ila_0_1_ltlib_v1_0_1_allx_typeA__parameterized0_21 |          5 |          0 |       0 |    5 |     3 |      0 |      0 |    0 |          0 |
|                   (allx_typeA_match_detection.ltlib_v1_0_1_allx_typeA_inst)                                              |                        v3_release_taxi_rx_ila_0_1_ltlib_v1_0_1_allx_typeA__parameterized0_21 |          0 |          0 |       0 |    0 |     2 |      0 |      0 |    0 |          0 |
|                   DUT                                                                                                    |                         v3_release_taxi_rx_ila_0_1_ltlib_v1_0_1_all_typeA__parameterized0_22 |          5 |          0 |       0 |    5 |     1 |      0 |      0 |    0 |          0 |
|                     (DUT)                                                                                                |                         v3_release_taxi_rx_ila_0_1_ltlib_v1_0_1_all_typeA__parameterized0_22 |          1 |          0 |       0 |    1 |     0 |      0 |      0 |    0 |          0 |
|                     I_WHOLE_SLICE.G_SLICE_IDX[0].U_ALL_SRL_SLICE                                                         |                   v3_release_taxi_rx_ila_0_1_ltlib_v1_0_1_all_typeA_slice__parameterized0_23 |          4 |          0 |       0 |    4 |     1 |      0 |      0 |    0 |          0 |
|               N_DDR_MODE.G_NMU[6].U_M                                                                                    |                             v3_release_taxi_rx_ila_0_1_ltlib_v1_0_1_match__parameterized0__6 |          5 |          0 |       0 |    5 |     4 |      0 |      0 |    0 |          0 |
|                 (N_DDR_MODE.G_NMU[6].U_M)                                                                                |                             v3_release_taxi_rx_ila_0_1_ltlib_v1_0_1_match__parameterized0__6 |          0 |          0 |       0 |    0 |     1 |      0 |      0 |    0 |          0 |
|                 allx_typeA_match_detection.ltlib_v1_0_1_allx_typeA_inst                                                  |                        v3_release_taxi_rx_ila_0_1_ltlib_v1_0_1_allx_typeA__parameterized0_18 |          5 |          0 |       0 |    5 |     3 |      0 |      0 |    0 |          0 |
|                   (allx_typeA_match_detection.ltlib_v1_0_1_allx_typeA_inst)                                              |                        v3_release_taxi_rx_ila_0_1_ltlib_v1_0_1_allx_typeA__parameterized0_18 |          0 |          0 |       0 |    0 |     2 |      0 |      0 |    0 |          0 |
|                   DUT                                                                                                    |                         v3_release_taxi_rx_ila_0_1_ltlib_v1_0_1_all_typeA__parameterized0_19 |          5 |          0 |       0 |    5 |     1 |      0 |      0 |    0 |          0 |
|                     (DUT)                                                                                                |                         v3_release_taxi_rx_ila_0_1_ltlib_v1_0_1_all_typeA__parameterized0_19 |          1 |          0 |       0 |    1 |     0 |      0 |      0 |    0 |          0 |
|                     I_WHOLE_SLICE.G_SLICE_IDX[0].U_ALL_SRL_SLICE                                                         |                   v3_release_taxi_rx_ila_0_1_ltlib_v1_0_1_all_typeA_slice__parameterized0_20 |          4 |          0 |       0 |    4 |     1 |      0 |      0 |    0 |          0 |
|               N_DDR_MODE.G_NMU[7].U_M                                                                                    |                                v3_release_taxi_rx_ila_0_1_ltlib_v1_0_1_match__parameterized2 |         33 |          0 |       0 |   33 |   130 |      0 |      0 |    0 |          0 |
|                 (N_DDR_MODE.G_NMU[7].U_M)                                                                                |                                v3_release_taxi_rx_ila_0_1_ltlib_v1_0_1_match__parameterized2 |          0 |          0 |       0 |    0 |     1 |      0 |      0 |    0 |          0 |
|                 allx_typeA_match_detection.ltlib_v1_0_1_allx_typeA_inst                                                  |                           v3_release_taxi_rx_ila_0_1_ltlib_v1_0_1_allx_typeA__parameterized2 |         33 |          0 |       0 |   33 |   129 |      0 |      0 |    0 |          0 |
|                   (allx_typeA_match_detection.ltlib_v1_0_1_allx_typeA_inst)                                              |                           v3_release_taxi_rx_ila_0_1_ltlib_v1_0_1_allx_typeA__parameterized2 |          0 |          0 |       0 |    0 |   128 |      0 |      0 |    0 |          0 |
|                   DUT                                                                                                    |                            v3_release_taxi_rx_ila_0_1_ltlib_v1_0_1_all_typeA__parameterized1 |         33 |          0 |       0 |   33 |     1 |      0 |      0 |    0 |          0 |
|                     (DUT)                                                                                                |                            v3_release_taxi_rx_ila_0_1_ltlib_v1_0_1_all_typeA__parameterized1 |          1 |          0 |       0 |    1 |     0 |      0 |      0 |    0 |          0 |
|                     I_WHOLE_SLICE.G_SLICE_IDX[0].U_ALL_SRL_SLICE                                                         |                                      v3_release_taxi_rx_ila_0_1_ltlib_v1_0_1_all_typeA_slice |          4 |          0 |       0 |    4 |     0 |      0 |      0 |    0 |          0 |
|                     I_WHOLE_SLICE.G_SLICE_IDX[1].U_ALL_SRL_SLICE                                                         |                                   v3_release_taxi_rx_ila_0_1_ltlib_v1_0_1_all_typeA_slice_11 |          4 |          0 |       0 |    4 |     0 |      0 |      0 |    0 |          0 |
|                     I_WHOLE_SLICE.G_SLICE_IDX[2].U_ALL_SRL_SLICE                                                         |                                   v3_release_taxi_rx_ila_0_1_ltlib_v1_0_1_all_typeA_slice_12 |          4 |          0 |       0 |    4 |     0 |      0 |      0 |    0 |          0 |
|                     I_WHOLE_SLICE.G_SLICE_IDX[3].U_ALL_SRL_SLICE                                                         |                                   v3_release_taxi_rx_ila_0_1_ltlib_v1_0_1_all_typeA_slice_13 |          4 |          0 |       0 |    4 |     0 |      0 |      0 |    0 |          0 |
|                     I_WHOLE_SLICE.G_SLICE_IDX[4].U_ALL_SRL_SLICE                                                         |                                   v3_release_taxi_rx_ila_0_1_ltlib_v1_0_1_all_typeA_slice_14 |          4 |          0 |       0 |    4 |     0 |      0 |      0 |    0 |          0 |
|                     I_WHOLE_SLICE.G_SLICE_IDX[5].U_ALL_SRL_SLICE                                                         |                                   v3_release_taxi_rx_ila_0_1_ltlib_v1_0_1_all_typeA_slice_15 |          4 |          0 |       0 |    4 |     0 |      0 |      0 |    0 |          0 |
|                     I_WHOLE_SLICE.G_SLICE_IDX[6].U_ALL_SRL_SLICE                                                         |                                   v3_release_taxi_rx_ila_0_1_ltlib_v1_0_1_all_typeA_slice_16 |          4 |          0 |       0 |    4 |     0 |      0 |      0 |    0 |          0 |
|                     I_WHOLE_SLICE.G_SLICE_IDX[7].U_ALL_SRL_SLICE                                                         |                   v3_release_taxi_rx_ila_0_1_ltlib_v1_0_1_all_typeA_slice__parameterized0_17 |          4 |          0 |       0 |    4 |     1 |      0 |      0 |    0 |          0 |
|               N_DDR_MODE.G_NMU[8].U_M                                                                                    |                                v3_release_taxi_rx_ila_0_1_ltlib_v1_0_1_match__parameterized3 |          5 |          0 |       0 |    5 |    18 |      0 |      0 |    0 |          0 |
|                 (N_DDR_MODE.G_NMU[8].U_M)                                                                                |                                v3_release_taxi_rx_ila_0_1_ltlib_v1_0_1_match__parameterized3 |          0 |          0 |       0 |    0 |     1 |      0 |      0 |    0 |          0 |
|                 allx_typeA_match_detection.ltlib_v1_0_1_allx_typeA_inst                                                  |                           v3_release_taxi_rx_ila_0_1_ltlib_v1_0_1_allx_typeA__parameterized3 |          5 |          0 |       0 |    5 |    17 |      0 |      0 |    0 |          0 |
|                   (allx_typeA_match_detection.ltlib_v1_0_1_allx_typeA_inst)                                              |                           v3_release_taxi_rx_ila_0_1_ltlib_v1_0_1_allx_typeA__parameterized3 |          0 |          0 |       0 |    0 |    16 |      0 |      0 |    0 |          0 |
|                   DUT                                                                                                    |                          v3_release_taxi_rx_ila_0_1_ltlib_v1_0_1_all_typeA__parameterized0_9 |          5 |          0 |       0 |    5 |     1 |      0 |      0 |    0 |          0 |
|                     (DUT)                                                                                                |                          v3_release_taxi_rx_ila_0_1_ltlib_v1_0_1_all_typeA__parameterized0_9 |          1 |          0 |       0 |    1 |     0 |      0 |      0 |    0 |          0 |
|                     I_WHOLE_SLICE.G_SLICE_IDX[0].U_ALL_SRL_SLICE                                                         |                   v3_release_taxi_rx_ila_0_1_ltlib_v1_0_1_all_typeA_slice__parameterized0_10 |          4 |          0 |       0 |    4 |     1 |      0 |      0 |    0 |          0 |
|               N_DDR_MODE.G_NMU[9].U_M                                                                                    |                             v3_release_taxi_rx_ila_0_1_ltlib_v1_0_1_match__parameterized0__7 |          5 |          0 |       0 |    5 |     4 |      0 |      0 |    0 |          0 |
|                 (N_DDR_MODE.G_NMU[9].U_M)                                                                                |                             v3_release_taxi_rx_ila_0_1_ltlib_v1_0_1_match__parameterized0__7 |          0 |          0 |       0 |    0 |     1 |      0 |      0 |    0 |          0 |
|                 allx_typeA_match_detection.ltlib_v1_0_1_allx_typeA_inst                                                  |                         v3_release_taxi_rx_ila_0_1_ltlib_v1_0_1_allx_typeA__parameterized0_6 |          5 |          0 |       0 |    5 |     3 |      0 |      0 |    0 |          0 |
|                   (allx_typeA_match_detection.ltlib_v1_0_1_allx_typeA_inst)                                              |                         v3_release_taxi_rx_ila_0_1_ltlib_v1_0_1_allx_typeA__parameterized0_6 |          0 |          0 |       0 |    0 |     2 |      0 |      0 |    0 |          0 |
|                   DUT                                                                                                    |                          v3_release_taxi_rx_ila_0_1_ltlib_v1_0_1_all_typeA__parameterized0_7 |          5 |          0 |       0 |    5 |     1 |      0 |      0 |    0 |          0 |
|                     (DUT)                                                                                                |                          v3_release_taxi_rx_ila_0_1_ltlib_v1_0_1_all_typeA__parameterized0_7 |          1 |          0 |       0 |    1 |     0 |      0 |      0 |    0 |          0 |
|                     I_WHOLE_SLICE.G_SLICE_IDX[0].U_ALL_SRL_SLICE                                                         |                    v3_release_taxi_rx_ila_0_1_ltlib_v1_0_1_all_typeA_slice__parameterized0_8 |          4 |          0 |       0 |    4 |     1 |      0 |      0 |    0 |          0 |
|           xsdb_memory_read_inst                                                                                          |                                        v3_release_taxi_rx_ila_0_1_ltlib_v1_0_1_generic_memrd |         66 |         64 |       0 |    2 |   114 |      0 |      0 |    0 |          0 |
|     xlslice_ask_price                                                                                                    |                                                               v3_release_xlslice_ask_price_0 |          0 |          0 |       0 |    0 |     0 |      0 |      0 |    0 |          0 |
|     xlslice_ask_shares                                                                                                   |                                                              v3_release_xlslice_ask_shares_0 |          0 |          0 |       0 |    0 |     0 |      0 |      0 |    0 |          0 |
|     xlslice_bid_price                                                                                                    |                                                               v3_release_xlslice_bid_price_0 |          0 |          0 |       0 |    0 |     0 |      0 |      0 |    0 |          0 |
|     xlslice_bid_shares                                                                                                   |                                                              v3_release_xlslice_bid_shares_0 |          0 |          0 |       0 |    0 |     0 |      0 |      0 |    0 |          0 |
|     xlslice_stock_id                                                                                                     |                                                                v3_release_xlslice_stock_id_0 |          0 |          0 |       0 |    0 |     0 |      0 |      0 |    0 |          0 |
|     zynq_ultra_ps_e_0                                                                                                    |                                                               v3_release_zynq_ultra_ps_e_0_0 |          0 |          0 |       0 |    0 |     0 |      0 |      0 |    0 |          0 |
|       inst                                                                                                               |                        v3_release_zynq_ultra_ps_e_0_0_zynq_ultra_ps_e_v3_5_1_zynq_ultra_ps_e |          0 |          0 |       0 |    0 |     0 |      0 |      0 |    0 |          0 |
+--------------------------------------------------------------------------------------------------------------------------+----------------------------------------------------------------------------------------------+------------+------------+---------+------+-------+--------+--------+------+------------+
* Note: The sum of lower-level cells may be larger than their parent cells total, due to cross-hierarchy LUT combining
