Copyright 1986-2022 Xilinx, Inc. All Rights Reserved. Copyright 2022-2023 Advanced Micro Devices, Inc. All Rights Reserved.
--------------------------------------------------------------------------------------------------------------------------------------------------
| Tool Version      : Vivado v.2023.2 (win64) Build 4029153 Fri Oct 13 20:14:34 MDT 2023
| Date              : Tue Sep  1 03:27:50 2026
| Host              : dkeL running 64-bit major release  (build 9200)
| Command           : report_timing_summary -file ./design_evidence/timing_summary.rpt
| Design            : itch_zcu106_system_wrapper
| Device            : xczu7ev-ffvc1156
| Speed File        : -2  PRODUCTION 1.30 05-15-2022
| Design State      : Physopt postRoute
| Temperature Grade : E
--------------------------------------------------------------------------------------------------------------------------------------------------

Timing Summary Report

------------------------------------------------------------------------------------------------
| Timer Settings
| --------------
------------------------------------------------------------------------------------------------

  Enable Multi Corner Analysis               :  Yes
  Enable Pessimism Removal                   :  Yes
  Pessimism Removal Resolution               :  Nearest Common Node
  Enable Input Delay Default Clock           :  No
  Enable Preset / Clear Arcs                 :  No
  Disable Flight Delays                      :  No
  Ignore I/O Paths                           :  No
  Timing Early Launch at Borrowing Latches   :  No
  Borrow Time for Max Delay Exceptions       :  Yes
  Merge Timing Exceptions                    :  Yes
  Inter-SLR Compensation                     :  Conservative

  Corner  Analyze    Analyze
  Name    Max Paths  Min Paths
  ------  ---------  ---------
  Slow    Yes        Yes
  Fast    Yes        Yes


------------------------------------------------------------------------------------------------
| Report Methodology
| ------------------
------------------------------------------------------------------------------------------------

Rule     Severity  Description                                 Violations
-------  --------  ------------------------------------------  ----------
CLKC-56  Advisory  MMCME4 with global clock driver has no LOC  1

Note: This report is based on the most recent report_methodology run and may not be up-to-date. Run report_methodology on the current design for the latest report.



check_timing report

Table of Contents
-----------------
1. checking no_clock (0)
2. checking constant_clock (0)
3. checking pulse_width_clock (0)
4. checking unconstrained_internal_endpoints (0)
5. checking no_input_delay (0)
6. checking no_output_delay (0)
7. checking multiple_clock (0)
8. checking generated_clocks (0)
9. checking loops (0)
10. checking partial_input_delay (0)
11. checking partial_output_delay (0)
12. checking latch_loops (0)

1. checking no_clock (0)
------------------------
 There are 0 register/latch pins with no clock.


2. checking constant_clock (0)
------------------------------
 There are 0 register/latch pins with constant_clock.


3. checking pulse_width_clock (0)
---------------------------------
 There are 0 register/latch pins which need pulse_width check


4. checking unconstrained_internal_endpoints (0)
------------------------------------------------
 There are 0 pins that are not constrained for maximum delay.

 There are 0 pins that are not constrained for maximum delay due to constant clock.


5. checking no_input_delay (0)
------------------------------
 There are 0 input ports with no input delay specified.

 There are 0 input ports with no input delay but user has a false path constraint.


6. checking no_output_delay (0)
-------------------------------
 There are 0 ports with no output delay specified.

 There are 0 ports with no output delay but user has a false path constraint

 There are 0 ports with no output delay but with a timing clock defined on it or propagating through it


7. checking multiple_clock (0)
------------------------------
 There are 0 register/latch pins with multiple clocks.


8. checking generated_clocks (0)
--------------------------------
 There are 0 generated clocks that are not connected to a clock source.


9. checking loops (0)
---------------------
 There are 0 combinational loops in the design.


10. checking partial_input_delay (0)
------------------------------------
 There are 0 input ports with partial input delay specified.


11. checking partial_output_delay (0)
-------------------------------------
 There are 0 ports with partial output delay specified.


12. checking latch_loops (0)
----------------------------
 There are 0 combinational latch loops in the design through latch input



------------------------------------------------------------------------------------------------
| Design Timing Summary
| ---------------------
------------------------------------------------------------------------------------------------

    WNS(ns)      TNS(ns)  TNS Failing Endpoints  TNS Total Endpoints      WHS(ns)      THS(ns)  THS Failing Endpoints  THS Total Endpoints     WPWS(ns)     TPWS(ns)  TPWS Failing Endpoints  TPWS Total Endpoints
    -------      -------  ---------------------  -------------------      -------      -------  ---------------------  -------------------     --------     --------  ----------------------  --------------------
      0.089        0.000                      0               120343        0.010        0.000                      0               120323        1.958        0.000                       0                 43952


All user specified timing constraints are met.


------------------------------------------------------------------------------------------------
| Clock Summary
| -------------
------------------------------------------------------------------------------------------------

Clock                                         Waveform(ns)         Period(ns)      Frequency(MHz)
-----                                         ------------         ----------      --------------
clk_pl_0                                      {0.000 5.000}        10.000          100.000
  bram_clk_itch_zcu106_system_clk_wiz_0_0     {0.000 2.500}        5.000           200.000
  data_clk_itch_zcu106_system_clk_wiz_0_0     {0.000 5.000}        10.000          100.000
  network_clk_itch_zcu106_system_clk_wiz_0_0  {0.000 3.214}        6.429           155.556


------------------------------------------------------------------------------------------------
| Intra Clock Table
| -----------------
------------------------------------------------------------------------------------------------

Clock                                             WNS(ns)      TNS(ns)  TNS Failing Endpoints  TNS Total Endpoints      WHS(ns)      THS(ns)  THS Failing Endpoints  THS Total Endpoints     WPWS(ns)     TPWS(ns)  TPWS Failing Endpoints  TPWS Total Endpoints
-----                                             -------      -------  ---------------------  -------------------      -------      -------  ---------------------  -------------------     --------     --------  ----------------------  --------------------
clk_pl_0                                                                                                                                                                                        2.000        0.000                       0                     1
  bram_clk_itch_zcu106_system_clk_wiz_0_0           0.098        0.000                      0                17796        0.075        0.000                      0                17796        1.958        0.000                       0                  2912
  data_clk_itch_zcu106_system_clk_wiz_0_0           2.115        0.000                      0                96232        0.010        0.000                      0                96232        3.500        0.000                       0                 40064
  network_clk_itch_zcu106_system_clk_wiz_0_0        1.438        0.000                      0                 2932        0.022        0.000                      0                 2932        2.682        0.000                       0                   975


------------------------------------------------------------------------------------------------
| Inter Clock Table
| -----------------
------------------------------------------------------------------------------------------------

From Clock                                  To Clock                                        WNS(ns)      TNS(ns)  TNS Failing Endpoints  TNS Total Endpoints      WHS(ns)      THS(ns)  THS Failing Endpoints  THS Total Endpoints
----------                                  --------                                        -------      -------  ---------------------  -------------------      -------      -------  ---------------------  -------------------
data_clk_itch_zcu106_system_clk_wiz_0_0     bram_clk_itch_zcu106_system_clk_wiz_0_0           0.163        0.000                      0                13080        0.049        0.000                      0                13080
bram_clk_itch_zcu106_system_clk_wiz_0_0     data_clk_itch_zcu106_system_clk_wiz_0_0           0.089        0.000                      0                 3579        0.031        0.000                      0                 3579
network_clk_itch_zcu106_system_clk_wiz_0_0  data_clk_itch_zcu106_system_clk_wiz_0_0           5.121        0.000                      0                   43
data_clk_itch_zcu106_system_clk_wiz_0_0     network_clk_itch_zcu106_system_clk_wiz_0_0        9.154        0.000                      0                   43


------------------------------------------------------------------------------------------------
| Other Path Groups Table
| -----------------------
------------------------------------------------------------------------------------------------

Path Group    From Clock    To Clock          WNS(ns)      TNS(ns)  TNS Failing Endpoints  TNS Total Endpoints      WHS(ns)      THS(ns)  THS Failing Endpoints  THS Total Endpoints
----------    ----------    --------          -------      -------  ---------------------  -------------------      -------      -------  ---------------------  -------------------


------------------------------------------------------------------------------------------------
| Timing Details
| --------------
------------------------------------------------------------------------------------------------


---------------------------------------------------------------------------------------------------
From Clock:  clk_pl_0
  To Clock:  clk_pl_0

Setup :           NA  Failing Endpoints,  Worst Slack           NA  ,  Total Violation           NA
Hold  :           NA  Failing Endpoints,  Worst Slack           NA  ,  Total Violation           NA
PW    :            0  Failing Endpoints,  Worst Slack        2.000ns,  Total Violation        0.000ns
---------------------------------------------------------------------------------------------------


Pulse Width Checks
--------------------------------------------------------------------------------------
Clock Name:         clk_pl_0
Waveform(ns):       { 0.000 5.000 }
Period(ns):         10.000
Sources:            { itch_zcu106_system_i/zynq_ultra_ps_e_0/inst/PS8_i/PLCLK[0] }

Check Type        Corner  Lib Pin            Reference Pin  Required(ns)  Actual(ns)  Slack(ns)  Location   Pin
Min Period        n/a     MMCME4_ADV/CLKIN1  n/a            1.071         10.000      8.929      MMCM_X1Y2  itch_zcu106_system_i/clk_wiz_0/inst/mmcme4_adv_inst/CLKIN1
Max Period        n/a     MMCME4_ADV/CLKIN1  n/a            100.000       10.000      90.000     MMCM_X1Y2  itch_zcu106_system_i/clk_wiz_0/inst/mmcme4_adv_inst/CLKIN1
Low Pulse Width   Slow    MMCME4_ADV/CLKIN1  n/a            3.000         5.000       2.000      MMCM_X1Y2  itch_zcu106_system_i/clk_wiz_0/inst/mmcme4_adv_inst/CLKIN1
High Pulse Width  Slow    MMCME4_ADV/CLKIN1  n/a            3.000         5.000       2.000      MMCM_X1Y2  itch_zcu106_system_i/clk_wiz_0/inst/mmcme4_adv_inst/CLKIN1



---------------------------------------------------------------------------------------------------
From Clock:  bram_clk_itch_zcu106_system_clk_wiz_0_0
  To Clock:  bram_clk_itch_zcu106_system_clk_wiz_0_0

Setup :            0  Failing Endpoints,  Worst Slack        0.098ns,  Total Violation        0.000ns
Hold  :            0  Failing Endpoints,  Worst Slack        0.075ns,  Total Violation        0.000ns
PW    :            0  Failing Endpoints,  Worst Slack        1.958ns,  Total Violation        0.000ns
---------------------------------------------------------------------------------------------------


Max Delay Paths
--------------------------------------------------------------------------------------
Slack (MET) :             0.098ns  (required time - arrival time)
  Source:                 itch_zcu106_system_i/order_book_top_0/inst/ob_stock0/shadow_ask_chunks/bram_reg_bram_1/CLKBWRCLK
                            (rising edge-triggered cell RAMB36E2 clocked by bram_clk_itch_zcu106_system_clk_wiz_0_0  {rise@0.000ns fall@2.500ns period=5.000ns})
  Destination:            itch_zcu106_system_i/order_book_top_0/inst/ob_stock0/shadow_ask_price_book/bram_reg_bram_9/ADDRARDADDR[5]
                            (rising edge-triggered cell RAMB36E2 clocked by bram_clk_itch_zcu106_system_clk_wiz_0_0  {rise@0.000ns fall@2.500ns period=5.000ns})
  Path Group:             bram_clk_itch_zcu106_system_clk_wiz_0_0
  Path Type:              Setup (Max at Slow Process Corner)
  Requirement:            5.000ns  (bram_clk_itch_zcu106_system_clk_wiz_0_0 rise@5.000ns - bram_clk_itch_zcu106_system_clk_wiz_0_0 rise@0.000ns)
  Data Path Delay:        4.275ns  (logic 1.230ns (28.774%)  route 3.045ns (71.226%))
  Logic Levels:           5  (LUT3=1 LUT5=1 LUT6=3)
  Clock Path Skew:        -0.218ns (DCD - SCD + CPR)
    Destination Clock Delay (DCD):    3.791ns = ( 8.791 - 5.000 )
    Source Clock Delay      (SCD):    3.517ns
    Clock Pessimism Removal (CPR):    -0.492ns
  Clock Uncertainty:      0.057ns  ((TSJ^2 + DJ^2)^1/2) / 2 + PE
    Total System Jitter     (TSJ):    0.071ns
    Discrete Jitter          (DJ):    0.090ns
    Phase Error              (PE):    0.000ns
  Clock Net Delay (Source):      1.499ns (routing 0.171ns, distribution 1.328ns)
  Clock Net Delay (Destination): 1.265ns (routing 0.155ns, distribution 1.110ns)

    Location             Delay type                Incr(ns)  Path(ns)    Netlist Resource(s)
  -------------------------------------------------------------------    -------------------
                         (clock bram_clk_itch_zcu106_system_clk_wiz_0_0 rise edge)
                                                      0.000     0.000 r
    PS8_X0Y0             PS8                          0.000     0.000 r  itch_zcu106_system_i/zynq_ultra_ps_e_0/inst/PS8_i/PLCLK[0]
                         net (fo=1, routed)           0.180     0.180    itch_zcu106_system_i/zynq_ultra_ps_e_0/inst/pl_clk_unbuffered[0]
    BUFG_PS_X0Y85        BUFG_PS (Prop_BUFG_PS_I_O)
                                                      0.028     0.208 r  itch_zcu106_system_i/zynq_ultra_ps_e_0/inst/buffer_pl_clk_0.PL_CLK_0_BUFG/O
                         net (fo=1, routed)           1.664     1.872    itch_zcu106_system_i/clk_wiz_0/inst/clk_in1
    MMCM_X1Y2            MMCME4_ADV (Prop_MMCM_CLKIN1_CLKOUT0)
                                                     -0.127     1.745 r  itch_zcu106_system_i/clk_wiz_0/inst/mmcme4_adv_inst/CLKOUT0
                         net (fo=1, routed)           0.245     1.990    itch_zcu106_system_i/clk_wiz_0/inst/bram_clk_itch_zcu106_system_clk_wiz_0_0
    BUFGCE_X1Y59         BUFGCE (Prop_BUFCE_BUFGCE_I_O)
                                                      0.028     2.018 r  itch_zcu106_system_i/clk_wiz_0/inst/clkout1_buf/O
    X2Y2 (CLOCK_ROOT)    net (fo=2910, routed)        1.499     3.517    itch_zcu106_system_i/order_book_top_0/inst/ob_stock0/shadow_ask_chunks/bram_clk
    RAMB36_X3Y35         RAMB36E2                                     r  itch_zcu106_system_i/order_book_top_0/inst/ob_stock0/shadow_ask_chunks/bram_reg_bram_1/CLKBWRCLK
  -------------------------------------------------------------------    -------------------
    RAMB36_X3Y35         RAMB36E2 (Prop_RAMB36E2_RAMB36_CLKBWRCLK_DOUTBDOUT[0])
                                                      0.963     4.480 r  itch_zcu106_system_i/order_book_top_0/inst/ob_stock0/shadow_ask_chunks/bram_reg_bram_1/DOUTBDOUT[0]
                         net (fo=4, routed)           0.617     5.097    itch_zcu106_system_i/order_book_top_0/inst/ob_stock0/shadow_ask_chunks/current_ask_chunk[36]
    SLICE_X100Y185       LUT5 (Prop_C6LUT_SLICEL_I2_O)
                                                      0.035     5.132 r  itch_zcu106_system_i/order_book_top_0/inst/ob_stock0/shadow_ask_chunks/current_best_ask[5]_i_11/O
                         net (fo=5, routed)           0.532     5.664    itch_zcu106_system_i/order_book_top_0/inst/ob_stock0/shadow_ask_chunks/current_best_ask[5]_i_11_n_0
    SLICE_X98Y185        LUT6 (Prop_A6LUT_SLICEL_I1_O)
                                                      0.124     5.788 f  itch_zcu106_system_i/order_book_top_0/inst/ob_stock0/shadow_ask_chunks/current_best_ask[4]_i_8/O
                         net (fo=6, routed)           0.247     6.035    itch_zcu106_system_i/order_book_top_0/inst/ob_stock0/shadow_ask_chunks/current_best_ask[4]_i_8_n_0
    SLICE_X95Y185        LUT6 (Prop_A6LUT_SLICEL_I5_O)
                                                      0.035     6.070 f  itch_zcu106_system_i/order_book_top_0/inst/ob_stock0/shadow_ask_chunks/current_best_ask[3]_i_3/O
                         net (fo=1, routed)           0.380     6.450    itch_zcu106_system_i/order_book_top_0/inst/ob_stock0/shadow_ask_chunks/current_best_ask[3]_i_3_n_0
    SLICE_X92Y163        LUT6 (Prop_H6LUT_SLICEL_I1_O)
                                                      0.036     6.486 r  itch_zcu106_system_i/order_book_top_0/inst/ob_stock0/shadow_ask_chunks/current_best_ask[3]_i_1/O
                         net (fo=2, routed)           0.362     6.848    itch_zcu106_system_i/order_book_top_0/inst/ob_stock0/shadow_ask_price_book/D[3]
    SLICE_X88Y147        LUT3 (Prop_G6LUT_SLICEM_I1_O)
                                                      0.037     6.885 r  itch_zcu106_system_i/order_book_top_0/inst/ob_stock0/shadow_ask_price_book/bram_reg_bram_0_i_12/O
                         net (fo=16, routed)          0.907     7.792    itch_zcu106_system_i/order_book_top_0/inst/ob_stock0/shadow_ask_price_book/bram_addr_a[3]
    RAMB36_X3Y21         RAMB36E2                                     r  itch_zcu106_system_i/order_book_top_0/inst/ob_stock0/shadow_ask_price_book/bram_reg_bram_9/ADDRARDADDR[5]
  -------------------------------------------------------------------    -------------------

                         (clock bram_clk_itch_zcu106_system_clk_wiz_0_0 rise edge)
                                                      5.000     5.000 r
    PS8_X0Y0             PS8                          0.000     5.000 r  itch_zcu106_system_i/zynq_ultra_ps_e_0/inst/PS8_i/PLCLK[0]
                         net (fo=1, routed)           0.143     5.143    itch_zcu106_system_i/zynq_ultra_ps_e_0/inst/pl_clk_unbuffered[0]
    BUFG_PS_X0Y85        BUFG_PS (Prop_BUFG_PS_I_O)
                                                      0.025     5.168 r  itch_zcu106_system_i/zynq_ultra_ps_e_0/inst/buffer_pl_clk_0.PL_CLK_0_BUFG/O
                         net (fo=1, routed)           1.488     6.656    itch_zcu106_system_i/clk_wiz_0/inst/clk_in1
    MMCM_X1Y2            MMCME4_ADV (Prop_MMCM_CLKIN1_CLKOUT0)
                                                      0.630     7.286 r  itch_zcu106_system_i/clk_wiz_0/inst/mmcme4_adv_inst/CLKOUT0
                         net (fo=1, routed)           0.216     7.502    itch_zcu106_system_i/clk_wiz_0/inst/bram_clk_itch_zcu106_system_clk_wiz_0_0
    BUFGCE_X1Y59         BUFGCE (Prop_BUFCE_BUFGCE_I_O)
                                                      0.024     7.526 r  itch_zcu106_system_i/clk_wiz_0/inst/clkout1_buf/O
    X2Y2 (CLOCK_ROOT)    net (fo=2910, routed)        1.265     8.791    itch_zcu106_system_i/order_book_top_0/inst/ob_stock0/shadow_ask_price_book/bram_clk
    RAMB36_X3Y21         RAMB36E2                                     r  itch_zcu106_system_i/order_book_top_0/inst/ob_stock0/shadow_ask_price_book/bram_reg_bram_9/CLKARDCLK
                         clock pessimism             -0.492     8.299
                         clock uncertainty           -0.057     8.241
    RAMB36_X3Y21         RAMB36E2 (Setup_RAMB36E2_RAMB36_CLKARDCLK_ADDRARDADDR[5])
                                                     -0.352     7.889    itch_zcu106_system_i/order_book_top_0/inst/ob_stock0/shadow_ask_price_book/bram_reg_bram_9
  -------------------------------------------------------------------
                         required time                          7.889
                         arrival time                          -7.792
  -------------------------------------------------------------------
                         slack                                  0.098





Min Delay Paths
--------------------------------------------------------------------------------------
Slack (MET) :             0.075ns  (arrival time - required time)
  Source:                 itch_zcu106_system_i/order_book_top_0/inst/ob_stock0/order_table/clk_phase_reg_rep__0/C
                            (rising edge-triggered cell FDSE clocked by bram_clk_itch_zcu106_system_clk_wiz_0_0  {rise@0.000ns fall@2.500ns period=5.000ns})
  Destination:            itch_zcu106_system_i/order_book_top_0/inst/ob_stock0/order_table/clk_phase_reg_rep__1/D
                            (rising edge-triggered cell FDSE clocked by bram_clk_itch_zcu106_system_clk_wiz_0_0  {rise@0.000ns fall@2.500ns period=5.000ns})
  Path Group:             bram_clk_itch_zcu106_system_clk_wiz_0_0
  Path Type:              Hold (Min at Fast Process Corner)
  Requirement:            0.000ns  (bram_clk_itch_zcu106_system_clk_wiz_0_0 rise@0.000ns - bram_clk_itch_zcu106_system_clk_wiz_0_0 rise@0.000ns)
  Data Path Delay:        0.210ns  (logic 0.059ns (28.162%)  route 0.151ns (71.838%))
  Logic Levels:           1  (LUT1=1)
  Clock Path Skew:        0.087ns (DCD - SCD - CPR)
    Destination Clock Delay (DCD):    1.982ns
    Source Clock Delay      (SCD):    2.193ns
    Clock Pessimism Removal (CPR):    -0.298ns
  Clock Net Delay (Source):      0.753ns (routing 0.096ns, distribution 0.657ns)
  Clock Net Delay (Destination): 0.900ns (routing 0.108ns, distribution 0.792ns)

    Location             Delay type                Incr(ns)  Path(ns)    Netlist Resource(s)
  -------------------------------------------------------------------    -------------------
                         (clock bram_clk_itch_zcu106_system_clk_wiz_0_0 rise edge)
                                                      0.000     0.000 r
    PS8_X0Y0             PS8                          0.000     0.000 r  itch_zcu106_system_i/zynq_ultra_ps_e_0/inst/PS8_i/PLCLK[0]
                         net (fo=1, routed)           0.122     0.122    itch_zcu106_system_i/zynq_ultra_ps_e_0/inst/pl_clk_unbuffered[0]
    BUFG_PS_X0Y85        BUFG_PS (Prop_BUFG_PS_I_O)
                                                      0.017     0.139 r  itch_zcu106_system_i/zynq_ultra_ps_e_0/inst/buffer_pl_clk_0.PL_CLK_0_BUFG/O
                         net (fo=1, routed)           0.908     1.047    itch_zcu106_system_i/clk_wiz_0/inst/clk_in1
    MMCM_X1Y2            MMCME4_ADV (Prop_MMCM_CLKIN1_CLKOUT0)
                                                      0.230     1.277 r  itch_zcu106_system_i/clk_wiz_0/inst/mmcme4_adv_inst/CLKOUT0
                         net (fo=1, routed)           0.146     1.423    itch_zcu106_system_i/clk_wiz_0/inst/bram_clk_itch_zcu106_system_clk_wiz_0_0
    BUFGCE_X1Y59         BUFGCE (Prop_BUFCE_BUFGCE_I_O)
                                                      0.017     1.440 r  itch_zcu106_system_i/clk_wiz_0/inst/clkout1_buf/O
    X2Y2 (CLOCK_ROOT)    net (fo=2910, routed)        0.753     2.193    itch_zcu106_system_i/order_book_top_0/inst/ob_stock0/order_table/bram_clk
    SLICE_X88Y335        FDSE                                         r  itch_zcu106_system_i/order_book_top_0/inst/ob_stock0/order_table/clk_phase_reg_rep__0/C
  -------------------------------------------------------------------    -------------------
    SLICE_X88Y335        FDSE (Prop_AFF_SLICEM_C_Q)
                                                      0.038     2.231 f  itch_zcu106_system_i/order_book_top_0/inst/ob_stock0/order_table/clk_phase_reg_rep__0/Q
                         net (fo=91, routed)          0.145     2.376    itch_zcu106_system_i/order_book_top_0/inst/ob_stock0/order_table/clk_phase_reg_rep__0_n_0
    SLICE_X93Y333        LUT1 (Prop_H5LUT_SLICEM_I0_O)
                                                      0.021     2.397 r  itch_zcu106_system_i/order_book_top_0/inst/ob_stock0/order_table/clk_phase_rep_i_1__1/O
                         net (fo=1, routed)           0.006     2.403    itch_zcu106_system_i/order_book_top_0/inst/ob_stock0/order_table/clk_phase_rep_i_1__1_n_0
    SLICE_X93Y333        FDSE                                         r  itch_zcu106_system_i/order_book_top_0/inst/ob_stock0/order_table/clk_phase_reg_rep__1/D
  -------------------------------------------------------------------    -------------------

                         (clock bram_clk_itch_zcu106_system_clk_wiz_0_0 rise edge)
                                                      0.000     0.000 r
    PS8_X0Y0             PS8                          0.000     0.000 r  itch_zcu106_system_i/zynq_ultra_ps_e_0/inst/PS8_i/PLCLK[0]
                         net (fo=1, routed)           0.154     0.154    itch_zcu106_system_i/zynq_ultra_ps_e_0/inst/pl_clk_unbuffered[0]
    BUFG_PS_X0Y85        BUFG_PS (Prop_BUFG_PS_I_O)
                                                      0.018     0.172 r  itch_zcu106_system_i/zynq_ultra_ps_e_0/inst/buffer_pl_clk_0.PL_CLK_0_BUFG/O
                         net (fo=1, routed)           1.020     1.192    itch_zcu106_system_i/clk_wiz_0/inst/clk_in1
    MMCM_X1Y2            MMCME4_ADV (Prop_MMCM_CLKIN1_CLKOUT0)
                                                     -0.295     0.897 r  itch_zcu106_system_i/clk_wiz_0/inst/mmcme4_adv_inst/CLKOUT0
                         net (fo=1, routed)           0.166     1.063    itch_zcu106_system_i/clk_wiz_0/inst/bram_clk_itch_zcu106_system_clk_wiz_0_0
    BUFGCE_X1Y59         BUFGCE (Prop_BUFCE_BUFGCE_I_O)
                                                      0.019     1.082 r  itch_zcu106_system_i/clk_wiz_0/inst/clkout1_buf/O
    X2Y2 (CLOCK_ROOT)    net (fo=2910, routed)        0.900     1.982    itch_zcu106_system_i/order_book_top_0/inst/ob_stock0/order_table/bram_clk
    SLICE_X93Y333        FDSE                                         r  itch_zcu106_system_i/order_book_top_0/inst/ob_stock0/order_table/clk_phase_reg_rep__1/C
                         clock pessimism              0.298     2.280
    SLICE_X93Y333        FDSE (Hold_HFF2_SLICEM_C_D)
                                                      0.047     2.327    itch_zcu106_system_i/order_book_top_0/inst/ob_stock0/order_table/clk_phase_reg_rep__1
  -------------------------------------------------------------------
                         required time                         -2.327
                         arrival time                           2.403
  -------------------------------------------------------------------
                         slack                                  0.075





Pulse Width Checks
--------------------------------------------------------------------------------------
Clock Name:         bram_clk_itch_zcu106_system_clk_wiz_0_0
Waveform(ns):       { 0.000 2.500 }
Period(ns):         5.000
Sources:            { itch_zcu106_system_i/clk_wiz_0/inst/mmcme4_adv_inst/CLKOUT0 }

Check Type        Corner  Lib Pin             Reference Pin  Required(ns)  Actual(ns)  Slack(ns)  Location      Pin
Min Period        n/a     RAMB36E2/CLKARDCLK  n/a            1.569         5.000       3.431      RAMB36_X4Y39  itch_zcu106_system_i/order_book_top_0/inst/ob_stock0/ask_chunks/bram_reg_bram_0/CLKARDCLK
Low Pulse Width   Slow    RAMB36E2/CLKARDCLK  n/a            0.542         2.500       1.958      RAMB36_X4Y39  itch_zcu106_system_i/order_book_top_0/inst/ob_stock0/ask_chunks/bram_reg_bram_0/CLKARDCLK
High Pulse Width  Slow    RAMB36E2/CLKARDCLK  n/a            0.542         2.500       1.958      RAMB36_X4Y39  itch_zcu106_system_i/order_book_top_0/inst/ob_stock0/ask_chunks/bram_reg_bram_0/CLKARDCLK



---------------------------------------------------------------------------------------------------
From Clock:  data_clk_itch_zcu106_system_clk_wiz_0_0
  To Clock:  data_clk_itch_zcu106_system_clk_wiz_0_0

Setup :            0  Failing Endpoints,  Worst Slack        2.115ns,  Total Violation        0.000ns
Hold  :            0  Failing Endpoints,  Worst Slack        0.010ns,  Total Violation        0.000ns
PW    :            0  Failing Endpoints,  Worst Slack        3.500ns,  Total Violation        0.000ns
---------------------------------------------------------------------------------------------------


Max Delay Paths
--------------------------------------------------------------------------------------
Slack (MET) :             2.115ns  (required time - arrival time)
  Source:                 itch_zcu106_system_i/proc_sys_reset_1/U0/ACTIVE_LOW_PR_OUT_DFF[0].FDRE_PER_N/C
                            (rising edge-triggered cell FDRE clocked by data_clk_itch_zcu106_system_clk_wiz_0_0  {rise@0.000ns fall@5.000ns period=10.000ns})
  Destination:            itch_zcu106_system_i/order_book_top_0/inst/ob_stock0/cam_reg[63][orn][20]/R
                            (rising edge-triggered cell FDRE clocked by data_clk_itch_zcu106_system_clk_wiz_0_0  {rise@0.000ns fall@5.000ns period=10.000ns})
  Path Group:             data_clk_itch_zcu106_system_clk_wiz_0_0
  Path Type:              Setup (Max at Slow Process Corner)
  Requirement:            10.000ns  (data_clk_itch_zcu106_system_clk_wiz_0_0 rise@10.000ns - data_clk_itch_zcu106_system_clk_wiz_0_0 rise@0.000ns)
  Data Path Delay:        7.668ns  (logic 0.328ns (4.278%)  route 7.340ns (95.722%))
  Logic Levels:           3  (LUT4=2 LUT6=1)
  Clock Path Skew:        -0.080ns (DCD - SCD + CPR)
    Destination Clock Delay (DCD):    3.840ns = ( 13.840 - 10.000 )
    Source Clock Delay      (SCD):    3.430ns
    Clock Pessimism Removal (CPR):    -0.490ns
  Clock Uncertainty:      0.062ns  ((TSJ^2 + DJ^2)^1/2) / 2 + PE
    Total System Jitter     (TSJ):    0.071ns
    Discrete Jitter          (DJ):    0.103ns
    Phase Error              (PE):    0.000ns
  Clock Net Delay (Source):      1.406ns (routing 0.171ns, distribution 1.235ns)
  Clock Net Delay (Destination): 1.310ns (routing 0.155ns, distribution 1.155ns)

    Location             Delay type                Incr(ns)  Path(ns)    Netlist Resource(s)
  -------------------------------------------------------------------    -------------------
                         (clock data_clk_itch_zcu106_system_clk_wiz_0_0 rise edge)
                                                      0.000     0.000 r
    PS8_X0Y0             PS8                          0.000     0.000 r  itch_zcu106_system_i/zynq_ultra_ps_e_0/inst/PS8_i/PLCLK[0]
                         net (fo=1, routed)           0.180     0.180    itch_zcu106_system_i/zynq_ultra_ps_e_0/inst/pl_clk_unbuffered[0]
    BUFG_PS_X0Y85        BUFG_PS (Prop_BUFG_PS_I_O)
                                                      0.028     0.208 r  itch_zcu106_system_i/zynq_ultra_ps_e_0/inst/buffer_pl_clk_0.PL_CLK_0_BUFG/O
                         net (fo=1, routed)           1.664     1.872    itch_zcu106_system_i/clk_wiz_0/inst/clk_in1
    MMCM_X1Y2            MMCME4_ADV (Prop_MMCM_CLKIN1_CLKOUT1)
                                                     -0.127     1.745 r  itch_zcu106_system_i/clk_wiz_0/inst/mmcme4_adv_inst/CLKOUT1
                         net (fo=1, routed)           0.251     1.996    itch_zcu106_system_i/clk_wiz_0/inst/data_clk_itch_zcu106_system_clk_wiz_0_0
    BUFGCE_X1Y70         BUFGCE (Prop_BUFCE_BUFGCE_I_O)
                                                      0.028     2.024 r  itch_zcu106_system_i/clk_wiz_0/inst/clkout2_buf/O
    X2Y2 (CLOCK_ROOT)    net (fo=40062, routed)       1.406     3.430    itch_zcu106_system_i/proc_sys_reset_1/U0/slowest_sync_clk
    SLICE_X58Y172        FDRE                                         r  itch_zcu106_system_i/proc_sys_reset_1/U0/ACTIVE_LOW_PR_OUT_DFF[0].FDRE_PER_N/C
  -------------------------------------------------------------------    -------------------
    SLICE_X58Y172        FDRE (Prop_EFF_SLICEL_C_Q)
                                                      0.079     3.509 r  itch_zcu106_system_i/proc_sys_reset_1/U0/ACTIVE_LOW_PR_OUT_DFF[0].FDRE_PER_N/Q
                         net (fo=1141, routed)        1.721     5.230    itch_zcu106_system_i/order_book_top_0/inst/ob_stock0/rst_n
    SLICE_X85Y188        LUT4 (Prop_D6LUT_SLICEL_I1_O)
                                                      0.099     5.329 r  itch_zcu106_system_i/order_book_top_0/inst/ob_stock0/cam[63][valid]_i_5/O
                         net (fo=1, routed)           0.043     5.372    itch_zcu106_system_i/order_book_top_0/inst/ob_stock0/cam[63][valid]_i_5_n_0
    SLICE_X85Y188        LUT4 (Prop_G6LUT_SLICEL_I0_O)
                                                      0.097     5.469 r  itch_zcu106_system_i/order_book_top_0/inst/ob_stock0/cam[63][valid]_i_3/O
                         net (fo=6, routed)           0.364     5.833    itch_zcu106_system_i/order_book_top_0/inst/ob_stock0/cam[63][valid]_i_3_n_0
    SLICE_X86Y199        LUT6 (Prop_H6LUT_SLICEM_I0_O)
                                                      0.053     5.886 r  itch_zcu106_system_i/order_book_top_0/inst/ob_stock0/cam[63][valid]_i_1/O
                         net (fo=113, routed)         5.212    11.098    itch_zcu106_system_i/order_book_top_0/inst/ob_stock0/cam15_out
    SLICE_X55Y332        FDRE                                         r  itch_zcu106_system_i/order_book_top_0/inst/ob_stock0/cam_reg[63][orn][20]/R
  -------------------------------------------------------------------    -------------------

                         (clock data_clk_itch_zcu106_system_clk_wiz_0_0 rise edge)
                                                     10.000    10.000 r
    PS8_X0Y0             PS8                          0.000    10.000 r  itch_zcu106_system_i/zynq_ultra_ps_e_0/inst/PS8_i/PLCLK[0]
                         net (fo=1, routed)           0.143    10.143    itch_zcu106_system_i/zynq_ultra_ps_e_0/inst/pl_clk_unbuffered[0]
    BUFG_PS_X0Y85        BUFG_PS (Prop_BUFG_PS_I_O)
                                                      0.025    10.168 r  itch_zcu106_system_i/zynq_ultra_ps_e_0/inst/buffer_pl_clk_0.PL_CLK_0_BUFG/O
                         net (fo=1, routed)           1.488    11.656    itch_zcu106_system_i/clk_wiz_0/inst/clk_in1
    MMCM_X1Y2            MMCME4_ADV (Prop_MMCM_CLKIN1_CLKOUT1)
                                                      0.630    12.286 r  itch_zcu106_system_i/clk_wiz_0/inst/mmcme4_adv_inst/CLKOUT1
                         net (fo=1, routed)           0.220    12.506    itch_zcu106_system_i/clk_wiz_0/inst/data_clk_itch_zcu106_system_clk_wiz_0_0
    BUFGCE_X1Y70         BUFGCE (Prop_BUFCE_BUFGCE_I_O)
                                                      0.024    12.530 r  itch_zcu106_system_i/clk_wiz_0/inst/clkout2_buf/O
    X2Y2 (CLOCK_ROOT)    net (fo=40062, routed)       1.310    13.840    itch_zcu106_system_i/order_book_top_0/inst/ob_stock0/clk
    SLICE_X55Y332        FDRE                                         r  itch_zcu106_system_i/order_book_top_0/inst/ob_stock0/cam_reg[63][orn][20]/C
                         clock pessimism             -0.490    13.350
                         clock uncertainty           -0.062    13.287
    SLICE_X55Y332        FDRE (Setup_AFF_SLICEL_C_R)
                                                     -0.074    13.213    itch_zcu106_system_i/order_book_top_0/inst/ob_stock0/cam_reg[63][orn][20]
  -------------------------------------------------------------------
                         required time                         13.213
                         arrival time                         -11.098
  -------------------------------------------------------------------
                         slack                                  2.115





Min Delay Paths
--------------------------------------------------------------------------------------
Slack (MET) :             0.010ns  (arrival time - required time)
  Source:                 itch_zcu106_system_i/order_book_top_0/inst/ob_stock2/bbo_out_block/bbo_data_o_reg[bid_price][19]/C
                            (rising edge-triggered cell FDRE clocked by data_clk_itch_zcu106_system_clk_wiz_0_0  {rise@0.000ns fall@5.000ns period=10.000ns})
  Destination:            itch_zcu106_system_i/order_book_top_0/inst/fifo_2_reg[0][bid_price]_0_15_14_27/RAMC_D1/I
                            (rising edge-triggered cell RAMD32 clocked by data_clk_itch_zcu106_system_clk_wiz_0_0  {rise@0.000ns fall@5.000ns period=10.000ns})
  Path Group:             data_clk_itch_zcu106_system_clk_wiz_0_0
  Path Type:              Hold (Min at Slow Process Corner)
  Requirement:            0.000ns  (data_clk_itch_zcu106_system_clk_wiz_0_0 rise@0.000ns - data_clk_itch_zcu106_system_clk_wiz_0_0 rise@0.000ns)
  Data Path Delay:        0.175ns  (logic 0.059ns (33.714%)  route 0.116ns (66.286%))
  Logic Levels:           0
  Clock Path Skew:        0.105ns (DCD - SCD - CPR)
    Destination Clock Delay (DCD):    3.504ns
    Source Clock Delay      (SCD):    3.817ns
    Clock Pessimism Removal (CPR):    -0.418ns
  Clock Net Delay (Source):      1.287ns (routing 0.155ns, distribution 1.132ns)
  Clock Net Delay (Destination): 1.480ns (routing 0.171ns, distribution 1.309ns)

    Location             Delay type                Incr(ns)  Path(ns)    Netlist Resource(s)
  -------------------------------------------------------------------    -------------------
                         (clock data_clk_itch_zcu106_system_clk_wiz_0_0 rise edge)
                                                      0.000     0.000 r
    PS8_X0Y0             PS8                          0.000     0.000 r  itch_zcu106_system_i/zynq_ultra_ps_e_0/inst/PS8_i/PLCLK[0]
                         net (fo=1, routed)           0.143     0.143    itch_zcu106_system_i/zynq_ultra_ps_e_0/inst/pl_clk_unbuffered[0]
    BUFG_PS_X0Y85        BUFG_PS (Prop_BUFG_PS_I_O)
                                                      0.025     0.168 r  itch_zcu106_system_i/zynq_ultra_ps_e_0/inst/buffer_pl_clk_0.PL_CLK_0_BUFG/O
                         net (fo=1, routed)           1.488     1.656    itch_zcu106_system_i/clk_wiz_0/inst/clk_in1
    MMCM_X1Y2            MMCME4_ADV (Prop_MMCM_CLKIN1_CLKOUT1)
                                                      0.630     2.286 r  itch_zcu106_system_i/clk_wiz_0/inst/mmcme4_adv_inst/CLKOUT1
                         net (fo=1, routed)           0.220     2.506    itch_zcu106_system_i/clk_wiz_0/inst/data_clk_itch_zcu106_system_clk_wiz_0_0
    BUFGCE_X1Y70         BUFGCE (Prop_BUFCE_BUFGCE_I_O)
                                                      0.024     2.530 r  itch_zcu106_system_i/clk_wiz_0/inst/clkout2_buf/O
    X2Y2 (CLOCK_ROOT)    net (fo=40062, routed)       1.287     3.817    itch_zcu106_system_i/order_book_top_0/inst/ob_stock2/bbo_out_block/clk
    SLICE_X60Y190        FDRE                                         r  itch_zcu106_system_i/order_book_top_0/inst/ob_stock2/bbo_out_block/bbo_data_o_reg[bid_price][19]/C
  -------------------------------------------------------------------    -------------------
    SLICE_X60Y190        FDRE (Prop_DFF_SLICEL_C_Q)
                                                      0.059     3.876 r  itch_zcu106_system_i/order_book_top_0/inst/ob_stock2/bbo_out_block/bbo_data_o_reg[bid_price][19]/Q
                         net (fo=1, routed)           0.116     3.992    itch_zcu106_system_i/order_book_top_0/inst/fifo_2_reg[0][bid_price]_0_15_14_27/DIC1
    SLICE_X61Y192        RAMD32                                       r  itch_zcu106_system_i/order_book_top_0/inst/fifo_2_reg[0][bid_price]_0_15_14_27/RAMC_D1/I
  -------------------------------------------------------------------    -------------------

                         (clock data_clk_itch_zcu106_system_clk_wiz_0_0 rise edge)
                                                      0.000     0.000 r
    PS8_X0Y0             PS8                          0.000     0.000 r  itch_zcu106_system_i/zynq_ultra_ps_e_0/inst/PS8_i/PLCLK[0]
                         net (fo=1, routed)           0.180     0.180    itch_zcu106_system_i/zynq_ultra_ps_e_0/inst/pl_clk_unbuffered[0]
    BUFG_PS_X0Y85        BUFG_PS (Prop_BUFG_PS_I_O)
                                                      0.028     0.208 r  itch_zcu106_system_i/zynq_ultra_ps_e_0/inst/buffer_pl_clk_0.PL_CLK_0_BUFG/O
                         net (fo=1, routed)           1.664     1.872    itch_zcu106_system_i/clk_wiz_0/inst/clk_in1
    MMCM_X1Y2            MMCME4_ADV (Prop_MMCM_CLKIN1_CLKOUT1)
                                                     -0.127     1.745 r  itch_zcu106_system_i/clk_wiz_0/inst/mmcme4_adv_inst/CLKOUT1
                         net (fo=1, routed)           0.251     1.996    itch_zcu106_system_i/clk_wiz_0/inst/data_clk_itch_zcu106_system_clk_wiz_0_0
    BUFGCE_X1Y70         BUFGCE (Prop_BUFCE_BUFGCE_I_O)
                                                      0.028     2.024 r  itch_zcu106_system_i/clk_wiz_0/inst/clkout2_buf/O
    X2Y2 (CLOCK_ROOT)    net (fo=40062, routed)       1.480     3.504    itch_zcu106_system_i/order_book_top_0/inst/fifo_2_reg[0][bid_price]_0_15_14_27/WCLK
    SLICE_X61Y192        RAMD32                                       r  itch_zcu106_system_i/order_book_top_0/inst/fifo_2_reg[0][bid_price]_0_15_14_27/RAMC_D1/CLK
                         clock pessimism              0.418     3.922
    SLICE_X61Y192        RAMD32 (Hold_C6LUT_SLICEM_CLK_I)
                                                      0.060     3.982    itch_zcu106_system_i/order_book_top_0/inst/fifo_2_reg[0][bid_price]_0_15_14_27/RAMC_D1
  -------------------------------------------------------------------
                         required time                         -3.982
                         arrival time                           3.992
  -------------------------------------------------------------------
                         slack                                  0.010





Pulse Width Checks
--------------------------------------------------------------------------------------
Clock Name:         data_clk_itch_zcu106_system_clk_wiz_0_0
Waveform(ns):       { 0.000 5.000 }
Period(ns):         10.000
Sources:            { itch_zcu106_system_i/clk_wiz_0/inst/mmcme4_adv_inst/CLKOUT1 }

Check Type        Corner  Lib Pin          Reference Pin  Required(ns)  Actual(ns)  Slack(ns)  Location  Pin
Min Period        n/a     PS8/MAXIGP2ACLK  n/a            3.000         10.000      7.000      PS8_X0Y0  itch_zcu106_system_i/zynq_ultra_ps_e_0/inst/PS8_i/MAXIGP2ACLK
Low Pulse Width   Slow    PS8/MAXIGP2ACLK  n/a            1.500         5.000       3.500      PS8_X0Y0  itch_zcu106_system_i/zynq_ultra_ps_e_0/inst/PS8_i/MAXIGP2ACLK
High Pulse Width  Slow    PS8/MAXIGP2ACLK  n/a            1.500         5.000       3.500      PS8_X0Y0  itch_zcu106_system_i/zynq_ultra_ps_e_0/inst/PS8_i/MAXIGP2ACLK



---------------------------------------------------------------------------------------------------
From Clock:  network_clk_itch_zcu106_system_clk_wiz_0_0
  To Clock:  network_clk_itch_zcu106_system_clk_wiz_0_0

Setup :            0  Failing Endpoints,  Worst Slack        1.438ns,  Total Violation        0.000ns
Hold  :            0  Failing Endpoints,  Worst Slack        0.022ns,  Total Violation        0.000ns
PW    :            0  Failing Endpoints,  Worst Slack        2.682ns,  Total Violation        0.000ns
---------------------------------------------------------------------------------------------------


Max Delay Paths
--------------------------------------------------------------------------------------
Slack (MET) :             1.438ns  (required time - arrival time)
  Source:                 itch_zcu106_system_i/network_ingress_top_0/inst/ingress_top_inst/u_mold_deframe/m_payload_tkeep_o_reg[1]/C
                            (rising edge-triggered cell FDRE clocked by network_clk_itch_zcu106_system_clk_wiz_0_0  {rise@0.000ns fall@3.214ns period=6.429ns})
  Destination:            itch_zcu106_system_i/network_ingress_top_0/inst/ingress_top_inst/u_realign/flush_pending_reg_inv/D
                            (rising edge-triggered cell FDSE clocked by network_clk_itch_zcu106_system_clk_wiz_0_0  {rise@0.000ns fall@3.214ns period=6.429ns})
  Path Group:             network_clk_itch_zcu106_system_clk_wiz_0_0
  Path Type:              Setup (Max at Slow Process Corner)
  Requirement:            6.429ns  (network_clk_itch_zcu106_system_clk_wiz_0_0 rise@6.429ns - network_clk_itch_zcu106_system_clk_wiz_0_0 rise@0.000ns)
  Data Path Delay:        4.869ns  (logic 1.333ns (27.376%)  route 3.536ns (72.624%))
  Logic Levels:           13  (CARRY8=2 LUT2=2 LUT5=2 LUT6=7)
  Clock Path Skew:        -0.087ns (DCD - SCD + CPR)
    Destination Clock Delay (DCD):    3.674ns = ( 10.102 - 6.429 )
    Source Clock Delay      (SCD):    3.333ns
    Clock Pessimism Removal (CPR):    -0.428ns
  Clock Uncertainty:      0.059ns  ((TSJ^2 + DJ^2)^1/2) / 2 + PE
    Total System Jitter     (TSJ):    0.071ns
    Discrete Jitter          (DJ):    0.095ns
    Phase Error              (PE):    0.000ns
  Clock Net Delay (Source):      1.313ns (routing 0.474ns, distribution 0.839ns)
  Clock Net Delay (Destination): 1.148ns (routing 0.432ns, distribution 0.716ns)

    Location             Delay type                Incr(ns)  Path(ns)    Netlist Resource(s)
  -------------------------------------------------------------------    -------------------
                         (clock network_clk_itch_zcu106_system_clk_wiz_0_0 rise edge)
                                                      0.000     0.000 r
    PS8_X0Y0             PS8                          0.000     0.000 r  itch_zcu106_system_i/zynq_ultra_ps_e_0/inst/PS8_i/PLCLK[0]
                         net (fo=1, routed)           0.180     0.180    itch_zcu106_system_i/zynq_ultra_ps_e_0/inst/pl_clk_unbuffered[0]
    BUFG_PS_X0Y85        BUFG_PS (Prop_BUFG_PS_I_O)
                                                      0.028     0.208 r  itch_zcu106_system_i/zynq_ultra_ps_e_0/inst/buffer_pl_clk_0.PL_CLK_0_BUFG/O
                         net (fo=1, routed)           1.664     1.872    itch_zcu106_system_i/clk_wiz_0/inst/clk_in1
    MMCM_X1Y2            MMCME4_ADV (Prop_MMCM_CLKIN1_CLKOUT2)
                                                     -0.127     1.745 r  itch_zcu106_system_i/clk_wiz_0/inst/mmcme4_adv_inst/CLKOUT2
                         net (fo=1, routed)           0.247     1.992    itch_zcu106_system_i/clk_wiz_0/inst/network_clk_itch_zcu106_system_clk_wiz_0_0
    BUFGCE_X1Y62         BUFGCE (Prop_BUFCE_BUFGCE_I_O)
                                                      0.028     2.020 r  itch_zcu106_system_i/clk_wiz_0/inst/clkout3_buf/O
    X1Y2 (CLOCK_ROOT)    net (fo=973, routed)         1.313     3.333    itch_zcu106_system_i/network_ingress_top_0/inst/ingress_top_inst/u_mold_deframe/s00_axis_aclk
    SLICE_X60Y173        FDRE                                         r  itch_zcu106_system_i/network_ingress_top_0/inst/ingress_top_inst/u_mold_deframe/m_payload_tkeep_o_reg[1]/C
  -------------------------------------------------------------------    -------------------
    SLICE_X60Y173        FDRE (Prop_AFF2_SLICEL_C_Q)
                                                      0.081     3.414 r  itch_zcu106_system_i/network_ingress_top_0/inst/ingress_top_inst/u_mold_deframe/m_payload_tkeep_o_reg[1]/Q
                         net (fo=17, routed)          0.484     3.898    itch_zcu106_system_i/network_ingress_top_0/inst/ingress_top_inst/u_mold_deframe/m_payload_tkeep_o_reg[3]_0[0]
    SLICE_X63Y173        LUT6 (Prop_H6LUT_SLICEM_I1_O)
                                                      0.152     4.050 f  itch_zcu106_system_i/network_ingress_top_0/inst/ingress_top_inst/u_mold_deframe/dropping_payload_i_3/O
                         net (fo=4, routed)           0.263     4.313    itch_zcu106_system_i/network_ingress_top_0/inst/ingress_top_inst/u_realign/flush_pending_reg_inv_1
    SLICE_X63Y173        LUT2 (Prop_C5LUT_SLICEM_I1_O)
                                                      0.111     4.424 r  itch_zcu106_system_i/network_ingress_top_0/inst/ingress_top_inst/u_realign/m_axis_tdata_o[31]_i_13/O
                         net (fo=79, routed)          0.457     4.881    itch_zcu106_system_i/network_ingress_top_0/inst/ingress_top_inst/u_mold_deframe/reservoir_count_reg[2]
    SLICE_X61Y175        LUT5 (Prop_D5LUT_SLICEM_I2_O)
                                                      0.110     4.991 f  itch_zcu106_system_i/network_ingress_top_0/inst/ingress_top_inst/u_mold_deframe/reservoir_count[2]_i_5/O
                         net (fo=4, routed)           0.181     5.172    itch_zcu106_system_i/network_ingress_top_0/inst/ingress_top_inst/u_realign/reservoir_count_reg[3]_5
    SLICE_X60Y175        LUT6 (Prop_G6LUT_SLICEL_I2_O)
                                                      0.089     5.261 r  itch_zcu106_system_i/network_ingress_top_0/inst/ingress_top_inst/u_realign/m_axis_tvalid_o_i_4/O
                         net (fo=1, routed)           0.161     5.422    itch_zcu106_system_i/network_ingress_top_0/inst/ingress_top_inst/u_realign/m_axis_tvalid_o_i_4_n_0
    SLICE_X60Y175        CARRY8 (Prop_CARRY8_SLICEL_DI[1]_CO[1])
                                                      0.070     5.492 r  itch_zcu106_system_i/network_ingress_top_0/inst/ingress_top_inst/u_realign/m_axis_tvalid_o_reg_i_3/CO[1]
                         net (fo=2, routed)           0.300     5.792    itch_zcu106_system_i/network_ingress_top_0/inst/ingress_top_inst/u_realign/m_axis_tvalid_o_reg_i_3_n_6
    SLICE_X62Y175        LUT6 (Prop_H6LUT_SLICEL_I4_O)
                                                      0.051     5.843 f  itch_zcu106_system_i/network_ingress_top_0/inst/ingress_top_inst/u_realign/len_rd_ptr[3]_i_4/O
                         net (fo=9, routed)           0.108     5.951    itch_zcu106_system_i/network_ingress_top_0/inst/ingress_top_inst/u_realign/len_rd_ptr[3]_i_4_n_0
    SLICE_X62Y174        LUT2 (Prop_C5LUT_SLICEL_I0_O)
                                                      0.110     6.061 r  itch_zcu106_system_i/network_ingress_top_0/inst/ingress_top_inst/u_realign/len_rd_ptr[3]_i_2/O
                         net (fo=25, routed)          0.590     6.651    itch_zcu106_system_i/network_ingress_top_0/inst/ingress_top_inst/u_realign/p_0_in[0]
    SLICE_X59Y174        LUT6 (Prop_C6LUT_SLICEL_I1_O)
                                                      0.096     6.747 f  itch_zcu106_system_i/network_ingress_top_0/inst/ingress_top_inst/u_realign/msg_bytes_left[14]_i_1/O
                         net (fo=2, routed)           0.146     6.893    itch_zcu106_system_i/network_ingress_top_0/inst/ingress_top_inst/u_realign/next_state_logic.msg_bytes_left_work[14]
    SLICE_X59Y174        LUT6 (Prop_H6LUT_SLICEL_I5_O)
                                                      0.124     7.017 f  itch_zcu106_system_i/network_ingress_top_0/inst/ingress_top_inst/u_realign/flush_pending_inv_i_12/O
                         net (fo=4, routed)           0.091     7.108    itch_zcu106_system_i/network_ingress_top_0/inst/ingress_top_inst/u_realign/flush_pending_inv_i_12_n_0
    SLICE_X60Y174        LUT5 (Prop_F6LUT_SLICEL_I2_O)
                                                      0.089     7.197 f  itch_zcu106_system_i/network_ingress_top_0/inst/ingress_top_inst/u_realign/flush_pending_inv_i_8/O
                         net (fo=1, routed)           0.265     7.462    itch_zcu106_system_i/network_ingress_top_0/inst/ingress_top_inst/u_realign/flush_pending_inv_i_8_n_0
    SLICE_X60Y174        CARRY8 (Prop_CARRY8_SLICEL_DI[1]_CO[1])
                                                      0.070     7.532 f  itch_zcu106_system_i/network_ingress_top_0/inst/ingress_top_inst/u_realign/flush_pending_reg_inv_i_4/CO[1]
                         net (fo=1, routed)           0.294     7.826    itch_zcu106_system_i/network_ingress_top_0/inst/ingress_top_inst/u_realign/flush_pending_reg_inv_i_4_n_6
    SLICE_X62Y174        LUT6 (Prop_H6LUT_SLICEL_I0_O)
                                                      0.090     7.916 f  itch_zcu106_system_i/network_ingress_top_0/inst/ingress_top_inst/u_realign/flush_pending_inv_i_2/O
                         net (fo=1, routed)           0.148     8.064    itch_zcu106_system_i/network_ingress_top_0/inst/ingress_top_inst/u_realign/flush_pending_inv_i_2_n_0
    SLICE_X62Y173        LUT6 (Prop_A6LUT_SLICEL_I1_O)
                                                      0.090     8.154 r  itch_zcu106_system_i/network_ingress_top_0/inst/ingress_top_inst/u_realign/flush_pending_inv_i_1/O
                         net (fo=1, routed)           0.048     8.202    itch_zcu106_system_i/network_ingress_top_0/inst/ingress_top_inst/u_realign/flush_pending_inv_i_1_n_0
    SLICE_X62Y173        FDSE                                         r  itch_zcu106_system_i/network_ingress_top_0/inst/ingress_top_inst/u_realign/flush_pending_reg_inv/D
  -------------------------------------------------------------------    -------------------

                         (clock network_clk_itch_zcu106_system_clk_wiz_0_0 rise edge)
                                                      6.429     6.429 r
    PS8_X0Y0             PS8                          0.000     6.429 r  itch_zcu106_system_i/zynq_ultra_ps_e_0/inst/PS8_i/PLCLK[0]
                         net (fo=1, routed)           0.143     6.572    itch_zcu106_system_i/zynq_ultra_ps_e_0/inst/pl_clk_unbuffered[0]
    BUFG_PS_X0Y85        BUFG_PS (Prop_BUFG_PS_I_O)
                                                      0.025     6.597 r  itch_zcu106_system_i/zynq_ultra_ps_e_0/inst/buffer_pl_clk_0.PL_CLK_0_BUFG/O
                         net (fo=1, routed)           1.488     8.085    itch_zcu106_system_i/clk_wiz_0/inst/clk_in1
    MMCM_X1Y2            MMCME4_ADV (Prop_MMCM_CLKIN1_CLKOUT2)
                                                      0.630     8.715 r  itch_zcu106_system_i/clk_wiz_0/inst/mmcme4_adv_inst/CLKOUT2
                         net (fo=1, routed)           0.216     8.931    itch_zcu106_system_i/clk_wiz_0/inst/network_clk_itch_zcu106_system_clk_wiz_0_0
    BUFGCE_X1Y62         BUFGCE (Prop_BUFCE_BUFGCE_I_O)
                                                      0.024     8.955 r  itch_zcu106_system_i/clk_wiz_0/inst/clkout3_buf/O
    X1Y2 (CLOCK_ROOT)    net (fo=973, routed)         1.148    10.102    itch_zcu106_system_i/network_ingress_top_0/inst/ingress_top_inst/u_realign/s00_axis_aclk
    SLICE_X62Y173        FDSE                                         r  itch_zcu106_system_i/network_ingress_top_0/inst/ingress_top_inst/u_realign/flush_pending_reg_inv/C
                         clock pessimism             -0.428     9.674
                         clock uncertainty           -0.059     9.615
    SLICE_X62Y173        FDSE (Setup_AFF_SLICEL_C_D)
                                                      0.025     9.640    itch_zcu106_system_i/network_ingress_top_0/inst/ingress_top_inst/u_realign/flush_pending_reg_inv
  -------------------------------------------------------------------
                         required time                          9.640
                         arrival time                          -8.202
  -------------------------------------------------------------------
                         slack                                  1.438





Min Delay Paths
--------------------------------------------------------------------------------------
Slack (MET) :             0.022ns  (arrival time - required time)
  Source:                 itch_zcu106_system_i/network_ingress_top_0/inst/ingress_top_inst/u_mold_deframe/m_msg_len_o_reg[9]/C
                            (rising edge-triggered cell FDRE clocked by network_clk_itch_zcu106_system_clk_wiz_0_0  {rise@0.000ns fall@3.214ns period=6.429ns})
  Destination:            itch_zcu106_system_i/network_ingress_top_0/inst/ingress_top_inst/u_realign/len_fifo_reg_0_15_0_13/RAME_D1/I
                            (rising edge-triggered cell RAMD32 clocked by network_clk_itch_zcu106_system_clk_wiz_0_0  {rise@0.000ns fall@3.214ns period=6.429ns})
  Path Group:             network_clk_itch_zcu106_system_clk_wiz_0_0
  Path Type:              Hold (Min at Slow Process Corner)
  Requirement:            0.000ns  (network_clk_itch_zcu106_system_clk_wiz_0_0 rise@0.000ns - network_clk_itch_zcu106_system_clk_wiz_0_0 rise@0.000ns)
  Data Path Delay:        0.142ns  (logic 0.060ns (42.134%)  route 0.082ns (57.866%))
  Logic Levels:           0
  Clock Path Skew:        0.061ns (DCD - SCD - CPR)
    Destination Clock Delay (DCD):    3.345ns
    Source Clock Delay      (SCD):    3.664ns
    Clock Pessimism Removal (CPR):    -0.379ns
  Clock Net Delay (Source):      1.138ns (routing 0.432ns, distribution 0.706ns)
  Clock Net Delay (Destination): 1.325ns (routing 0.474ns, distribution 0.851ns)

    Location             Delay type                Incr(ns)  Path(ns)    Netlist Resource(s)
  -------------------------------------------------------------------    -------------------
                         (clock network_clk_itch_zcu106_system_clk_wiz_0_0 rise edge)
                                                      0.000     0.000 r
    PS8_X0Y0             PS8                          0.000     0.000 r  itch_zcu106_system_i/zynq_ultra_ps_e_0/inst/PS8_i/PLCLK[0]
                         net (fo=1, routed)           0.143     0.143    itch_zcu106_system_i/zynq_ultra_ps_e_0/inst/pl_clk_unbuffered[0]
    BUFG_PS_X0Y85        BUFG_PS (Prop_BUFG_PS_I_O)
                                                      0.025     0.168 r  itch_zcu106_system_i/zynq_ultra_ps_e_0/inst/buffer_pl_clk_0.PL_CLK_0_BUFG/O
                         net (fo=1, routed)           1.488     1.656    itch_zcu106_system_i/clk_wiz_0/inst/clk_in1
    MMCM_X1Y2            MMCME4_ADV (Prop_MMCM_CLKIN1_CLKOUT2)
                                                      0.630     2.286 r  itch_zcu106_system_i/clk_wiz_0/inst/mmcme4_adv_inst/CLKOUT2
                         net (fo=1, routed)           0.216     2.502    itch_zcu106_system_i/clk_wiz_0/inst/network_clk_itch_zcu106_system_clk_wiz_0_0
    BUFGCE_X1Y62         BUFGCE (Prop_BUFCE_BUFGCE_I_O)
                                                      0.024     2.526 r  itch_zcu106_system_i/clk_wiz_0/inst/clkout3_buf/O
    X1Y2 (CLOCK_ROOT)    net (fo=973, routed)         1.138     3.664    itch_zcu106_system_i/network_ingress_top_0/inst/ingress_top_inst/u_mold_deframe/s00_axis_aclk
    SLICE_X61Y171        FDRE                                         r  itch_zcu106_system_i/network_ingress_top_0/inst/ingress_top_inst/u_mold_deframe/m_msg_len_o_reg[9]/C
  -------------------------------------------------------------------    -------------------
    SLICE_X61Y171        FDRE (Prop_GFF2_SLICEM_C_Q)
                                                      0.060     3.724 r  itch_zcu106_system_i/network_ingress_top_0/inst/ingress_top_inst/u_mold_deframe/m_msg_len_o_reg[9]/Q
                         net (fo=2, routed)           0.082     3.806    itch_zcu106_system_i/network_ingress_top_0/inst/ingress_top_inst/u_realign/len_fifo_reg_0_15_0_13/DIE1
    SLICE_X61Y172        RAMD32                                       r  itch_zcu106_system_i/network_ingress_top_0/inst/ingress_top_inst/u_realign/len_fifo_reg_0_15_0_13/RAME_D1/I
  -------------------------------------------------------------------    -------------------

                         (clock network_clk_itch_zcu106_system_clk_wiz_0_0 rise edge)
                                                      0.000     0.000 r
    PS8_X0Y0             PS8                          0.000     0.000 r  itch_zcu106_system_i/zynq_ultra_ps_e_0/inst/PS8_i/PLCLK[0]
                         net (fo=1, routed)           0.180     0.180    itch_zcu106_system_i/zynq_ultra_ps_e_0/inst/pl_clk_unbuffered[0]
    BUFG_PS_X0Y85        BUFG_PS (Prop_BUFG_PS_I_O)
                                                      0.028     0.208 r  itch_zcu106_system_i/zynq_ultra_ps_e_0/inst/buffer_pl_clk_0.PL_CLK_0_BUFG/O
                         net (fo=1, routed)           1.664     1.872    itch_zcu106_system_i/clk_wiz_0/inst/clk_in1
    MMCM_X1Y2            MMCME4_ADV (Prop_MMCM_CLKIN1_CLKOUT2)
                                                     -0.127     1.745 r  itch_zcu106_system_i/clk_wiz_0/inst/mmcme4_adv_inst/CLKOUT2
                         net (fo=1, routed)           0.247     1.992    itch_zcu106_system_i/clk_wiz_0/inst/network_clk_itch_zcu106_system_clk_wiz_0_0
    BUFGCE_X1Y62         BUFGCE (Prop_BUFCE_BUFGCE_I_O)
                                                      0.028     2.020 r  itch_zcu106_system_i/clk_wiz_0/inst/clkout3_buf/O
    X1Y2 (CLOCK_ROOT)    net (fo=973, routed)         1.325     3.345    itch_zcu106_system_i/network_ingress_top_0/inst/ingress_top_inst/u_realign/len_fifo_reg_0_15_0_13/WCLK
    SLICE_X61Y172        RAMD32                                       r  itch_zcu106_system_i/network_ingress_top_0/inst/ingress_top_inst/u_realign/len_fifo_reg_0_15_0_13/RAME_D1/CLK
                         clock pessimism              0.379     3.724
    SLICE_X61Y172        RAMD32 (Hold_E6LUT_SLICEM_CLK_I)
                                                      0.060     3.784    itch_zcu106_system_i/network_ingress_top_0/inst/ingress_top_inst/u_realign/len_fifo_reg_0_15_0_13/RAME_D1
  -------------------------------------------------------------------
                         required time                         -3.784
                         arrival time                           3.806
  -------------------------------------------------------------------
                         slack                                  0.022





Pulse Width Checks
--------------------------------------------------------------------------------------
Clock Name:         network_clk_itch_zcu106_system_clk_wiz_0_0
Waveform(ns):       { 0.000 3.214 }
Period(ns):         6.429
Sources:            { itch_zcu106_system_i/clk_wiz_0/inst/mmcme4_adv_inst/CLKOUT2 }

Check Type        Corner  Lib Pin     Reference Pin  Required(ns)  Actual(ns)  Slack(ns)  Location       Pin
Min Period        n/a     BUFGCE/I    n/a            1.290         6.429       5.139      BUFGCE_X1Y62   itch_zcu106_system_i/clk_wiz_0/inst/clkout3_buf/I
Low Pulse Width   Slow    RAMD32/CLK  n/a            0.532         3.214       2.682      SLICE_X64Y193  itch_zcu106_system_i/axis_clock_converter_0/inst/gen_async_conv.axisc_async_clock_converter_0/xpm_fifo_async_inst/gnuram_async_fifo.xpm_fifo_base_inst/gen_sdpram.xpm_memory_base_inst/gen_wr_a.gen_word_narrow.mem_reg_0_31_0_13/RAMA/CLK
High Pulse Width  Slow    RAMD32/CLK  n/a            0.532         3.214       2.682      SLICE_X64Y193  itch_zcu106_system_i/axis_clock_converter_0/inst/gen_async_conv.axisc_async_clock_converter_0/xpm_fifo_async_inst/gnuram_async_fifo.xpm_fifo_base_inst/gen_sdpram.xpm_memory_base_inst/gen_wr_a.gen_word_narrow.mem_reg_0_31_0_13/RAMA/CLK



---------------------------------------------------------------------------------------------------
From Clock:  data_clk_itch_zcu106_system_clk_wiz_0_0
  To Clock:  bram_clk_itch_zcu106_system_clk_wiz_0_0

Setup :            0  Failing Endpoints,  Worst Slack        0.163ns,  Total Violation        0.000ns
Hold  :            0  Failing Endpoints,  Worst Slack        0.049ns,  Total Violation        0.000ns
---------------------------------------------------------------------------------------------------


Max Delay Paths
--------------------------------------------------------------------------------------
Slack (MET) :             0.163ns  (required time - arrival time)
  Source:                 itch_zcu106_system_i/order_book_top_0/inst/ob_stock0/update_read_book_block/latched_rdata_o_reg[shares][2]/C
                            (rising edge-triggered cell FDRE clocked by data_clk_itch_zcu106_system_clk_wiz_0_0  {rise@0.000ns fall@5.000ns period=10.000ns})
  Destination:            itch_zcu106_system_i/order_book_top_0/inst/ob_stock0/bid_chunks/bram_reg_bram_0/DINADIN[8]
                            (rising edge-triggered cell RAMB36E2 clocked by bram_clk_itch_zcu106_system_clk_wiz_0_0  {rise@0.000ns fall@2.500ns period=5.000ns})
  Path Group:             bram_clk_itch_zcu106_system_clk_wiz_0_0
  Path Type:              Setup (Max at Slow Process Corner)
  Requirement:            5.000ns  (bram_clk_itch_zcu106_system_clk_wiz_0_0 rise@5.000ns - data_clk_itch_zcu106_system_clk_wiz_0_0 rise@0.000ns)
  Data Path Delay:        4.370ns  (logic 0.842ns (19.269%)  route 3.528ns (80.731%))
  Logic Levels:           8  (CARRY8=2 LUT2=2 LUT5=1 LUT6=3)
  Clock Path Skew:        -0.024ns (DCD - SCD + CPR)
    Destination Clock Delay (DCD):    3.853ns = ( 8.853 - 5.000 )
    Source Clock Delay      (SCD):    3.336ns
    Clock Pessimism Removal (CPR):    -0.541ns
  Clock Uncertainty:      0.182ns  ((TSJ^2 + DJ^2)^1/2) / 2 + PE
    Total System Jitter     (TSJ):    0.071ns
    Discrete Jitter          (DJ):    0.101ns
    Phase Error              (PE):    0.120ns
  Clock Net Delay (Source):      1.312ns (routing 0.171ns, distribution 1.141ns)
  Clock Net Delay (Destination): 1.327ns (routing 0.155ns, distribution 1.172ns)

    Location             Delay type                Incr(ns)  Path(ns)    Netlist Resource(s)
  -------------------------------------------------------------------    -------------------
                         (clock data_clk_itch_zcu106_system_clk_wiz_0_0 rise edge)
                                                      0.000     0.000 r
    PS8_X0Y0             PS8                          0.000     0.000 r  itch_zcu106_system_i/zynq_ultra_ps_e_0/inst/PS8_i/PLCLK[0]
                         net (fo=1, routed)           0.180     0.180    itch_zcu106_system_i/zynq_ultra_ps_e_0/inst/pl_clk_unbuffered[0]
    BUFG_PS_X0Y85        BUFG_PS (Prop_BUFG_PS_I_O)
                                                      0.028     0.208 r  itch_zcu106_system_i/zynq_ultra_ps_e_0/inst/buffer_pl_clk_0.PL_CLK_0_BUFG/O
                         net (fo=1, routed)           1.664     1.872    itch_zcu106_system_i/clk_wiz_0/inst/clk_in1
    MMCM_X1Y2            MMCME4_ADV (Prop_MMCM_CLKIN1_CLKOUT1)
                                                     -0.127     1.745 r  itch_zcu106_system_i/clk_wiz_0/inst/mmcme4_adv_inst/CLKOUT1
                         net (fo=1, routed)           0.251     1.996    itch_zcu106_system_i/clk_wiz_0/inst/data_clk_itch_zcu106_system_clk_wiz_0_0
    BUFGCE_X1Y70         BUFGCE (Prop_BUFCE_BUFGCE_I_O)
                                                      0.028     2.024 r  itch_zcu106_system_i/clk_wiz_0/inst/clkout2_buf/O
    X2Y2 (CLOCK_ROOT)    net (fo=40062, routed)       1.312     3.336    itch_zcu106_system_i/order_book_top_0/inst/ob_stock0/update_read_book_block/clk
    SLICE_X66Y226        FDRE                                         r  itch_zcu106_system_i/order_book_top_0/inst/ob_stock0/update_read_book_block/latched_rdata_o_reg[shares][2]/C
  -------------------------------------------------------------------    -------------------
    SLICE_X66Y226        FDRE (Prop_EFF_SLICEL_C_Q)
                                                      0.079     3.415 r  itch_zcu106_system_i/order_book_top_0/inst/ob_stock0/update_read_book_block/latched_rdata_o_reg[shares][2]/Q
                         net (fo=37, routed)          0.821     4.236    itch_zcu106_system_i/order_book_top_0/inst/ob_stock0/update_read_book_block/latched_rdata_i[shares][2]
    SLICE_X71Y184        LUT6 (Prop_A6LUT_SLICEM_I4_O)
                                                      0.053     4.289 r  itch_zcu106_system_i/order_book_top_0/inst/ob_stock0/update_read_book_block/bram_reg_bram_0_i_811/O
                         net (fo=1, routed)           0.013     4.302    itch_zcu106_system_i/order_book_top_0/inst/ob_stock0/update_read_book_block/bram_reg_bram_0_i_811_n_0
    SLICE_X71Y184        CARRY8 (Prop_CARRY8_SLICEM_S[0]_CO[7])
                                                      0.192     4.494 f  itch_zcu106_system_i/order_book_top_0/inst/ob_stock0/update_read_book_block/bram_reg_bram_0_i_527/CO[7]
                         net (fo=1, routed)           0.026     4.520    itch_zcu106_system_i/order_book_top_0/inst/ob_stock0/update_read_book_block/bram_reg_bram_0_i_527_n_0
    SLICE_X71Y185        CARRY8 (Prop_CARRY8_SLICEM_CI_CO[2])
                                                      0.057     4.577 f  itch_zcu106_system_i/order_book_top_0/inst/ob_stock0/update_read_book_block/bram_reg_bram_0_i_333/CO[2]
                         net (fo=1, routed)           0.330     4.907    itch_zcu106_system_i/order_book_top_0/inst/ob_stock0/update_read_book_block/update_write_block/level_depleted_w00_out
    SLICE_X75Y183        LUT5 (Prop_B6LUT_SLICEL_I4_O)
                                                      0.051     4.958 f  itch_zcu106_system_i/order_book_top_0/inst/ob_stock0/update_read_book_block/bram_reg_bram_0_i_252/O
                         net (fo=4, routed)           0.431     5.388    itch_zcu106_system_i/order_book_top_0/inst/ob_stock0/update_read_book_block/chunk_we_5
    SLICE_X94Y183        LUT2 (Prop_D6LUT_SLICEM_I0_O)
                                                      0.051     5.439 r  itch_zcu106_system_i/order_book_top_0/inst/ob_stock0/update_read_book_block/bram_reg_bram_0_i_517/O
                         net (fo=1, routed)           0.045     5.484    itch_zcu106_system_i/order_book_top_0/inst/ob_stock0/update_read_book_block/bram_reg_bram_0_i_517_n_0
    SLICE_X94Y183        LUT6 (Prop_H6LUT_SLICEM_I2_O)
                                                      0.101     5.585 f  itch_zcu106_system_i/order_book_top_0/inst/ob_stock0/update_read_book_block/bram_reg_bram_0_i_323/O
                         net (fo=65, routed)          0.333     5.919    itch_zcu106_system_i/order_book_top_0/inst/ob_stock0/update_read_book_block/bram_reg_bram_0_i_323_n_0
    SLICE_X96Y191        LUT2 (Prop_D5LUT_SLICEM_I1_O)
                                                      0.135     6.054 r  itch_zcu106_system_i/order_book_top_0/inst/ob_stock0/update_read_book_block/bram_reg_bram_0_i_95__1/O
                         net (fo=142, routed)         0.793     6.847    itch_zcu106_system_i/order_book_top_0/inst/ob_stock0/update_read_book_block/bram_reg_bram_0_i_95__1_n_0
    SLICE_X102Y202       LUT6 (Prop_G6LUT_SLICEL_I1_O)
                                                      0.123     6.970 r  itch_zcu106_system_i/order_book_top_0/inst/ob_stock0/update_read_book_block/bram_reg_bram_0_i_42__4/O
                         net (fo=1, routed)           0.736     7.706    itch_zcu106_system_i/order_book_top_0/inst/ob_stock0/bid_chunks/bram_data_b[8]
    RAMB36_X4Y40         RAMB36E2                                     r  itch_zcu106_system_i/order_book_top_0/inst/ob_stock0/bid_chunks/bram_reg_bram_0/DINADIN[8]
  -------------------------------------------------------------------    -------------------

                         (clock bram_clk_itch_zcu106_system_clk_wiz_0_0 rise edge)
                                                      5.000     5.000 r
    PS8_X0Y0             PS8                          0.000     5.000 r  itch_zcu106_system_i/zynq_ultra_ps_e_0/inst/PS8_i/PLCLK[0]
                         net (fo=1, routed)           0.143     5.143    itch_zcu106_system_i/zynq_ultra_ps_e_0/inst/pl_clk_unbuffered[0]
    BUFG_PS_X0Y85        BUFG_PS (Prop_BUFG_PS_I_O)
                                                      0.025     5.168 r  itch_zcu106_system_i/zynq_ultra_ps_e_0/inst/buffer_pl_clk_0.PL_CLK_0_BUFG/O
                         net (fo=1, routed)           1.488     6.656    itch_zcu106_system_i/clk_wiz_0/inst/clk_in1
    MMCM_X1Y2            MMCME4_ADV (Prop_MMCM_CLKIN1_CLKOUT0)
                                                      0.630     7.286 r  itch_zcu106_system_i/clk_wiz_0/inst/mmcme4_adv_inst/CLKOUT0
                         net (fo=1, routed)           0.216     7.502    itch_zcu106_system_i/clk_wiz_0/inst/bram_clk_itch_zcu106_system_clk_wiz_0_0
    BUFGCE_X1Y59         BUFGCE (Prop_BUFCE_BUFGCE_I_O)
                                                      0.024     7.526 r  itch_zcu106_system_i/clk_wiz_0/inst/clkout1_buf/O
    X2Y2 (CLOCK_ROOT)    net (fo=2910, routed)        1.327     8.853    itch_zcu106_system_i/order_book_top_0/inst/ob_stock0/bid_chunks/bram_clk
    RAMB36_X4Y40         RAMB36E2                                     r  itch_zcu106_system_i/order_book_top_0/inst/ob_stock0/bid_chunks/bram_reg_bram_0/CLKARDCLK
                         clock pessimism             -0.541     8.312
                         clock uncertainty           -0.182     8.130
    RAMB36_X4Y40         RAMB36E2 (Setup_RAMB36E2_RAMB36_CLKARDCLK_DINADIN[8])
                                                     -0.261     7.869    itch_zcu106_system_i/order_book_top_0/inst/ob_stock0/bid_chunks/bram_reg_bram_0
  -------------------------------------------------------------------
                         required time                          7.869
                         arrival time                          -7.706
  -------------------------------------------------------------------
                         slack                                  0.163





Min Delay Paths
--------------------------------------------------------------------------------------
Slack (MET) :             0.049ns  (arrival time - required time)
  Source:                 itch_zcu106_system_i/order_book_top_0/inst/ob_stock0/update_read_book_block/latched_read_bucket_o_reg[2][orn][21]/C
                            (rising edge-triggered cell FDRE clocked by data_clk_itch_zcu106_system_clk_wiz_0_0  {rise@0.000ns fall@5.000ns period=10.000ns})
  Destination:            itch_zcu106_system_i/order_book_top_0/inst/ob_stock0/order_table/bram_reg_bram_9/DINBDIN[25]
                            (rising edge-triggered cell RAMB36E2 clocked by bram_clk_itch_zcu106_system_clk_wiz_0_0  {rise@0.000ns fall@2.500ns period=5.000ns})
  Path Group:             bram_clk_itch_zcu106_system_clk_wiz_0_0
  Path Type:              Hold (Min at Fast Process Corner)
  Requirement:            0.000ns  (bram_clk_itch_zcu106_system_clk_wiz_0_0 rise@0.000ns - data_clk_itch_zcu106_system_clk_wiz_0_0 rise@0.000ns)
  Data Path Delay:        0.429ns  (logic 0.098ns (22.844%)  route 0.331ns (77.156%))
  Logic Levels:           1  (LUT5=1)
  Clock Path Skew:        0.203ns (DCD - SCD - CPR)
    Destination Clock Delay (DCD):    2.081ns
    Source Clock Delay      (SCD):    2.259ns
    Clock Pessimism Removal (CPR):    -0.380ns
  Clock Uncertainty:      0.182ns  ((TSJ^2 + DJ^2)^1/2) / 2 + PE
    Total System Jitter     (TSJ):    0.071ns
    Discrete Jitter          (DJ):    0.101ns
    Phase Error              (PE):    0.120ns
  Clock Net Delay (Source):      0.816ns (routing 0.096ns, distribution 0.720ns)
  Clock Net Delay (Destination): 0.999ns (routing 0.108ns, distribution 0.891ns)

    Location             Delay type                Incr(ns)  Path(ns)    Netlist Resource(s)
  -------------------------------------------------------------------    -------------------
                         (clock data_clk_itch_zcu106_system_clk_wiz_0_0 rise edge)
                                                      0.000     0.000 r
    PS8_X0Y0             PS8                          0.000     0.000 r  itch_zcu106_system_i/zynq_ultra_ps_e_0/inst/PS8_i/PLCLK[0]
                         net (fo=1, routed)           0.122     0.122    itch_zcu106_system_i/zynq_ultra_ps_e_0/inst/pl_clk_unbuffered[0]
    BUFG_PS_X0Y85        BUFG_PS (Prop_BUFG_PS_I_O)
                                                      0.017     0.139 r  itch_zcu106_system_i/zynq_ultra_ps_e_0/inst/buffer_pl_clk_0.PL_CLK_0_BUFG/O
                         net (fo=1, routed)           0.908     1.047    itch_zcu106_system_i/clk_wiz_0/inst/clk_in1
    MMCM_X1Y2            MMCME4_ADV (Prop_MMCM_CLKIN1_CLKOUT1)
                                                      0.230     1.277 r  itch_zcu106_system_i/clk_wiz_0/inst/mmcme4_adv_inst/CLKOUT1
                         net (fo=1, routed)           0.149     1.426    itch_zcu106_system_i/clk_wiz_0/inst/data_clk_itch_zcu106_system_clk_wiz_0_0
    BUFGCE_X1Y70         BUFGCE (Prop_BUFCE_BUFGCE_I_O)
                                                      0.017     1.443 r  itch_zcu106_system_i/clk_wiz_0/inst/clkout2_buf/O
    X2Y2 (CLOCK_ROOT)    net (fo=40062, routed)       0.816     2.259    itch_zcu106_system_i/order_book_top_0/inst/ob_stock0/update_read_book_block/clk
    SLICE_X98Y347        FDRE                                         r  itch_zcu106_system_i/order_book_top_0/inst/ob_stock0/update_read_book_block/latched_read_bucket_o_reg[2][orn][21]/C
  -------------------------------------------------------------------    -------------------
    SLICE_X98Y347        FDRE (Prop_CFF_SLICEL_C_Q)
                                                      0.039     2.298 r  itch_zcu106_system_i/order_book_top_0/inst/ob_stock0/update_read_book_block/latched_read_bucket_o_reg[2][orn][21]/Q
                         net (fo=1, routed)           0.103     2.401    itch_zcu106_system_i/order_book_top_0/inst/ob_stock0/order_table/UPDATERDBK_UPDATEWR_read_bucket[2][orn][21]
    SLICE_X98Y347        LUT5 (Prop_E6LUT_SLICEL_I2_O)
                                                      0.059     2.460 r  itch_zcu106_system_i/order_book_top_0/inst/ob_stock0/order_table/bram_reg_bram_9_i_39/O
                         net (fo=1, routed)           0.228     2.688    itch_zcu106_system_i/order_book_top_0/inst/ob_stock0/order_table/bram_data_a[349]
    RAMB36_X3Y69         RAMB36E2                                     r  itch_zcu106_system_i/order_book_top_0/inst/ob_stock0/order_table/bram_reg_bram_9/DINBDIN[25]
  -------------------------------------------------------------------    -------------------

                         (clock bram_clk_itch_zcu106_system_clk_wiz_0_0 rise edge)
                                                      0.000     0.000 r
    PS8_X0Y0             PS8                          0.000     0.000 r  itch_zcu106_system_i/zynq_ultra_ps_e_0/inst/PS8_i/PLCLK[0]
                         net (fo=1, routed)           0.154     0.154    itch_zcu106_system_i/zynq_ultra_ps_e_0/inst/pl_clk_unbuffered[0]
    BUFG_PS_X0Y85        BUFG_PS (Prop_BUFG_PS_I_O)
                                                      0.018     0.172 r  itch_zcu106_system_i/zynq_ultra_ps_e_0/inst/buffer_pl_clk_0.PL_CLK_0_BUFG/O
                         net (fo=1, routed)           1.020     1.192    itch_zcu106_system_i/clk_wiz_0/inst/clk_in1
    MMCM_X1Y2            MMCME4_ADV (Prop_MMCM_CLKIN1_CLKOUT0)
                                                     -0.295     0.897 r  itch_zcu106_system_i/clk_wiz_0/inst/mmcme4_adv_inst/CLKOUT0
                         net (fo=1, routed)           0.166     1.063    itch_zcu106_system_i/clk_wiz_0/inst/bram_clk_itch_zcu106_system_clk_wiz_0_0
    BUFGCE_X1Y59         BUFGCE (Prop_BUFCE_BUFGCE_I_O)
                                                      0.019     1.082 r  itch_zcu106_system_i/clk_wiz_0/inst/clkout1_buf/O
    X2Y2 (CLOCK_ROOT)    net (fo=2910, routed)        0.999     2.081    itch_zcu106_system_i/order_book_top_0/inst/ob_stock0/order_table/bram_clk
    RAMB36_X3Y69         RAMB36E2                                     r  itch_zcu106_system_i/order_book_top_0/inst/ob_stock0/order_table/bram_reg_bram_9/CLKBWRCLK
                         clock pessimism              0.380     2.461
                         clock uncertainty            0.182     2.643
    RAMB36_X3Y69         RAMB36E2 (Hold_RAMB36E2_RAMB36_CLKBWRCLK_DINBDIN[25])
                                                     -0.005     2.638    itch_zcu106_system_i/order_book_top_0/inst/ob_stock0/order_table/bram_reg_bram_9
  -------------------------------------------------------------------
                         required time                         -2.638
                         arrival time                           2.688
  -------------------------------------------------------------------
                         slack                                  0.049





---------------------------------------------------------------------------------------------------
From Clock:  bram_clk_itch_zcu106_system_clk_wiz_0_0
  To Clock:  data_clk_itch_zcu106_system_clk_wiz_0_0

Setup :            0  Failing Endpoints,  Worst Slack        0.089ns,  Total Violation        0.000ns
Hold  :            0  Failing Endpoints,  Worst Slack        0.031ns,  Total Violation        0.000ns
---------------------------------------------------------------------------------------------------


Max Delay Paths
--------------------------------------------------------------------------------------
Slack (MET) :             0.089ns  (required time - arrival time)
  Source:                 itch_zcu106_system_i/order_book_top_0/inst/ob_stock0/order_table/bram_reg_bram_2/CLKBWRCLK
                            (rising edge-triggered cell RAMB36E2 clocked by bram_clk_itch_zcu106_system_clk_wiz_0_0  {rise@0.000ns fall@2.500ns period=5.000ns})
  Destination:            itch_zcu106_system_i/order_book_top_0/inst/ob_stock0/idx_search_block/stage_valid_o_reg/D
                            (rising edge-triggered cell FDRE clocked by data_clk_itch_zcu106_system_clk_wiz_0_0  {rise@0.000ns fall@5.000ns period=10.000ns})
  Path Group:             data_clk_itch_zcu106_system_clk_wiz_0_0
  Path Type:              Setup (Max at Slow Process Corner)
  Requirement:            5.000ns  (data_clk_itch_zcu106_system_clk_wiz_0_0 rise@10.000ns - bram_clk_itch_zcu106_system_clk_wiz_0_0 rise@5.000ns)
  Data Path Delay:        4.372ns  (logic 1.489ns (34.056%)  route 2.883ns (65.944%))
  Logic Levels:           7  (CARRY8=2 LUT3=1 LUT5=2 LUT6=2)
  Clock Path Skew:        -0.382ns (DCD - SCD + CPR)
    Destination Clock Delay (DCD):    3.790ns = ( 13.790 - 10.000 )
    Source Clock Delay      (SCD):    3.631ns = ( 8.631 - 5.000 )
    Clock Pessimism Removal (CPR):    -0.541ns
  Clock Uncertainty:      0.182ns  ((TSJ^2 + DJ^2)^1/2) / 2 + PE
    Total System Jitter     (TSJ):    0.071ns
    Discrete Jitter          (DJ):    0.101ns
    Phase Error              (PE):    0.120ns
  Clock Net Delay (Source):      1.613ns (routing 0.171ns, distribution 1.442ns)
  Clock Net Delay (Destination): 1.260ns (routing 0.155ns, distribution 1.105ns)

    Location             Delay type                Incr(ns)  Path(ns)    Netlist Resource(s)
  -------------------------------------------------------------------    -------------------
                         (clock bram_clk_itch_zcu106_system_clk_wiz_0_0 rise edge)
                                                      5.000     5.000 r
    PS8_X0Y0             PS8                          0.000     5.000 r  itch_zcu106_system_i/zynq_ultra_ps_e_0/inst/PS8_i/PLCLK[0]
                         net (fo=1, routed)           0.180     5.180    itch_zcu106_system_i/zynq_ultra_ps_e_0/inst/pl_clk_unbuffered[0]
    BUFG_PS_X0Y85        BUFG_PS (Prop_BUFG_PS_I_O)
                                                      0.028     5.208 r  itch_zcu106_system_i/zynq_ultra_ps_e_0/inst/buffer_pl_clk_0.PL_CLK_0_BUFG/O
                         net (fo=1, routed)           1.664     6.872    itch_zcu106_system_i/clk_wiz_0/inst/clk_in1
    MMCM_X1Y2            MMCME4_ADV (Prop_MMCM_CLKIN1_CLKOUT0)
                                                     -0.127     6.745 r  itch_zcu106_system_i/clk_wiz_0/inst/mmcme4_adv_inst/CLKOUT0
                         net (fo=1, routed)           0.245     6.990    itch_zcu106_system_i/clk_wiz_0/inst/bram_clk_itch_zcu106_system_clk_wiz_0_0
    BUFGCE_X1Y59         BUFGCE (Prop_BUFCE_BUFGCE_I_O)
                                                      0.028     7.018 r  itch_zcu106_system_i/clk_wiz_0/inst/clkout1_buf/O
    X2Y2 (CLOCK_ROOT)    net (fo=2910, routed)        1.613     8.631    itch_zcu106_system_i/order_book_top_0/inst/ob_stock0/order_table/bram_clk
    RAMB36_X1Y70         RAMB36E2                                     r  itch_zcu106_system_i/order_book_top_0/inst/ob_stock0/order_table/bram_reg_bram_2/CLKBWRCLK
  -------------------------------------------------------------------    -------------------
    RAMB36_X1Y70         RAMB36E2 (Prop_RAMB36E2_RAMB36_CLKBWRCLK_DOUTBDOUT[28])
                                                      0.852     9.483 r  itch_zcu106_system_i/order_book_top_0/inst/ob_stock0/order_table/bram_reg_bram_2/DOUTBDOUT[28]
                         net (fo=2, routed)           0.724    10.207    itch_zcu106_system_i/order_book_top_0/inst/ob_stock0/order_table/bram_reg_bram_2_1[28]
    SLICE_X63Y343        LUT3 (Prop_D5LUT_SLICEM_I0_O)
                                                      0.066    10.273 r  itch_zcu106_system_i/order_book_top_0/inst/ob_stock0/order_table/latched_read_bucket_o_reg[0][orn][34]_srl2___inst_ob_stock0_idx_req_block_latched_base_price_o_reg_r_i_1/O
                         net (fo=2, routed)           1.062    11.335    itch_zcu106_system_i/order_book_top_0/inst/ob_stock0/idx_req_block/ot_dout_a[0][orn]_0[34]
    SLICE_X93Y340        LUT6 (Prop_D6LUT_SLICEM_I3_O)
                                                      0.037    11.372 r  itch_zcu106_system_i/order_book_top_0/inst/ob_stock0/idx_req_block/stage_valid_o5_carry__0_i_5/O
                         net (fo=1, routed)           0.025    11.397    itch_zcu106_system_i/order_book_top_0/inst/ob_stock0/idx_search_block/stage_valid_o5_carry__1_0[3]
    SLICE_X93Y340        CARRY8 (Prop_CARRY8_SLICEM_S[3]_CO[7])
                                                      0.163    11.560 r  itch_zcu106_system_i/order_book_top_0/inst/ob_stock0/idx_search_block/stage_valid_o5_carry__0/CO[7]
                         net (fo=1, routed)           0.026    11.586    itch_zcu106_system_i/order_book_top_0/inst/ob_stock0/idx_search_block/stage_valid_o5_carry__0_n_0
    SLICE_X93Y341        CARRY8 (Prop_CARRY8_SLICEM_CI_CO[5])
                                                      0.077    11.663 r  itch_zcu106_system_i/order_book_top_0/inst/ob_stock0/idx_search_block/stage_valid_o5_carry__1/CO[5]
                         net (fo=3, routed)           0.340    12.003    itch_zcu106_system_i/order_book_top_0/inst/ob_stock0/order_table/CO[0]
    SLICE_X95Y336        LUT5 (Prop_D5LUT_SLICEL_I4_O)
                                                      0.066    12.069 f  itch_zcu106_system_i/order_book_top_0/inst/ob_stock0/order_table/stage_valid_o_i_3/O
                         net (fo=2, routed)           0.224    12.292    itch_zcu106_system_i/order_book_top_0/inst/ob_stock0/order_table/bram_reg_bram_0_2
    SLICE_X95Y336        LUT6 (Prop_F6LUT_SLICEL_I5_O)
                                                      0.089    12.381 r  itch_zcu106_system_i/order_book_top_0/inst/ob_stock0/order_table/stage_valid_o_i_2/O
                         net (fo=3, routed)           0.458    12.839    itch_zcu106_system_i/order_book_top_0/inst/ob_stock0/idx_req_block/stage_valid_o_reg_1
    SLICE_X93Y336        LUT5 (Prop_E5LUT_SLICEM_I2_O)
                                                      0.139    12.978 r  itch_zcu106_system_i/order_book_top_0/inst/ob_stock0/idx_req_block/stage_valid_o_i_1/O
                         net (fo=1, routed)           0.025    13.003    itch_zcu106_system_i/order_book_top_0/inst/ob_stock0/idx_search_block/stage_valid_o_reg_0
    SLICE_X93Y336        FDRE                                         r  itch_zcu106_system_i/order_book_top_0/inst/ob_stock0/idx_search_block/stage_valid_o_reg/D
  -------------------------------------------------------------------    -------------------

                         (clock data_clk_itch_zcu106_system_clk_wiz_0_0 rise edge)
                                                     10.000    10.000 r
    PS8_X0Y0             PS8                          0.000    10.000 r  itch_zcu106_system_i/zynq_ultra_ps_e_0/inst/PS8_i/PLCLK[0]
                         net (fo=1, routed)           0.143    10.143    itch_zcu106_system_i/zynq_ultra_ps_e_0/inst/pl_clk_unbuffered[0]
    BUFG_PS_X0Y85        BUFG_PS (Prop_BUFG_PS_I_O)
                                                      0.025    10.168 r  itch_zcu106_system_i/zynq_ultra_ps_e_0/inst/buffer_pl_clk_0.PL_CLK_0_BUFG/O
                         net (fo=1, routed)           1.488    11.656    itch_zcu106_system_i/clk_wiz_0/inst/clk_in1
    MMCM_X1Y2            MMCME4_ADV (Prop_MMCM_CLKIN1_CLKOUT1)
                                                      0.630    12.286 r  itch_zcu106_system_i/clk_wiz_0/inst/mmcme4_adv_inst/CLKOUT1
                         net (fo=1, routed)           0.220    12.506    itch_zcu106_system_i/clk_wiz_0/inst/data_clk_itch_zcu106_system_clk_wiz_0_0
    BUFGCE_X1Y70         BUFGCE (Prop_BUFCE_BUFGCE_I_O)
                                                      0.024    12.530 r  itch_zcu106_system_i/clk_wiz_0/inst/clkout2_buf/O
    X2Y2 (CLOCK_ROOT)    net (fo=40062, routed)       1.260    13.790    itch_zcu106_system_i/order_book_top_0/inst/ob_stock0/idx_search_block/clk
    SLICE_X93Y336        FDRE                                         r  itch_zcu106_system_i/order_book_top_0/inst/ob_stock0/idx_search_block/stage_valid_o_reg/C
                         clock pessimism             -0.541    13.249
                         clock uncertainty           -0.182    13.067
    SLICE_X93Y336        FDRE (Setup_EFF2_SLICEM_C_D)
                                                      0.025    13.092    itch_zcu106_system_i/order_book_top_0/inst/ob_stock0/idx_search_block/stage_valid_o_reg
  -------------------------------------------------------------------
                         required time                         13.092
                         arrival time                         -13.003
  -------------------------------------------------------------------
                         slack                                  0.089





Min Delay Paths
--------------------------------------------------------------------------------------
Slack (MET) :             0.031ns  (arrival time - required time)
  Source:                 itch_zcu106_system_i/order_book_top_0/inst/ob_stock0/ask_chunks/bram_reg_bram_1/CLKARDCLK
                            (rising edge-triggered cell RAMB36E2 clocked by bram_clk_itch_zcu106_system_clk_wiz_0_0  {rise@0.000ns fall@2.500ns period=5.000ns})
  Destination:            itch_zcu106_system_i/order_book_top_0/inst/ob_stock0/q_ask_chunk_b_reg[52]/D
                            (rising edge-triggered cell FDRE clocked by data_clk_itch_zcu106_system_clk_wiz_0_0  {rise@0.000ns fall@5.000ns period=10.000ns})
  Path Group:             data_clk_itch_zcu106_system_clk_wiz_0_0
  Path Type:              Hold (Min at Fast Process Corner)
  Requirement:            0.000ns  (data_clk_itch_zcu106_system_clk_wiz_0_0 rise@0.000ns - bram_clk_itch_zcu106_system_clk_wiz_0_0 rise@0.000ns)
  Data Path Delay:        0.383ns  (logic 0.248ns (64.752%)  route 0.135ns (35.248%))
  Logic Levels:           0
  Clock Path Skew:        0.123ns (DCD - SCD - CPR)
    Destination Clock Delay (DCD):    2.050ns
    Source Clock Delay      (SCD):    2.308ns
    Clock Pessimism Removal (CPR):    -0.380ns
  Clock Uncertainty:      0.182ns  ((TSJ^2 + DJ^2)^1/2) / 2 + PE
    Total System Jitter     (TSJ):    0.071ns
    Discrete Jitter          (DJ):    0.101ns
    Phase Error              (PE):    0.120ns
  Clock Net Delay (Source):      0.868ns (routing 0.096ns, distribution 0.772ns)
  Clock Net Delay (Destination): 0.964ns (routing 0.108ns, distribution 0.856ns)

    Location             Delay type                Incr(ns)  Path(ns)    Netlist Resource(s)
  -------------------------------------------------------------------    -------------------
                         (clock bram_clk_itch_zcu106_system_clk_wiz_0_0 rise edge)
                                                      0.000     0.000 r
    PS8_X0Y0             PS8                          0.000     0.000 r  itch_zcu106_system_i/zynq_ultra_ps_e_0/inst/PS8_i/PLCLK[0]
                         net (fo=1, routed)           0.122     0.122    itch_zcu106_system_i/zynq_ultra_ps_e_0/inst/pl_clk_unbuffered[0]
    BUFG_PS_X0Y85        BUFG_PS (Prop_BUFG_PS_I_O)
                                                      0.017     0.139 r  itch_zcu106_system_i/zynq_ultra_ps_e_0/inst/buffer_pl_clk_0.PL_CLK_0_BUFG/O
                         net (fo=1, routed)           0.908     1.047    itch_zcu106_system_i/clk_wiz_0/inst/clk_in1
    MMCM_X1Y2            MMCME4_ADV (Prop_MMCM_CLKIN1_CLKOUT0)
                                                      0.230     1.277 r  itch_zcu106_system_i/clk_wiz_0/inst/mmcme4_adv_inst/CLKOUT0
                         net (fo=1, routed)           0.146     1.423    itch_zcu106_system_i/clk_wiz_0/inst/bram_clk_itch_zcu106_system_clk_wiz_0_0
    BUFGCE_X1Y59         BUFGCE (Prop_BUFCE_BUFGCE_I_O)
                                                      0.017     1.440 r  itch_zcu106_system_i/clk_wiz_0/inst/clkout1_buf/O
    X2Y2 (CLOCK_ROOT)    net (fo=2910, routed)        0.868     2.308    itch_zcu106_system_i/order_book_top_0/inst/ob_stock0/ask_chunks/bram_clk
    RAMB36_X4Y37         RAMB36E2                                     r  itch_zcu106_system_i/order_book_top_0/inst/ob_stock0/ask_chunks/bram_reg_bram_1/CLKARDCLK
  -------------------------------------------------------------------    -------------------
    RAMB36_X4Y37         RAMB36E2 (Prop_RAMB36E2_RAMB36_CLKARDCLK_DOUTADOUT[16])
                                                      0.248     2.556 r  itch_zcu106_system_i/order_book_top_0/inst/ob_stock0/ask_chunks/bram_reg_bram_1/DOUTADOUT[16]
                         net (fo=1, routed)           0.135     2.691    itch_zcu106_system_i/order_book_top_0/inst/ob_stock0/ask_chunk_b[52]
    SLICE_X102Y185       FDRE                                         r  itch_zcu106_system_i/order_book_top_0/inst/ob_stock0/q_ask_chunk_b_reg[52]/D
  -------------------------------------------------------------------    -------------------

                         (clock data_clk_itch_zcu106_system_clk_wiz_0_0 rise edge)
                                                      0.000     0.000 r
    PS8_X0Y0             PS8                          0.000     0.000 r  itch_zcu106_system_i/zynq_ultra_ps_e_0/inst/PS8_i/PLCLK[0]
                         net (fo=1, routed)           0.154     0.154    itch_zcu106_system_i/zynq_ultra_ps_e_0/inst/pl_clk_unbuffered[0]
    BUFG_PS_X0Y85        BUFG_PS (Prop_BUFG_PS_I_O)
                                                      0.018     0.172 r  itch_zcu106_system_i/zynq_ultra_ps_e_0/inst/buffer_pl_clk_0.PL_CLK_0_BUFG/O
                         net (fo=1, routed)           1.020     1.192    itch_zcu106_system_i/clk_wiz_0/inst/clk_in1
    MMCM_X1Y2            MMCME4_ADV (Prop_MMCM_CLKIN1_CLKOUT1)
                                                     -0.295     0.897 r  itch_zcu106_system_i/clk_wiz_0/inst/mmcme4_adv_inst/CLKOUT1
                         net (fo=1, routed)           0.170     1.067    itch_zcu106_system_i/clk_wiz_0/inst/data_clk_itch_zcu106_system_clk_wiz_0_0
    BUFGCE_X1Y70         BUFGCE (Prop_BUFCE_BUFGCE_I_O)
                                                      0.019     1.086 r  itch_zcu106_system_i/clk_wiz_0/inst/clkout2_buf/O
    X2Y2 (CLOCK_ROOT)    net (fo=40062, routed)       0.964     2.050    itch_zcu106_system_i/order_book_top_0/inst/ob_stock0/clk
    SLICE_X102Y185       FDRE                                         r  itch_zcu106_system_i/order_book_top_0/inst/ob_stock0/q_ask_chunk_b_reg[52]/C
                         clock pessimism              0.380     2.430
                         clock uncertainty            0.182     2.612
    SLICE_X102Y185       FDRE (Hold_EFF2_SLICEL_C_D)
                                                      0.047     2.659    itch_zcu106_system_i/order_book_top_0/inst/ob_stock0/q_ask_chunk_b_reg[52]
  -------------------------------------------------------------------
                         required time                         -2.659
                         arrival time                           2.691
  -------------------------------------------------------------------
                         slack                                  0.031





---------------------------------------------------------------------------------------------------
From Clock:  network_clk_itch_zcu106_system_clk_wiz_0_0
  To Clock:  data_clk_itch_zcu106_system_clk_wiz_0_0

Setup :            0  Failing Endpoints,  Worst Slack        5.121ns,  Total Violation        0.000ns
Hold  :           NA  Failing Endpoints,  Worst Slack           NA  ,  Total Violation           NA
---------------------------------------------------------------------------------------------------


Max Delay Paths
--------------------------------------------------------------------------------------
Slack (MET) :             5.121ns  (required time - arrival time)
  Source:                 itch_zcu106_system_i/axis_clock_converter_0/inst/gen_async_conv.axisc_async_clock_converter_0/xpm_fifo_async_inst/gnuram_async_fifo.xpm_fifo_base_inst/gen_sdpram.xpm_memory_base_inst/gen_wr_a.gen_word_narrow.mem_reg_0_31_0_13/RAMC_D1/CLK
                            (rising edge-triggered cell RAMD32 clocked by network_clk_itch_zcu106_system_clk_wiz_0_0  {rise@0.000ns fall@3.214ns period=6.429ns})
  Destination:            itch_zcu106_system_i/axis_clock_converter_0/inst/gen_async_conv.axisc_async_clock_converter_0/xpm_fifo_async_inst/gnuram_async_fifo.xpm_fifo_base_inst/gen_sdpram.xpm_memory_base_inst/gen_rd_b.gen_rd_b_synth_template.gen_rf_narrow_pipe.doutb_reg_reg[5]/D
                            (rising edge-triggered cell FDRE clocked by data_clk_itch_zcu106_system_clk_wiz_0_0  {rise@0.000ns fall@5.000ns period=10.000ns})
  Path Group:             data_clk_itch_zcu106_system_clk_wiz_0_0
  Path Type:              Setup (Max at Slow Process Corner)
  Requirement:            6.429ns  (MaxDelay Path 6.429ns)
  Data Path Delay:        1.333ns  (logic 0.307ns (23.031%)  route 1.026ns (76.969%))
  Logic Levels:           0
  Timing Exception:       MaxDelay Path 6.429ns -datapath_only

    Location             Delay type                Incr(ns)  Path(ns)    Netlist Resource(s)
  -------------------------------------------------------------------    -------------------
    SLICE_X64Y193                                     0.000     0.000 r  itch_zcu106_system_i/axis_clock_converter_0/inst/gen_async_conv.axisc_async_clock_converter_0/xpm_fifo_async_inst/gnuram_async_fifo.xpm_fifo_base_inst/gen_sdpram.xpm_memory_base_inst/gen_wr_a.gen_word_narrow.mem_reg_0_31_0_13/RAMC_D1/CLK
    SLICE_X64Y193        RAMD32 (Prop_C6LUT_SLICEM_CLK_O)
                                                      0.307     0.307 r  itch_zcu106_system_i/axis_clock_converter_0/inst/gen_async_conv.axisc_async_clock_converter_0/xpm_fifo_async_inst/gnuram_async_fifo.xpm_fifo_base_inst/gen_sdpram.xpm_memory_base_inst/gen_wr_a.gen_word_narrow.mem_reg_0_31_0_13/RAMC_D1/O
                         net (fo=1, routed)           1.026     1.333    itch_zcu106_system_i/axis_clock_converter_0/inst/gen_async_conv.axisc_async_clock_converter_0/xpm_fifo_async_inst/gnuram_async_fifo.xpm_fifo_base_inst/gen_sdpram.xpm_memory_base_inst/gen_rd_b.gen_rd_b_synth_template.gen_rf_narrow_pipe.doutb_reg_reg0[5]
    SLICE_X64Y198        FDRE                                         r  itch_zcu106_system_i/axis_clock_converter_0/inst/gen_async_conv.axisc_async_clock_converter_0/xpm_fifo_async_inst/gnuram_async_fifo.xpm_fifo_base_inst/gen_sdpram.xpm_memory_base_inst/gen_rd_b.gen_rd_b_synth_template.gen_rf_narrow_pipe.doutb_reg_reg[5]/D
  -------------------------------------------------------------------    -------------------

                         max delay                    6.429     6.429
    SLICE_X64Y198        FDRE (Setup_HFF_SLICEM_C_D)
                                                      0.025     6.454    itch_zcu106_system_i/axis_clock_converter_0/inst/gen_async_conv.axisc_async_clock_converter_0/xpm_fifo_async_inst/gnuram_async_fifo.xpm_fifo_base_inst/gen_sdpram.xpm_memory_base_inst/gen_rd_b.gen_rd_b_synth_template.gen_rf_narrow_pipe.doutb_reg_reg[5]
  -------------------------------------------------------------------
                         required time                          6.454
                         arrival time                          -1.333
  -------------------------------------------------------------------
                         slack                                  5.121





---------------------------------------------------------------------------------------------------
From Clock:  data_clk_itch_zcu106_system_clk_wiz_0_0
  To Clock:  network_clk_itch_zcu106_system_clk_wiz_0_0

Setup :            0  Failing Endpoints,  Worst Slack        9.154ns,  Total Violation        0.000ns
Hold  :           NA  Failing Endpoints,  Worst Slack           NA  ,  Total Violation           NA
---------------------------------------------------------------------------------------------------


Max Delay Paths
--------------------------------------------------------------------------------------
Slack (MET) :             9.154ns  (required time - arrival time)
  Source:                 itch_zcu106_system_i/axis_clock_converter_1/inst/gen_async_conv.axisc_async_clock_converter_0/xpm_fifo_async_inst/gnuram_async_fifo.xpm_fifo_base_inst/gen_sdpram.xpm_memory_base_inst/gen_wr_a.gen_word_narrow.mem_reg_0_31_28_36/RAME/CLK
                            (rising edge-triggered cell RAMD32 clocked by data_clk_itch_zcu106_system_clk_wiz_0_0  {rise@0.000ns fall@5.000ns period=10.000ns})
  Destination:            itch_zcu106_system_i/axis_clock_converter_1/inst/gen_async_conv.axisc_async_clock_converter_0/xpm_fifo_async_inst/gnuram_async_fifo.xpm_fifo_base_inst/gen_sdpram.xpm_memory_base_inst/gen_rd_b.gen_rd_b_synth_template.gen_rf_narrow_pipe.doutb_reg_reg[36]/D
                            (rising edge-triggered cell FDRE clocked by network_clk_itch_zcu106_system_clk_wiz_0_0  {rise@0.000ns fall@3.214ns period=6.429ns})
  Path Group:             network_clk_itch_zcu106_system_clk_wiz_0_0
  Path Type:              Setup (Max at Slow Process Corner)
  Requirement:            10.000ns  (MaxDelay Path 10.000ns)
  Data Path Delay:        0.871ns  (logic 0.288ns (33.065%)  route 0.583ns (66.935%))
  Logic Levels:           0
  Timing Exception:       MaxDelay Path 10.000ns -datapath_only

    Location             Delay type                Incr(ns)  Path(ns)    Netlist Resource(s)
  -------------------------------------------------------------------    -------------------
    SLICE_X56Y125                                     0.000     0.000 r  itch_zcu106_system_i/axis_clock_converter_1/inst/gen_async_conv.axisc_async_clock_converter_0/xpm_fifo_async_inst/gnuram_async_fifo.xpm_fifo_base_inst/gen_sdpram.xpm_memory_base_inst/gen_wr_a.gen_word_narrow.mem_reg_0_31_28_36/RAME/CLK
    SLICE_X56Y125        RAMD32 (Prop_E5LUT_SLICEM_CLK_O)
                                                      0.288     0.288 r  itch_zcu106_system_i/axis_clock_converter_1/inst/gen_async_conv.axisc_async_clock_converter_0/xpm_fifo_async_inst/gnuram_async_fifo.xpm_fifo_base_inst/gen_sdpram.xpm_memory_base_inst/gen_wr_a.gen_word_narrow.mem_reg_0_31_28_36/RAME/O
                         net (fo=1, routed)           0.583     0.871    itch_zcu106_system_i/axis_clock_converter_1/inst/gen_async_conv.axisc_async_clock_converter_0/xpm_fifo_async_inst/gnuram_async_fifo.xpm_fifo_base_inst/gen_sdpram.xpm_memory_base_inst/gen_rd_b.gen_rd_b_synth_template.gen_rf_narrow_pipe.doutb_reg_reg0[36]
    SLICE_X56Y137        FDRE                                         r  itch_zcu106_system_i/axis_clock_converter_1/inst/gen_async_conv.axisc_async_clock_converter_0/xpm_fifo_async_inst/gnuram_async_fifo.xpm_fifo_base_inst/gen_sdpram.xpm_memory_base_inst/gen_rd_b.gen_rd_b_synth_template.gen_rf_narrow_pipe.doutb_reg_reg[36]/D
  -------------------------------------------------------------------    -------------------

                         max delay                   10.000    10.000
    SLICE_X56Y137        FDRE (Setup_FFF_SLICEM_C_D)
                                                      0.025    10.025    itch_zcu106_system_i/axis_clock_converter_1/inst/gen_async_conv.axisc_async_clock_converter_0/xpm_fifo_async_inst/gnuram_async_fifo.xpm_fifo_base_inst/gen_sdpram.xpm_memory_base_inst/gen_rd_b.gen_rd_b_synth_template.gen_rf_narrow_pipe.doutb_reg_reg[36]
  -------------------------------------------------------------------
                         required time                         10.025
                         arrival time                          -0.871
  -------------------------------------------------------------------
                         slack                                  9.154
